xj_1501-m02	2026100601	87fbea0d53d69e4b6ba6b14e9567250c959bdb52f0c4bec828328a19d645a580
xj_1503-m02	2026100601	6fc460b95a411baf206c6763bdec610e7e13527e6cb5bc6cf0d4f2ade02f32ab
xj_1505-a01	2026100601	80e26e16175963225e0fa46e5ed594e6f8fd8926722c2e6d297ef924b48e7a95
xj_1505-a02	2026100601	1eed7e4c996b1ae66fbe70fbf4a6267cf2cee1a978b230b02d062a696205917e
xj_1509-m02	2026100601	e97098bee916227d23e7a5b892d832d211cc4ceba7c9a79c5c060b77439ef3af
xj_1515-a01	2026100601	1a826a458450fbec4038e32fde6dcf81414c9290cb2187397ca033be4680d576
xj_1603-a02	2026100601	fdf604b866a6a78b20258773cf41b2ee0e76ce729dc3c762cc6ba2d3874a5c59
xj_1603-a03	2026100601	34ba51fe397a66fcf1baf578091eeab2f7989b7eff07c2ee6ab2f6553a8d8f88
xj_1605-a01	2026100601	457beac209a56c8cf783f5e8058f2e751514931e99915455fbc8a22b13f722f5
xj_1607-a01	2026100601	20eb47f7f4b370e450850ad2238bc4cf87c8ad37a32dc590106a60632bf6f5bf
xj_1701-m01	2026100601	7b542af9b0748090e79a6ec1daa683ccf04795ebec9c5f15c393aeeea1ad1cdc
xj_1703-m01	2026100601	fb6fccae29d2583e8dd153608b6f3ab521454246fa13d5da73c796f8d00f25ef
xj_1707-a01	2026100601	9bed9b6d1efb3bcbaf23e83b0de1190718ecab91ac7b8d26253c89994f28f760
xj_1711-a01	2026100601	9d35188f9d9f77bdd5894c19d76d3d980c0c101763f469deca4c6d88270638eb
xj_1713-a01	2026100601	b17239ac2f487900ed54758042282ed469255a5b36a11efca1ee4c0c1c0ff399
xj_1801-a01	2026100601	2c67926bfdacc3280d5f28939f9b94b9721d1a3b5d1e1bb14bc6ae4ece7e41c3
xj_1801-t0	2026100601	4a16c5237e7ace671771f69f4bea643e845a55cfa53ef8698a51359752e129c6
xj_1802-t0	2026100601	385d22e6ade69f1ed4f3d4819fdda14898a66cfa367edb7989802160d241725f
xj_1803-a01	2026100601	ffa7cf91ab3e1bcfeacf41b4da8ff471981749c7617c12ef7e7f02581f328a58
xj_1807-a01	2026100601	1a7df11f5a086d8effbb1d2434ae9dd0c73b9d84b298d97365c7346feff451bd
xj_1809-a01	2026100601	b0c053cbee6c07b0889821218edeea21d58d191ec407380156a8d02d8020eb83
xj_1812-a0	2026100601	7c63fef40c58a5f988003f4bab74349c4e5c232cf0072440efe5962483e5a7d6
xj_1821-t0	2026100601	d93d20a3c54db2cfd7f1e6aad70e08485613d292bf2f872197ff18cb9a025de3
xj_1822-c0	2026100601	b750976eb9f4425923eb10ef0f65a5b5dd5ea5232e2d8b6fc7b96bfe9c274b02
xj_1831-a0	2026100601	5ec07efb3baf8b39c06f8af2d0c0be944fe764e4db7b540203207b0a553f1988
xj_1832-a0	2026100601	320f74f757cb7247c3fedc96e8c43ac8cdc4b693e4ccb2cb2ba6c76c365064d8
xj_1841-c0	2026100601	c0ab7510dae1950285f74805ffc996979859a58f0bc0ea0b587a1dd698e0510a
xj_1871-a0	2026100601	8492d7d001f513dc04c7229214c65de929eccad694f7249fdaa0cc10da304885
xj_1872-a0	2026100601	8eb5f986138a828387cbfc9831049a1ee25695e4adb633a80d119571933fabed
xj_1873-a0	2026100601	e7b45e71cc185625db754778a8e0ee41d4a9b2c9862cc97dceedd9c7af9be41c
xj_21051191c	2026100601	2b833e56d33e6b1e8e28630caf1332a063addc6e815fa2f47ec319160058797c
xj_2405avpb7c	2026100601	2707a01ca6d2859ad10e79ea4c939201497c8ce517b5cd2edef8cd131e6d27de
xj_7d-501u	2026100601	35abf6b379a25dd2b31d3039658a68a1b9efe51a6a51b6d178cd248435eaf060
xj_8297	2026100601	caf7aef9a38e29b5b53741c5263f78755d4832ec9bdbf8eecfd7facea8d53895
xj_8670	2026100601	e2412443d602ab1c5cc9d1213b29b238ebacf95e0f2d200b871acb94f81ca843
xj_8675-hd	2026100601	0cacfe5446581bca148088fe67a69fa3b606bbf592e93ed30dbec3bb9e7d82f8
xj_8681-m01	2026100601	579b14eab93ae58e11f3aff1683ef874e8b498606bc24a2ac49b928e102c038b
xj_8692-m02	2026100601	9c306eaa5199be0450f9f6f9122e7b0b52e58a8b6aa9f3e1f9c8633bbfbf3ca5
xj_a01core	2026100601	5cf1d06043fcab84eecd4e6b3a3f84c66b3c1d606586fb8c668c5a81517d849f
xj_a01core_2	2026100601	11bc2b0132a67eb7d48fd174035349b17421f6fac40fb39c8ce6944ba512434f
xj_a01q	2026100601	941d7697052ddfcb75e64efd728160a459981583418674c5e31d3eedfd60ab53
xj_a02	2026100601	5b6655756f67ebd96c1160ab5dea3a57738be18ae7d34f740cd2bc7dd72fb8bf
xj_a02_2	2026100601	498471a3bfb07a8eea43c381b4d69547a91cde8f7bab0576d4e8cb546058c9e0
xj_a02_3	2026100601	a265a27993d842971bcf41ea6a730bceb498cf1040a190755cd531114c81ac67
xj_a02q	2026100601	640bc74b168fe1d4635fdeb0c7a7ca70fc9bf3f4372e658e173f118170ef7418
xj_a02q_2	2026100601	c723db2a7fdcd1fabdb08f7aaf460b83554e6df4705e54483677d136374493bf
xj_a02q_3	2026100601	3ef36b4162f263f32ef29241d8832d13c2a6f569196fec76109eeeb7a23919b8
xj_a03	2026100601	c6fbd289d8924c91dfa269fe74349df841eec6a049fe5cab6549440c1bb93eda
xj_a03s	2026100601	2d80b3e9314712e2eb11f851859e8f60eac53d5fdb09424f071d596cc332f780
xj_a03su	2026100601	70678f166622ecbcac4936229bbf6c5547e1664118e740dba3aba9975941f1c6
xj_a04	2026100601	05a58a70f6a06ddf1ffd0bb6c7c3d5431caf0d1a38b9af87d371a80ecbf1dd47
xj_a04e	2026100601	74d3191833b3a22a38b80514b52a7fd6b9b7d70441ff78114fad2d504d227d75
xj_a04s	2026100601	0bde9323765857a8a74d85940579066363978076356a665e5aca026c8dba8511
xj_a05m	2026100601	3de1cb7cb6d11f2be07bcdae4d86251c9798cf8086579e33180a7e344f44cecf
xj_a05m_2	2026100601	86eb6bf31a0bfb9abc35f4ef78b6fc879dc5e97dc95ea1a1f03e8abec35e6289
xj_a05m_3	2026100601	7c04b60cc2f6f7f8ff0f522eb88627e888050b8cf54c08c5e1b777862b90aada
xj_a05s	2026100601	26b9d3bef1473383b2d3e37dbe1a23c0a4dfbcf1230ed4d060755ce4fee8a324
xj_a05s_2	2026100601	0cb7c79b9c008dae3d6473f140e9589887e47a993dad75db33cc2e0a19970603
xj_a05s_3	2026100601	c7851083097da784476d843f2773fac0612a3fd5744ee9c66f5b7c070bdc4330
xj_a06	2026100601	b44a8b32d28953e266e63faf1dcfcd01530d03b1dcb3a9ac84b54c3ff3e52a60
xj_a06x	2026100601	dcf6d4c6718eb75ea19520000a533a466cf74ef9a7f3c8f81c19290d7017bda3
xj_a06x_2	2026100601	875faecf033d52b919828d84af68ed71414a08ff912aebd2d4c0f38200ca6d39
xj_a06x_3	2026100601	0f9dc135df2b3d7cb0280022980de3a28663e1c908c1e1651cce0f9b6ea640c1
xj_a07	2026100601	0dcbe9c2ba8e75e732377f6688357a9e6d7cfde894a92ece30c0673dacc875e0
xj_a07_2	2026100601	b2091c36bec7fd62e17a55510d31fd86fcc9d406f6dd69623aa1998f36e6c5fb
xj_a07_3	2026100601	6e523fef4edb501d52cd1060173a73ac59d2577109f2bb1a556c0a1ca1b2851a
xj_a07ve	2026100601	816a2b4c28cbd2321bab44d44bd2e9520aacea2b3ca2d732b529073774dd58c5
xj_a07x	2026100601	313db75d2d2491536a14c3e6bea881c7890541e45d2ae54268b7b5a9b14e995c
xj_a07x_2	2026100601	22fecbe014b8a2e91823a97bb8acd9620fe8879d4b18ce7759720b7752e1a5d8
xj_a07x_3	2026100601	e8069240aa14462d82bcd16013d7fa8115aa9f75636ae5527ac4d419fc59e5f8
xj_a08	2026100601	96d18fc47ae5c11693eed410091fa5972e5dcc143edcf83d1b4a0e05d2e88328
xj_a08_2	2026100601	3136e2551869624cdc0cc21adab4140dbfb91ba7af8161021df095ae6ca9886e
xj_a08_3	2026100601	3168feedf351aa472efeb88efc3576b90394e996f1988497c69fecd3af70ecf4
xj_a10	2026100601	867ed7616263b24f9f157987c5e0417ffb8befb493bb4179629002c480036351
xj_a10e	2026100601	31f68e22a469e9e4d2ac1e30f422ad6d55b1cab7a3caf97e1bf391b8cd494e15
xj_a10ekx	2026100601	b57e4d1e462c5348853e6301a715ed7b334b9c8ce74a3f620060a4090d726666
xj_a10s	2026100601	184445160fbda952b7d4209933b41d231c2043fe44994ac99bf525908c014cf9
xj_a10s_2	2026100601	105a42c0af179d31512f4ea56442b1f3cb64934768ffe1a34011e691911ae93a
xj_a11q	2026100601	926c075354f100714978b199ea3eddd114ed58cf544e03386e0b5aa3fa48f486
xj_a12	2026100601	a4e158c24114fb84ccf944f4a868e280db2b529f3fb214f405c9dc15c08c036f
xj_a12s	2026100601	1ac0a70076999ea6206022809d01d1f37673221d0214482ebbd3a4b07444e7bb
xj_a12u	2026100601	d9efbceabb2e469dc182f1e7fb1dd1a019378c9be9a92f1efb355e7a8d235824
xj_a13	2026100601	875c65c21ffb55242d0ee0c880c7eeee4c12e0da81dce5630fdadccfe7297f60
xj_a13ve	2026100601	7911b20496dc59a9137a7cd2abfc53651179bae3b414b019bad9430456c5ebd7
xj_a13x	2026100601	8920fd11c0dcfcb26e2ec4c83bde3a001926c3455696e21e655a82004f6b5346
xj_a13x_2	2026100601	f598b23f5515171925bfdd936852559347fd737ed79c6d9b43397d323652f80c
xj_a14m	2026100601	722de3a484cbb431299df7a3acf3ad447eb7158f46e9cf4955357b647f7d92a4
xj_a14x	2026100601	7bb4160131956c59eb8723be2ee520c565a070f14e346336c11c40a08ba19a0f
xj_a14xm	2026100601	0a7217c43fe9a2083013cde948da203213ce99891d763dbbe817590bb058889d
xj_a15	2026100601	62739ad751f0c9847242bf45453a8e2bb4cfcc2bda7443d41c3854d05503515a
xj_a15x	2026100601	103c11124e1cccb2008b3c7903d5176189c796a3bccf7f6cc38c6c539d1b9de9
xj_a16	2026100601	f2f551797be5549434441154203b9e435092abdda5105f17d0fbc8ae1d468b06
xj_a16x	2026100601	32ddbd81c020f0dd9957f723a6cd414372d7e392c6c8aefeb01f43e59e6176d8
xj_a16xm	2026100601	302e366b48a606e924e9432888c0c31f77f934f59ce3b32b6b1780c800e0cb22
xj_a17	2026100601	5dbad524223c51012e92e1004703f7c87e74d1fda0ce9df11e88e2535329d729
xj_a17x	2026100601	8e5461cb45d46d21dcbed2a8417264a24c670794013222940d903ba005b41513
xj_a17x_2	2026100601	86d79d8c1be4cfc951dc7c4e3f0bc97622b877ec4eaa233bf0bb61cb5f3c0391
xj_a17x_3	2026100601	e86e6aa9994ff24a590ed4e3cf3abc67ca193617c62c011bf69d5f9a2d6eb158
xj_a18	2026100601	0770d26b25e0e93661ec8ccbd893b6f0634ed1363d38ef8ddff72030061f37be
xj_a18m	2026100601	d5aa26d3780710100e4bddba4129bcb74c18df1c2bed7e4f7956597952116295
xj_a20	2026100601	1d4f886d02942b03f2dcbc1857e76d5d2ab9af3c81d839d65a318713210c55ec
xj_a20e	2026100601	ef949b9d9cbcd098a863f4aee495fbbf2cc8368ce4a8c16cd29d57c01dc0b5a6
xj_a20p	2026100601	93924234cf166e5a5754b86ece781929e6758e43e000771ca691d730c64059bf
xj_a20s	2026100601	cd8df051cb7a6722f56aad47f03f81c8339c2c40eaee9285fbd5ecb02a7832ce
xj_a21	2026100601	62a01b6b1026d8374dd11772c1e669840a22c1e81da992a51dc30a569a949f71
xj_a21s	2026100601	761e747fde0c96fe55eff440157693938bd3dc75d5829110aba93151b81268bf
xj_a22	2026100601	7a980b18e3a86d1d15c129b5be8f360a63e82cb7a870bbc1c117a9a70290a525
xj_a22x	2026100601	f3d6d2022370c1f1edceaa81ded9c8b7550f58b4448ea16a88863b26946a7a8e
xj_a22x_2	2026100601	1abb1e45fd993349fce474476cfda45ea7b43efd38bea6cbd3c5295095a270eb
xj_a23	2026100601	19c0fd581d6deaf3a7c7297fae689c5f1b090d65c5aa3fe7ace43d11ff862b45
xj_a23ex	2026100601	9bfaf8f9506933f1a4c36a54bf03183bcaeaa92afda75a309f42fb153b5abe1e
xj_a23xq	2026100601	d27a10f6ee65468df56108a3b731fc68a43482f28751f05bacd45a9a2ef93a6a
xj_a24	2026100601	5da1a5e2c02817aacb5d2f75ee82558d2c73128c1fae5605cf562b81df72d3cb
xj_a25ex	2026100601	634ea6bb70ebd764fdad30c871025cf70f85a00da3828efe164aa5c1a5263516
xj_a25x	2026100601	1cd41dd4289b92fdbd0f499639b9607a4f374bc7615222e021620811afbca44d
xj_a26x	2026100601	991da2e3647a4e33330b0631a46e9e9891c752a6bed6db6cddfcc0588347d342
xj_a26xs	2026100601	f5c65898039347e0e2d744ad435d42db757a672dc0f06a6ca3f5ab5525bcbf59
xj_a27xq	2026100601	944ee388a84877fd1829ea224bd63914ec82f9c65f4578cae5ca418c1e35cbe2
xj_a2corelte	2026100601	bbde570bb1c88d161efa1fac6abdc10c048957d2471c7da593c07dcf4989207a
xj_a30	2026100601	87c30cf5a89a8915af8bfb842a6c34c867bf3a2873fc3fa23737cc2887bbd9ff
xj_a303op	2026100601	35610c1f46ac58379279974c34145cc08b245fac4e5ad9279990793b973eaa1d
xj_a30c	2026100601	8cc05f2fe501a20fc194e0fc8ca08689fc09fe80c93cf20e50697b2916334b56
xj_a30s	2026100601	d0b87c0ad7c1b3b196ce49aa6860cf81bb629b153c2466e91b448628ded4a618
xj_a31	2026100601	3f6f070ff10f71f4bede9f7593bb4fc28be5320b6292c03914290c3228012e1d
xj_a32	2026100601	f686355656e3530c37a8753f0632625d4547b9f5f2ed7ca558249e6ff00b0bb8
xj_a32x	2026100601	2753bdb853d432982b2c8b1134be97fc5964a51d10276b211a3e5ca624c94b2e
xj_a32x_2	2026100601	6a92e1f0d6630eda2e01c96fbb55218dad39e52d7cfb45855daa298cbee76387
xj_a33x	2026100601	1033df45b6870b9e668d51a84d8a8b330c17f35295082ad23161535555db8bb2
xj_a34x	2026100601	1a1fd065b014e1c88c1c5efea66cb284133855e2f1eb26617d859f43004d073f
xj_a35x	2026100601	1548a4314ea67690ae620702057d36519fd0cc1e50e1515ac93453fa0fa1779f
xj_a36xq	2026100601	b317fc6a4c55d82cfd93f814c75ef8a940c0e711768c488e3ad347ce8c3a8163
xj_a37x	2026100601	487393454dd5227f1963e98d549e35ea92253a020ded5e93f12933f1486c0138
xj_a3core	2026100601	390da6d08a43773e2a8cdc2fb999c9b7c76dbadbae3483d48823d765237cb4ef
xj_a3ltechn	2026100601	00d6126ae67c3bc750109ae17372b929591b96d3874b99e22f9cee4d88480703
xj_a3ltectc	2026100601	52c2593bf48031315dd7403cdd58c912ddba61190ef7804e62166a57c5766593
xj_a40	2026100601	3ee2bf744abe4aede14aba72d4d00a5bfd31c6a057f223f1b3233ea2becfb406
xj_a400cg	2026100601	8cb1a2ababb4a78b5d7f4c1e6c7cb36f14b4eff808a6784fd0ce58b268e5b1c3
xj_a403zt	2026100601	bdac0ba0c5992ffd631d9596b07dc2ae49b3a925dc1e063d5afbe0e4d5caf13c
xj_a41	2026100601	19eb9d996cd27b48fe0d1922ee8207501190a579983822fdbaa4177eea39f9ed
xj_a42xq	2026100601	b97dd13315eefadffc76b5820fc6cd088583f1ce05b140d10b865edaa3c8b5ff
xj_a42xq_2	2026100601	204b57fd7fead8b5ffcdbdec0b45ef642bf3fc67592edb718a5935e33701b99e
xj_a42xuq	2026100601	09c31f5030b1a4b7b7d0c41bedaccbc8e51bcd111fe6d12f456a768b583982a0
xj_a450cg	2026100601	ecb16533ed8bf00ce7cab7378107663c05d15a7ae3bf9ed9097e77c9eb58acae
xj_a50	2026100601	c718b5075ea8dc0c7b591bfa350d4b77ba752fce1e765714d304e68d30c2e217
xj_a500cg	2026100601	f2f541762dcb607a6fda0a2c204a0d72f0374be5fe9639e151844ed08a647581
xj_a500kl	2026100601	ab3114d39e9e329fd8b7b4a38a650e5d7a64f35c70a6c7473d2be22062c9d1d6
xj_a501cg	2026100601	e582ba1b61ca0a9fb9de4d4aff7a28ea6b90e53243c03ad55ace333b7992f789
xj_a502cg	2026100601	d8ba9cec83ee6665ed9d4de71a83fabbfa104d8a80fa34bce702d0d8348f30eb
xj_a502op	2026100601	bda1bf93fa010037535d74da67ac3f726cd1ee3c1b61d958b322a609084fc53f
xj_a502zt	2026100601	ad3dee6b0088291c324594b017fc2d73a7bccc2942d0ef74393229eabdccf532
xj_a507zt	2026100601	de2e2b3fc10020ac937591a4607ab9a8d949c0b35f7bae553664849b1a2ff55d
xj_a50s	2026100601	6ce59dc6e3cf22570385de6852b8d03b994bcb74df56dfa6629674e49cd8e8ea
xj_a51	2026100601	9c19f78b285321071eb40c473033657662564b99245dfb488d63697689b343cc
xj_a51x	2026100601	3ab325434a0ecaced747a90d981f27702d3d30a8db6b5264961a4425bcd397f2
xj_a51xq	2026100601	f77fea15d498d9b5bbc9baca02d35590c7e2d59e57cad0409e714d021bf5824b
xj_a52q	2026100601	74a48c6ffa244895b5a35a5acdba75d5bb9111606a40acf4a5609a464a54894a
xj_a52sxq	2026100601	5076c3890ee4684e457426feafd55978cebff818cdc1c48d9997b81453463457
xj_a52xq	2026100601	c95569b3ab755e553ed079619dda7acd671a8eececd3b34a5a292d189c969094
xj_a53x	2026100601	6c773b6daf692735e2d658667d218525f3875fd7fb281d7c1d481835c1ed897b
xj_a54x	2026100601	570981fbdc8d20f125cc69c99b2c22db5c28adc400730243bcafd1d9ea8e22e8
xj_a55x	2026100601	5afa8d6235133050a07de0c56440fcece18abd6ee966273edc7bb1c0aaaa934c
xj_a56x	2026100601	a714c77c03885ab5736e6da8a49ad41182c718898ebf45922b98196612a2265d
xj_a57x	2026100601	9ad2aeb5efb9eda09bcaa979421b156bf0d66916e217abb41f2856a647ed550c
xj_a5ltechn	2026100601	292b1f3a43b92bac3c2ec10903567e2d0fb6a18259934289d9dd17949590ef38
xj_a5ltectc	2026100601	ff8a199e5b216905ecf4135a73a3f6701dd1cfbec2f33227f9ad18ef87b74229
xj_a5xeltecmcc	2026100601	f9b25a6737864cb7b4fc9185fae3184183b8db9822349896c2c75ae6b412854c
xj_a5xltechn	2026100601	f29e2a71a1b491c6b51b738491526d950778eac40940b7f4a8467b14893ed91c
xj_a600cg	2026100601	f540347d0df82346b81b38671c97196dc8ef8c94ec6e33101eb66378af4b9807
xj_a601cg	2026100601	c9aea0a8e3a62aec21d063001210defd08f585694ac9f013f0409979f4e908bf
xj_a60q	2026100601	6a6130f92b2589adfb0d6750998e99051f20a77870be4a339a845b483ba38e91
xj_a6pltechn	2026100601	11a3a8d5312bcf7edb3bde81f205c9ff0113b62fb7c304e221de9ca1192ef6dc
xj_a6pltecmcc	2026100601	c1280f9a24f10aee0debc3aea7359961e83c58879ac8860f9ca2839c67bf84c1
xj_a70q	2026100601	b7fa20dc0310edcd2315cbb79c5eb61ef9cecc1f44c7e5466fe36e37b9c14e0c
xj_a70s	2026100601	d47b82c58dd4e0f9a02a7f7d5696eab79ad1455e958c7a7d1a9d065a7d841139
xj_a71	2026100601	02107241670595217406290f982897c23cf4e3c872945ae02bcfd4a12e621074
xj_a71x	2026100601	335ae1a2f67a6b003a713c2e3af29b34ba56c3356c31839c17824703766d76de
xj_a71xq	2026100601	eb64e779833fdd96dc288bb61eb45a3ea2ae6e798d139cfb0479e32ca6822a3b
xj_a72q	2026100601	b47bcfdf5e1d16a6e7b7f3f16479e4d7d2539a1816d1ee6e50378690af94b50d
xj_a73xq	2026100601	53c240940a6431c5abf7c3f22a2f96bf54c35de5e13d557ae79009a8202e1640
xj_a7ltechn	2026100601	dbd5d6371d8063ce0fb420a036b939e8c8af20a541489804665d90bbd7de879d
xj_a7ltectc	2026100601	0ed321ce0d4c7e8f88af01f0b794a1ecd7fcaf0dcb5d8dc5eacca478056afac4
xj_a7xeltecmcc	2026100601	1869accf8c762b3bbd2f5fd8c1ac8fa5ab30714fdcbbc790a89179572195bf68
xj_a7xltechn	2026100601	fa554f6839ff9b2868b224f47fb304c0d2c103c4fb37ec6ec0566136eb10c549
xj_a82xq	2026100601	6d5ddf55b65c943b352f4ba4eeed1c74b0ac0105b9ecf4b6fe7f549438117e7d
xj_a8ltechn	2026100601	afd671c2120dcf9033c542f75580d5d63075d8eecd840859461590cb5c3a52a4
xj_a8sqltechn	2026100601	adc4b39dd12dd97dcb7822c0a7c993d679d5921a013554438d3e6fc149675863
xj_a9xltechn	2026100601	a42867d351ab755cc5621e4a3c8493ef3cfbd5df25e3b7fc2d438c1b1a13ac55
xj_a9xproltechn	2026100601	137530c6ea2e0feb652d6bbc890c789fadc0fa08cb32180ce2ae2743800644f0
xj_a9y18qltechn	2026100601	a911269234f00817a8c9fee5c8759843655642407833ee28cb75117bd2892dac
xj_aak-an00	2026100601	a4a7450678d9837de75af233c2c4087718fb49767640ae0c5c96b4fa3d1fedfe
xj_aap-an00	2026100601	52c85ac4c679a2069039f5f79b84ec89ad1753015c82171b8ede8d1f99308513
xj_aaron	2026100601	bd55c6e9eb269b0574d87b0b1020d052ba3be36b2ef8221c8219d427c0dcc08d
xj_achilles5	2026100601	5e3788257fce7a73e97e5086e689652ef059382c102a2edf4a91c66f2ea471dd
xj_addison	2026100601	363556044fb26e5d8f6a49ae12a4b38ddcb9cbeb0dc2ec4b54c77278797124ae
xj_adela	2026100601	0655ed9da06405a5b4b0f631813f225247d463e890751015167ee232c2dbcbff
xj_adela_2	2026100601	e00f947ed41b614917a34e979b7c0ffe8a6c04781c8063deb16492c16ad97dff
xj_aether	2026100601	1b3f3c54d9f42e9cdc359d70e4cb4424dab038ee6d4cc0ee2aedae9ab2a45d82
xj_agassi	2026100601	d10adc9f6e7f3b9e8c837964a8cfb7bdd886258516987751838c725a973d210f
xj_agassi2	2026100601	1c3fa6b7836c18b234df1dc10b0d79db33c592b79aba04be48639ca90de5e1cb
xj_agassi2_2	2026100601	1830573aea0a91a43bd8ac9d3a4ac542e7cfb2aaa809339aa9f38c87bf30d97f
xj_agassi3	2026100601	7595e105e4a733f929e22b8fb70866ec5c92ef0bf3830c47f7757deee5e62c4e
xj_agassi3_2	2026100601	83d2bfd530901aa210815bef759c0119f7d7649a7ccf13bcbd51e6314d516286
xj_agassi3k	2026100601	40aaa05b3f7cdc8a90e0a6ca3afaed4abf220e36ac9788b25c1e5d6b70c9830c
xj_agassi3m	2026100601	a05df69552daca619568eaf559bfef99de4db417c29d7d7b5f124afcabca9de4
xj_agassi3m_2	2026100601	a103d664ea0f414354e142f666564d8ae82451313d3d26817f0254fc6ad4fe45
xj_agassi3m_3	2026100601	5dd072711ed6d37c3a5651563747602c0081c390fc37a2760409faf6e5a39bf2
xj_agassi5	2026100601	88ceb38b41749df9024a3e167ccf85ecd03ac4056f879d0b7fbb6f6b385aa2ad
xj_agassi5z	2026100601	3876e36a0be8cf7820b92208d6fb7f9632f4be1910b1790cba6856d59c275ab9
xj_agassi6	2026100601	8bc37d0423c235c50d61cb185c193ebd842a53858e6179d731e28055a6f8af7a
xj_agassi6_2	2026100601	e2359567323a4fa7a0f2a8a7968b547d1da7d44936ffae3b6dfb4af7ceb8ee34
xj_agassi_2	2026100601	2cd4644df13758c56e1a0fd390ee080da3c13871e312e2333caac0619f75d088
xj_agassir	2026100601	4431082964b886981a4732d11e23f6eee6c0cc109cd73d90b04a99999dfeb024
xj_agassirk	2026100601	d91a38991c8ee066ff0c3ff241cd17836ffacb9c40c2aefaddac77891bbae2e5
xj_agassirk_2	2026100601	8984e5bd6e65ad378bce0a6194988f7b3106e691329991b67dbc194ec7317dbd
xj_agassirm	2026100601	b86ffcfde9812e12989af9a3c677d51a2320507d191859e9b8727679735ff1d6
xj_ahannah	2026100601	ad54a47155f6ed4e557cf24c3f6d4fc82097194d3bd2ab8f3503ad58c792012c
xj_ai2201	2026100601	32f8d1717ce820529c6682244e7d43aa614fb8a102c730fb913e3e58ff39673a
xj_ai2202	2026100601	833d2fcaadc22c109efd0baef30c0b8cfaacc2cc37cfb5b1d1f57c73a20bccf1
xj_ai2203	2026100601	07fdb9c2dcad5f2106b5f90409bf9b9d729372937ff39a1a2e52dfe19d4224dc
xj_ai2205	2026100601	ae3b8304e9c6dca9ea8c9043a58fa000bcb362fb35d90b0ef3daef086dbdf24c
xj_ai2302	2026100601	0e7fc346cebed1d6252dfe8ba2c0d0d58dd56b30fb4476979c3578fc823127f1
xj_ai2401	2026100601	e7e9bf815c984a5cdfa1a7b6f5ecbebb6006fe8b60dc4945444de7eba5ec547f
xj_ai2401_2	2026100601	09df7480b0bfb0715d5fb4b600e66a6814383eeefbf3fe9c12bdafd2847849f3
xj_ai2401_3	2026100601	2734eeb2b3b1545bea3c8cb466b9f1ce56737cbeb8f103517329ed15eec76063
xj_ai2501	2026100601	fb07a90a978b2f471c0b87e27ad343d9feb3f0a4e701a816c727c5dc535a4838
xj_ai2501_h	2026100601	0e557b4ae6558ba3c96622e23f0ec9de3ae84e4ddda879d5c2d7e4868fe5f8fe
xj_air	2026100601	2c473f53a40e3142ab620bf27c35ee292cedea7c2df465f79ef689a44f8ce254
xj_air_2	2026100601	df2df935d55a7681f96796233c768aabb38dcb57abcf52aa26b35b31ad5ac9ef
xj_aito	2026100601	e2744d450cc921dbaa7b51d8533f471ba5fafe3f3bfb2d29a920ed39bfd73b0f
xj_aito_2	2026100601	f3d40b8f7615e7cae08b76740a25eb4e5447a653eaec7e751d9f17a4d9806118
xj_akari	2026100601	35575263b619aeb511ef555e8221dd57732db6b102af1b000b156e4581f86415
xj_akatsuki	2026100601	c3151775144aed71c46f938c000263ff04005d4e85031831eac65f421965faa4
xj_akita	2026100601	b7cc7157f4ea6b984633aa1c659e704a5fc581deba188b37a5e014c9292ebe9f
xj_ala-an70	2026100601	b86c60549ab7be725b9d5602aefe6076e3a09585a666c3e1b83d23f1fecb3008
xj_albus	2026100601	2edc613331e62cc59163382d7bed817ca6e03bf8384c884ee53ae5f475538b41
xj_alh-bd00	2026100601	4cdc5bf33f5b658dd6f06aea15d96f7dca34c0316a62fb78c7f477069b3cf6eb
xj_ali	2026100601	0f5453e75ba7912fc80bebca5a1b51e430c54dbb1f0405c7a1cf863ad010ded2
xj_ali_2	2026100601	d4e879fc63aa86f152a6ea565aa10d1edc3750f2e8115357224fa2aafafbab68
xj_ali_3	2026100601	e3b68d0e7cbb457eb74a192e609db7337246ff5dca84cea285fab5a0f049ff41
xj_alice	2026100601	9e6df5385f5f6bfe44ddd3fc5bed901bd1403da176aead489218a9fb0495dce6
xj_alice_2	2026100601	6dc6dd38d8e271b275e9c84208ba26d1e07b1c84344f11ebf2000dcc4edcd592
xj_alice_3	2026100601	6c51353514c9d0b4a7c44d8ada92ece79c1aa5881286e04a937aaeaa3e9c414c
xj_alice_4	2026100601	7747d46a2a7a0aa81eef39ad0727d0bd3d16e6632a9cf71d46ab4b5bc9c2141c
xj_alice_5	2026100601	6aa750bdb33618e297111b42b95c0a8c0ded1e8ee9d3e5de8439b0f079263caf
xj_alioth	2026100601	402119c3a78ee2ff16f064782ae6a8f59f47f7ab7f2c8bb86cb09af3af303159
xj_alioth_2	2026100601	074ee9e4b392bcbf2985cf12a31283efb1d01c32e8a2b3eb1d4d2539b60793a8
xj_aliothin	2026100601	cd6a9582a57bb896f9471b602712af56552f07dde08ffb57c916d1d6f2106458
xj_alip	2026100601	6cc4016743700e323b81b54ad79d3c4aabe47469598eee90b6d94fd2c8a39714
xj_alita	2026100601	54f4efb46d2faf8895e1c4872d3eb08c814ccf621cc739d7d2abd0a61026dc7d
xj_alita_2	2026100601	df383be0a7ad2ec8a40f6a5eeb72d1df6a2b3d31e1303438f5721d0a82a8b0ca
xj_allen	2026100601	ae5cfcca38b10b5f9eb05231d9839ca566dcf4d3dd2685cbddef85ca8f93e5de
xj_allen_2	2026100601	0d10a05288165375faf2f1cfa46d86479c563c1f8f4e01d10d4a3805aa116192
xj_alpha	2026100601	e7984a47ca301ed2b8161c43fe9c9d530418e9d9e5be4b2b530267b987bae1c8
xj_alpha-b5	2026100601	01e7e8fbe0f129cea2bc50da8c62e7a88e07336f985cfc26c928e52ca721ac2b
xj_alpha-b5_2	2026100601	91e5e52cd1dd8e692ac97160e40d82eb10cd74628e8bd98f588d9ad9f5616497
xj_alpha-h	2026100601	67ab4a2a428e7b869952a8036ec0539c20bae62b72f9348391d751d567e3ad58
xj_alpha-l5	2026100601	d0b8f69adeefb4ab720e53bb79305f69c4cdfd19e9f40c71c089dfd3bb6f9131
xj_alpha-l5_2	2026100601	ae5ce3e6fe73781be01f2cc09c7c70a158387446a4c18ac7efedc85371892437
xj_alpha-m	2026100601	6ac951413fe170b549a9dc1b87a054da20cfdf70f192f5d5b2a06a3cf3a760cd
xj_alps	2026100601	d23105a27618cf22fce6512e9978fbf0b8ef5475b63987e92cb66c2cfe7f5259
xj_alta	2026100601	d50876a6fab1c8825472b18c72a65df1d1f73da23dca9d5ae44f5059e8cdc3fd
xj_alta_2	2026100601	151fe1fb76992032ef192af5e685b61ea132f9df7c32f84be99faa21999f06e9
xj_amar	2026100601	6b49b0e56ee1ef98e6719ba35ff06eaf9493b88a37c1fb1e61c500c444af2a88
xj_amber	2026100601	eaa406e18f37b84fc5b7eac9ce08c2d659e236b00ab4249b6291b48f7abdd4d8
xj_amber-n	2026100601	4ff6bc06cf7d47416b96c4b490e4e0dcf8620bf20aabfee5d07397ebe9540981
xj_amber-t	2026100601	e6becdc989f0664295617d8dbc9fae579e25c114ff4d62bfdf3d9c736503ffc8
xj_amber-x	2026100601	67a7b85bce273b9891c6a1772ec7f45395f567adf09401446ec6151e8f68b141
xj_amber_2	2026100601	95c2dd3861d41d1aa42568b1e1fa3ee19629e7c19fc0787a51b0cafa36227957
xj_amber_3	2026100601	bcea8c702b918c708ffa6ad6541b152484e695231ed483486a239e8178383aaf
xj_amethyst	2026100601	48b9ebf4841ea1591f09b1e3d4b8ff6d527151021a8469f1ed206b3088597f2b
xj_amg	2026100601	15692e4d954d505cce2987cc893f275391b9f493468e706f510204924c7ca057
xj_andromeda	2026100601	3ee62c8149f608a3bb815c4a7a2a826c8d3d9a84cc929456551e0963dd488e6f
xj_andy	2026100601	c61885d8a2e40345fb0e43f54c0d9b571bb9b5892591bf139c4828b91260903e
xj_andygt	2026100601	57ab030ca82af5f4aa8faee591772665161a133c236c5d3b29d7b30af47fe4e4
xj_angela	2026100601	5fec29f57b2f9bca412159e4c0d9d55981f1d97560eb5900df24130761f365d4
xj_angelica	2026100601	d399418f6e8487a161d51428b42c9a1f0a9f655d6ef008462aae2a32350ab8d3
xj_angelica_2	2026100601	80d8f91c4d082980ef8ef2d0c82f267f67c55f6e11741f37333f6400062d4c60
xj_angelicain	2026100601	9347d413058167fca4537aba36db85b20f26f0e5b5f804a4591c0640b435b9a2
xj_angelican	2026100601	8d1e7de424612b8994d839f0209606ddc39d6cea24c1eec202c15433250bad40
xj_anna	2026100601	7e4a80ce63d3626daec23c73436535ea29e2643050261229fcd59b1a2ad49f77
xj_anna_2	2026100601	05f569c11a6418e818c5d332496361afed9e0fde012a49cd81855a46f6761054
xj_annab	2026100601	4cc3a4de3ac52889774d9b858cde4af3ebe48c43418ac351e176c4acf9c53d18
xj_annagt	2026100601	bb70306207f9df3fe265be6326bddcc38c328808e7cd57147ca4ef92cee3752b
xj_annap	2026100601	4c704739a159e0f003dcd064b60de25d981703b8feb3881d9a91734a204e379e
xj_anne	2026100601	55efb126d5d744fd19712a9eade4390ba0284780f40e664d621cc64b1baa4319
xj_annibale	2026100601	fd66f42e7f0731877e9bac94d4df99e38f55e75846639c7637589db7eb91c842
xj_annibale_2	2026100601	470053478065eebc51dd684dd98356a2192676c6a170a554f618f1acb77dedb5
xj_apollo	2026100601	61c126f58070db7c4300c83e10129ce28a150bfe51bbec52bbaa4050d497582a
xj_apollo-o	2026100601	dbc51fddb2738b208994e018994b9598d3a7768aa92d10b421b04df07323c67f
xj_apollo_2	2026100601	8e9b50db651d3b01e5b058d09cd7478ce8a2bda050383d7a61dcebbc8f6e187c
xj_apollo_3	2026100601	b89b6fbaa12dce1a1ef49f9a760d834f051fa4a0df9b7dbcabcd2f27c5b87e5d
xj_apollo_4	2026100601	db3960059563170eb2d9659976611143bf95804d71f37190537fa1bd5f1d69e7
xj_aqua	2026100601	926c84ba5617b08f7b46a249ec20329326d108af98c27153525b510eeb662aac
xj_aquaman	2026100601	b38aa8dda4b2ed72c6fbc3949686339e59a09c179f5db8fa0be9e588c9ef08f3
xj_aquaman_2	2026100601	80115824e44a7621a3d360ac1bdb1c62b6347a1646aec145ad2e566158c3846b
xj_arcfox	2026100601	da33499857f911d0c57f2574e3e32b9ef590da3ab7aa3d6b4d39b83c77df8cff
xj_arcfox_2	2026100601	ec4532fee6ce0f09af07dc9e156e267cd83dd025d220c967b1df475f46e50d42
xj_archi	2026100601	a45d46473d84c9d19d98d625a1ebeddca18f86fc5ceb81878275a20cd2a9bf5a
xj_arctic	2026100601	646ebd9a7fd0be5c2825372ef0a8dc7a0d8a266290e3fce791fd1e8fc5a9a3c3
xj_arctic_2	2026100601	d3dc4a9c289a6f22d51d0bb4aa768ba6868d18c5ceb2800889c1d810a5cd1cce
xj_ares	2026100601	4c0eae1a1d8b89f7da337a6677d99e340266cc7cfe5a0f51c427cc37b7b95224
xj_ares_2	2026100601	86e205b954783e60878247c1e7211916bb4298339f2787ecf3baf49a7ac3bc41
xj_ares_3	2026100601	291ecb29b2cf4095f860840d1be6277fd219047f2033e428228d7cf5db9f7598
xj_aresin	2026100601	bf12d909449e41b27f15fe6e23c83b5f6a9fe6387d3df664c418376a7524b9db
xj_aries	2026100601	29a31084db64cfe4b6ea4b6147cbb7308c2ab652ee69d91d429d2c7214e4470d
xj_aries-o	2026100601	fc772d1c8f6e91aa1c705aeaca4b38bd98997dae2921c1d1447020cde7e6e451
xj_aries_2	2026100601	05c08eb1e3a13234a24e5ff0b2ed16e519c4b1df3f94fa8915753c25d771be6f
xj_aries_3	2026100601	583e494f2a34333e7731c9d6ba198365ac818bbe9dd209bed38ac43eb3b0b1b4
xj_aristotle	2026100601	8308d317ef58a46e94ed42b3df9a4ac7f247bebf747ece3bb81d4a47c3a616b6
xj_ark	2026100601	d21a1719c6705b8e233d5983a98e73dc054b064f3d6e34c79c47edc0ca74c77d
xj_armani	2026100601	c65df67956c335ef82ab99dbee8f9b04e63af30b09a8d42342d1c82c836c01f8
xj_arno	2026100601	260d81cf956369fa03fe1d1bb1d7bb2c669a38f88d2bc661a24df2d8cc31c391
xj_arnoii	2026100601	9a39d349322e0ab1ee0dcff64274ad08da7bbd91c3a3e0dc65ee32b253fe1dce
xj_arnoz	2026100601	07f79c0892bdcf40ad497942792b28b8458a1381dd3811efc9618d625d4176f3
xj_arnoz_2	2026100601	0888e24405ccae149413d8b57565ce21aebe3bc163a58ea1ea648bd89d284790
xj_art-t0	2026100601	dacedf176b00e21a51fc6fccc61a4d0d12161617aae050271e3226734d8a0d5d
xj_arthur	2026100601	ec923c988d037972aed0a1ea36cc679a257828fc1727a7092c1ab0551d50084f
xj_asha	2026100601	b9ecd843ff7352d03d2ac64f71f4528e5184c371c8cb2604f4cad685fd47706e
xj_ask-b29b	2026100601	7d1376a9c825fb3bc96a7e7218823c5902f5fe5da954c21e567752c13cc1c6c6
xj_asoka	2026100601	0ad128750a48a5445aa1b33a6259d545cb1de9dda5c4a17aa37e7cc0f6240b05
xj_asoka_2	2026100601	f71301b641ed9960eb22d4fb0e71cd4679560bb4efda617dba8a4ccaa12fd7c8
xj_asphalt	2026100601	d12e1147cd6305fe3fc72dd4657105b459da86996a73dbf71aeaec2cedac827b
xj_ast-w00	2026100601	57d314b1567c2ad3f792acd6fc36295f236547e488d92a96b0993318010565ac
xj_astarqltechn	2026100601	15a493ab55ef88507510af2cb32a9f1fa3b27eaf12682940ec7426999362d094
xj_astarqltecmcc	2026100601	43fd4ef8ab0b297bd0e27ae2e301732f385f2edd98b979c3deaa69871aa0266c
xj_asteroids	2026100601	543b0abf23dc1e1944edc0846926e318ad09f647200bb434e88b4fef28716a1c
xj_asteroids_2	2026100601	fb186fc3c77d841f88da59f52a994aadd715b80730eac3aeec486aa121987271
xj_asus_i007d	2026100601	467889707fe85abadc8493ba049f6434d604cb9db0930ad1fe9d48ed411744f7
xj_ath-al00	2026100601	d17890f92b84bc6d62d6f117893320451f08d530003a923d4f949f2544a3c497
xj_athens	2026100601	26e31aae344fec4887fe2b6d0c8cf9db17686c65b9cde44ccb6d87b958fd065f
xj_athens_2	2026100601	de7e9810ef1c8ae7a60063d296449f6941dc5f659ebce66a0f7fbbc40a8e3323
xj_atmos	2026100601	117641478dac0b23ce6e34677d84641be6b76fcba29d8c3e255be0da20b22709
xj_atom	2026100601	d74179f4817cb6f0f689ddbf9edd977a2dd6606eaad20563bb34b2f49ba7d24f
xj_atomu	2026100601	83f164f55a4b7a71491c17102579a3b2748154eca7786e939d60dae2a10e8478
xj_atomu_2	2026100601	ca19c6d4aa2eff3901239e0fcbe0638fe76a8bfb7f490630502870a479896f24
xj_atum	2026100601	bcbe16c418ecc9566a1672a06ecaa3c71c1665c7a77d9b26197a6f1eaa9bf10f
xj_audi	2026100601	7d5d034bab62fde8285e4fdbad7f234e1c35ba62029adf54cab70ffe52374093
xj_audio	2026100601	f6a075a17c538fab71d07da67e28aa440e23a171876d765bf0a90f80f30014a4
xj_audrey	2026100601	f4d0b9e6fd4605152718fa8c024fd288a0a573afa9277abae770bc8db863b7d1
xj_aurora	2026100601	a420ef52063a550f09d76b1935c3240a259b05627cf20ff17854cb6d7df846c8
xj_aurora_2	2026100601	58af49a07d88f0e9d202b3e81f9d60a0d0bebe4d181ca0e57ddca611252d71ff
xj_aurora_3	2026100601	31ed9304a639617ed534a931499f8f0bf14bd4e35400267d16546fc000168aa9
xj_aurorapro	2026100601	026f8089ab77a54d3e139a0a23b42733501d3b8e9fedd5537b6091a2ea571d6e
xj_austin2018	2026100601	1fe501f63207f879e74fb4f924963b43d911532bc2c056ed24d0badc647525c5
xj_ava-pa00	2026100601	5f8e362315963bcc72631c011b9ec5074ca715c2a1f699380a27ecc3a3e4585f
xj_avalon	2026100601	db15997512e7f2e8fed1f11d5253e77b058f7fe76309a7a2b0cedebaf2281829
xj_avatar-b5	2026100601	6d141323cafcb73de1b013500d6a606c0cfa363440ef1d0e95dba7df5787cadd
xj_avatar-h	2026100601	31c90614e3bd2636f32a11f8f23b384d510fdfebbeeb44acc533e51b4f1e6aaf
xj_avatar-l5	2026100601	fee29838f628a8ba37edf33614578213f4d7b2d90a885dc1205c5a0741ed51a1
xj_avatar-l5_2	2026100601	8139b4f14c3af98eecca7d99828aed2b51fc077e6fa2b9f109ab3465f380df2f
xj_avatar-m	2026100601	a6321a9698a746fb938b27d3392c8bb547dceb911f75bcf00743087712f4c904
xj_avenger	2026100601	f10142aba38e5651711f628a2b5249126e70142870d3e58abbd900523fbffcac
xj_avicii	2026100601	38bcc89cd7a05ed8c785e2973d649f7ac918d9a10293b69c32fc6427f9801d63
xj_avr	2026100601	c5dfe093435f621d1c8690e188f836f1ac2e3c3c6bd464fd87393b34bd0a3b6c
xj_b0q	2026100601	55fdbb5a68dab8e87ccdfc30870ed8291bcf79d2d1e46998c063b1a71a31f8b6
xj_b0s	2026100601	dbc8a4bad3971f45c0ec864e00f0efbd3186a81379d0f31be9ab19e3bb71e916
xj_b2q	2026100601	0bf9275a8a091540db6e1c2ed85f488a1b61c09687f033ba46f0382b8481204c
xj_b4q	2026100601	37c34ebdda6e200c3590f5d6ab2b9ee363815c2e67d971198f8eb008a69e5a25
xj_b5q	2026100601	8207439d52c826342976cf5e2a4631a1ae7ed837cf084fe6a8aa7db3f942e168
xj_b6q	2026100601	49a16a4657947d5ddd692c389064fa2f12d4cd38b57e0013d0d3bed24d643b46
xj_b6q_2	2026100601	0d450a87e9f784a6913cf2168f40a22e330c2b1a4f1c5f27810b32dd7beb42fc
xj_b7r	2026100601	95c809eb6a5da08367638f19c2aa5f35ac964d5b0fd9330e982c15ae89f9b0cf
xj_b7s	2026100601	2ad5cd229095de25df647e575bcf8d218a896220e114ac53ce169acdec179f5c
xj_b8q	2026100601	e0b125b4590984d968af24dde6457039ff6cdd333ef63009031df6370fb268f8
xj_b8s	2026100601	b5a955be34a1ba32e83f07d6cee39dccde15459558240e13d6a4aa3bae19dfe5
xj_babel	2026100601	2def0366b83afd51962d0d373a183e72d2f50c134284f8150b271df84f2cb7d4
xj_babylon	2026100601	910160987a1523188c532afd7f9541944582b6a9c63eb7ffed53f1fde65d22c7
xj_bach	2026100601	8bad5cc9c34307990557c5d143448bd0ac95aeeede3ada25d813b771ceccc069
xj_bach2	2026100601	6ac40b15aa1d81eb87c64476eda0460a6268d8f93705b99215bff37b7a9c26f3
xj_bach3	2026100601	f5ddf42099b6e947369c30a09fe39897cf23d6eba9fd3443ed0c2c5ede88969f
xj_bach4	2026100601	ace59ce409fa69ac864f9bbf0e4b87c0ce9c8fc2799c081d44ed32e95562e55a
xj_bacon	2026100601	cea6cddfc0676831880be4a47bb2fbbb02407033d9abada14d49067a501d5299
xj_baggio	2026100601	1e7ca6f57d7468c90b0bc35b2858ee4f075d4e87b8d0b4a4656746c3efc1f23b
xj_baggio2	2026100601	430c347e9b5b62db832d39069affa9af6fe89fc4b4674a43b97b894f1d4563ca
xj_baggio2_2	2026100601	30836a44b4358ecec0d284f4b387f2a53dca685800ed77ad334d4f5c3bd1eab3
xj_bahamut	2026100601	369887d47b43ced293e3fb08cf2d8ba72ac942e935039bf49c149a9bf09e6443
xj_baikal-b4	2026100601	bffebe458322e1837cfa0ea16c0e66ceadd98c08df5f2d4594c9cf9494f7269e
xj_baikal-b5	2026100601	0324508500e49be18ad347e00401752564b1b88d79110277f38f2a6bd6f7a288
xj_baikal-b5_2	2026100601	36472be62d13bddfb3bd87790284bd56d804ba7a18d5e5dc950f83cc723f1fcf
xj_baikal-b5_3	2026100601	dfc8b8a82779bc97078e38fb7d73f322400d6b5879631fefd220fe820511a487
xj_baikal-b5_4	2026100601	c7d262c6453bef23427f82d95a98262e6e4dd125b61b75f9f4b82ba5307283ec
xj_baikal-b5_5	2026100601	973d70c4f0206d1c9f46ea8f2860a90f13f9b42661e0482f49f41ca9d92a7220
xj_baikal-h	2026100601	25462fe70dc7b2df0f3c0a039b2554b2e03d8469336d865ebc30a1f0c5e90b1b
xj_baikal-h_2	2026100601	c7e5d987503e233835c785124a5220445db5fa11bfcedfbe99a96d42f3ffec44
xj_baikal-l5	2026100601	c0c971064f62df76188cf4992c78b1def4718c62405d2a29e6b5dc0689c79bf2
xj_baikal-m	2026100601	e3e6e392c0edda097b3da1981df9cd83d3b61001d96955ff284e59671f5e8c58
xj_baize	2026100601	dc89370da7fc3eda890b53ba50f470fce60f1ff216df0a50a034cdb9f8500506
xj_baldur	2026100601	4716d51ff0d675a700824318d888b4b7fd758e36e16c552f9a1e44dc71b5b7c8
xj_bale-a	2026100601	476a931bacf91284de4e2382e70f2f75be73fdccfdf3359a18f671d921026583
xj_bale-b	2026100601	5aa82d4c6d3b2fd92c2a3ca841f3b25d7e5ff97dbc4f2e4323ed21051bdf957a
xj_bale-c	2026100601	ab7548d7bca27a770dfb28f9a115bb017d24900d95c4d73855890179591efc5e
xj_bale-d	2026100601	3f7474bf655d36f31c153ab5a0ae02b1968571bdd2fbeae9a59fd374f7356870
xj_bali	2026100601	40d4accab68a7b0b5213527fc2be6b6ec3128545da22b3d954f5482db69f7262
xj_ballon	2026100601	cae6c690689551ce464bea02b59ccf0ed00f2aa44dbd043f9ce0b6a125a1784c
xj_balsa	2026100601	2a490292c72af1ea9a66a83fd782b997df680850ddfb9ff617fb4a10c5897eb7
xj_bangkok	2026100601	5cbf3ed7a653946a1fe63b4b21af19d27ec2da4ef3aa910b399d7fc6fd271ffa
xj_banksy	2026100601	61d3fcb39448f3be6fad2f9267baee6f13a020c4a728a58315b0daf127a677ae
xj_barbet	2026100601	bd8d762a54c65ede0d342b4eaf7d384c96aba20d9a04984651c37a6cc2f1f7ec
xj_barbie	2026100601	bcf32b2a32886fe141d145341cacde81675c4ed73f34b346d664e6eb850261da
xj_barca	2026100601	109918fa4f880d3ae97e2da02e81cd2d2282dfe433b18d90557c0f86af079fbb
xj_barley	2026100601	e1e3e27803395bc585c1f0358153f1ce224abffa736719af56c2bb33d6f8424a
xj_barley-d	2026100601	8f4667cf805e1f217146e50aa82fe83172cb1cb56bfe236883f9bdf844735793
xj_barley-d_2	2026100601	3f2864f446262424ac14c6037959d84ea3756d01e373cd95c15c96125a6cb5ff
xj_barley-e	2026100601	851aea3827c7c96d088b8b46c926151140e3723ceea0ed1d7affd2dc4f450bae
xj_barley-e_2	2026100601	80dbff28ad1c4aacd52f4f3174fc78edddc697fd2503425c00adf01146a0b58f
xj_barley-x	2026100601	f3b816afe7e90b655def07270b121eaceae3e673ff8c489a9070d975070c602f
xj_barley_2	2026100601	41014be6cc0ecea65412dd1a87abd5496ceed1b6b062bfae7079cb0b208db4ca
xj_barley_3	2026100601	70576fc54581587edb4ce45296b8cab3a3f95de9b8c2f005f15a3c136f824a44
xj_barley_4	2026100601	1a0fd80de1530e088826e2ea2ebd753be7a036cd167e5542f6c956ae107f25d6
xj_barley_5	2026100601	44bee85a42479edf1442ffa209a7329ec7a980bb653dbb5f314ffe6c638ae684
xj_barry	2026100601	1ec90c423c679d9cc5e18808f71fad0cf9a185f7dae1ccb4a24234307d2fa717
xj_bartok	2026100601	39ce4ff3207ca89610a6a6cb718f1d3cd64fdf7e558e61640dece3cc2015c996
xj_bartokr	2026100601	4595bd277684440d222e3a2644688bc3d6281f17ce9c287868118f7cb1aef077
xj_bartokr_2	2026100601	bb03f37455f841aa6ad660fd94a4a2a14b7bf6e20aa441c30712b2d78f736ca8
xj_bartokz	2026100601	26a016c9dadb5d6fc23b2046edfbf58f306cf16dfe027c3b5acb86ef6df31e0a
xj_beethoven	2026100601	e51218f48d14907393c67fb708a3ce2c8f06f96f7d9c771628649c806ef2958e
xj_begonia	2026100601	9cea5981992be0d6cb793ffdf973c0f6b2a58a025d18016deca78f7c0a34fdeb
xj_begoniain	2026100601	27e2bcc6482b9903007f3e0a53e25e3bfd61fbc1cbd96fc0e07c382f4a96404a
xj_beholder	2026100601	8a7c9a35eb5ec4825ba31548fc5e453ec48ba02ebd03ad75dfd2b79a5b75b8f3
xj_beidou-b	2026100601	d4b42832d1339e1b56133f208e20d7186e21035942a0c31127a61ce3c1d4f983
xj_beidou-e	2026100601	4736f894a5073beb95db41a57f33fd0207247f068b6ad70472c5c30cd06cc667
xj_bengal	2026100601	8def4c95cdbec12370bd748044a60b423214859a2cb3f3f69b39cc493168d514
xj_benz	2026100601	dbca5ec572609de0fc493e5aa767badc1212a11bd579abd19ee5e0b075411c59
xj_benz_2	2026100601	799ce4c5b579e2348a959641ab8bf7b37a66113fbe38bb56a5d8cbfb95215873
xj_berkeley	2026100601	406da231b92617b5e5489ef616f58190f70bd3ee1c3eb09fb905266e9355ab8d
xj_berlin	2026100601	3fd94b32bce8934d0aa7a0db8bb7bdd51b3da7878c25d6658447f88ca60c97bc
xj_berlin_2	2026100601	2502e775c56a535185045c8af66d10945a1e67ae4835150a924281b12f249b4d
xj_beryl	2026100601	599ce5a70d39995f2c177a4e62729cd1faafed84f700d57195f4fc45fbdb6a89
xj_beryl_2	2026100601	699f03d4acf9445f01e77778da4d154732877c74fcf5a2936197805279b7534d
xj_beryllium	2026100601	bc260afea071485c031da79432b04645c81bd4c8b40e924dce5fdba7158f0fd2
xj_beyond0	2026100601	a574dc16c7b0f4e6f67cb1551be79f6fc2feb216d7cb8a8effe9311d5314e77e
xj_beyond0q	2026100601	b6050a6ff1504031cc631a83f69b70f9ec16a986bcbb52b7c27228ead49f7e70
xj_beyond1	2026100601	9805cb89f07993f668f7de5bb1bf5f93ffabe0befde292c5174430c8b8a49159
xj_beyond1q	2026100601	cf99a516e3ba1954a51a4f208874a67bed1d162c12c47d4026cbd39bef3b81aa
xj_beyond2	2026100601	fa5b6a72267746a36db5506c717d41d4fcaa6736833976520c2fbd017ce15a59
xj_beyond2q	2026100601	a5630b9d08afc2d4148779d177776b2f2a02af3c7211e20641b1e386249422a2
xj_beyondx	2026100601	5fa75e0d1ee42704b976a8fcfc2dcc2d12e60ce31caf774d2e46e9fdeabbf7bf
xj_beyondx_2	2026100601	7074300096d6bef61a70029eb58acca514e26d237f70dde6cc208a49f309ddef
xj_bhima	2026100601	731c5774d3e8a046f0de5154fa225443649868978f202e68e617248cfb39feba
xj_billie8	2026100601	5c8f572c51cf0799ae262088dc9ed19003d577ed22842caf2ca6668035637c35
xj_billie8t	2026100601	f187f78b6c98eb02dd4e024779585bea9f77af6c60cb202a7beaf3b8ade5adbd
xj_biloba	2026100601	a2626f67614c8f3e34e547c08bf6c9fdd207fdd67e7d93b7990cdd04abe7c55b
xj_bitra	2026100601	2ad87a5c630566414590d30bd935bfc1dbb5fb2517b66c41ec2fd0cb44eeaf8c
xj_bixi	2026100601	3e9e2898b3fd9e3f146c850033b19c787ce0a421f9dda708b69e7c477f6eaba4
xj_bkq-an00	2026100601	e2840df971b44e53fc42a0a71ddd0e55c63060df7b220260c8a51b7c2b6bab76
xj_bkq-an10	2026100601	313e10fe42741cef8cb260664033223f2bf55e7ddfc47c7ccd0068ba46cf2abc
xj_bkq-an20	2026100601	29b55593fd6ffcfe0aa673709bca88c0ea0a5bb01072a58be94bb4dd3d265b6f
xj_bkq-n49	2026100601	1d167b90e57ac0667b0a2b1b771dc4b7dee71bc8911c816e3d0e519516dfd1ec
xj_blade	2026100601	4fcff69f6fb93d4dcdb7b11e0d5063ae4faa3793fb2d783e58f60db55971faff
xj_blade_2	2026100601	0363bfa209e932dde8779c5853e66a090f0c8dea4bd69cbd8e543692b7aeb856
xj_blade_3	2026100601	292c7d421c2d78218743a4431c0617d64c2e3cf3d116d4456240bafce2a9d71b
xj_blade_4	2026100601	6284219b9abdaa7de60f54eaa227db78cb7cb24990903e581de133572ea481bd
xj_blade_5	2026100601	d25ca055fb565b7c11a524680ade8cc9a8f7147d23bdf886645182bbac88f157
xj_bladerunner	2026100601	4518f957031dd72f53c694714e444881044fd2343bce177c470f35cd5179bb2c
xj_bladerunner_48m	2026100601	e034b6d772ae34d4cdb2ef4cfd7dae717e0d29fbc70561205f3d1dd9dc6339df
xj_bladex	2026100601	136ae91184d2f455d223200a91d96d4a35d9cf3841c0828c872e1f02439b7592
xj_blake	2026100601	3b71a576889d26bbb920dd050bd7b9056be251cb119764d04b65cc421569f213
xj_blake_2	2026100601	e6d81e641693d5536fa0594482c7c7c8010ca14f33cf630481f0d3cb50407dff
xj_blanc	2026100601	0fb93ab41506fbae1dcca999e00b2a0c4305a94e296a3f261c3ad129f1a77436
xj_blanc_2	2026100601	2f53cce26d185b7078750efcb09d55399de5c536720e51d2488e336a4995cfd2
xj_blanc_3	2026100601	4a07ed03fe5e14715738ae541b2526d5e40e5052d0f43a858efa1c12075ea760
xj_blaze	2026100601	9096e414729c6020824e4230d92cc6c72111bbcb340d93dc9996db54c908e95c
xj_blazer	2026100601	3c5c7d3939c7b16482f83069c2b037c5fbf498fba6a7eb9f78fb2f41b41605ea
xj_bloomq	2026100601	4f7bf83582ac142b03a195e97440a813966a6c73cab380c495b34023a53d9e33
xj_bloomxq	2026100601	ecadaf3bdef6616fb3c9b22a64afa8b6c3c4afa1b0a4136ca41bfa9c585a5667
xj_blue	2026100601	fd9799a31b14d91b10992e199b2f35ac3ee9291ae8861d1c65f30856e2bff155
xj_blue_2	2026100601	e386c291f7ca38906443c94321a6a43f69585d3dab48edfd79ee0f7d891b4a70
xj_blue_3	2026100601	d9bf632579d7049c75a00e10fc3b0f0ab535d70fbf668f8c9f5c3b71772cfc24
xj_bluejay	2026100601	9a045bd910e0f422470dc5077036498d3c1a5b54310ae74e8d0f54a77f05edaf
xj_blueline	2026100601	37402572f917110800fa64a09f148200e515a7927fe08f09b86d21ad781dcdbf
xj_bluey	2026100601	9b16d492e967b434b6268e357dd874e6a7817be763d9982df91e036cad486735
xj_bluey-o	2026100601	59b510adaa28aabbfec5c7276e9ff572a33dfbed73434a8b3261eb09c0c36d6c
xj_bomb	2026100601	f52e65c6f8b49724c8bfe9c728f286a3b1bb1f19c8c2e763a4d65001a643da9b
xj_bond	2026100601	54eee8136d6ec6e13fb23961d7758ae47b1f64e23c0a651e2292a0ab079abab3
xj_bond_2	2026100601	01da915ea881f8a9c91709c26edf533642e2907b16942e021a8a6feb776e861d
xj_bonito	2026100601	59ef7ee80d78fe28870799a390d1d4957b25dc90e9269c75f42339de65a9e80c
xj_bonnie	2026100601	a3b6fbb9f0a848fb76d5b0a7fa750e9599ca713a4578f1671667653d351e097d
xj_bonnie_2	2026100601	4cb5d973ea01fa932cadd06f81bfd2dd0849e9d9f1ba74e9d346fb1c2f93012d
xj_bos-a0	2026100601	2e9829818af96275ac568c5606261764b9437a428780348f8f7b742c8f0110c8
xj_bramble	2026100601	75971fa4c07ad7da92a83213bfad8c82810ce25b559246a8eb79b22c6ddad8ce
xj_breeze	2026100601	ad1600c43a79bdadc400900f1edf303b4e3af89090de151fce8f7576f1f87347
xj_breeze_2	2026100601	65a7f94f978254a1c2a53e7a56396a1ecaa49c38bbbbe10f8da282af0fd72458
xj_breeze_3	2026100601	7ccef37f86ff76707f3a65731e1e5983fc3c73cd417216c17d5deea79ef20586
xj_britten	2026100601	944c006f6bfbd9637d3e9f2a60334ccc63e1b5987906578f27761fccb1accb55
xj_britten_2	2026100601	15091bb60cd680c7761abb46800c5404f33937c64cd0986608230d7f00a37e6a
xj_bro-w00	2026100601	ce65ccb09fa3a6fb8a84558636306b984e3958f87a523828616100e0228c3a97
xj_bruce	2026100601	2de1a0dd373403979a74175a935f9935f8c3b655452b34313bbc7a98d6560f3a
xj_bruce_2	2026100601	0498586bc55de5379b2cb970dd6499c4de5cadd151d4e906b1b369739b2f455a
xj_bruce_3	2026100601	79816f80c9cd0a5269d79a18e516ad623d48103f74ab25820d9c095e6932ad0f
xj_brucep	2026100601	346a9e40869c0323baa0400ccb683d94715e059e557d32e7eecc28fdac7617bf
xj_brussels	2026100601	ac85a5fef9567a6d92e9eea5d9f5ed78491cfc2da11895344a863d6be86ebab4
xj_brussels_2	2026100601	9e1bfbfef9609938032888e4f7bb9388a721e465aca6660501ffaf192460b292
xj_brz-a	2026100601	3f1a31873c1ca3525fe381aa7e8c6ed871132c7244bb3189440f4a055ca8a934
xj_brz-b	2026100601	53b7861049d109d868e886b9867c2cbc44a1c21735acc91dfd9d75cce40cde97
xj_bsn-an00	2026100601	6e577bd8be9f768bd3f46272b4c4212f2a33a8cbf697d6c2cc782a17ee1d5475
xj_bsn-nx1	2026100601	3c78c2b8c19ee79d351f2fb3beed6b44b60437481c2e53a9c34c340c045d10ed
xj_bullhead	2026100601	2ef0100041ed0b2084a3c432b866f2dab5182faa30b6505acb754df567297a15
xj_bve-w10	2026100601	cffdd41cc12fa3e049602814b6eeb0be7b1dccf3eeb4eddb76a379e08cb76165
xj_bvlgari	2026100601	be33197250e2712105a0409ab2958315091b51f8a4bbe2dc4748bb92492755f7
xj_bvlgari_2	2026100601	3f1afc6995c274d54da9f42241761d831c726fcc7f0bf8268daf7e2d1ce28b7c
xj_bvlgari_3	2026100601	be69125de3b1b4a70c556b5b7d5e8f647b10b37d446b2f7458c46b7771c87210
xj_bvlgari_4	2026100601	8e379f221f53b293edbbf82d68ba74551a07ccc3f5fd552f7071ca9da60e8b39
xj_byron	2026100601	dce1149c9a9eee322ea5b109a5ea9ffa5fb68fdd45fe19b3f2543f933e9b4316
xj_bzd-w00	2026100601	e88798dd8fbddf0f1d2c74b83c48d0a2889795d4130ffcf95f17d2c9480b656d
xj_bzt4-w19	2026100601	580ec3dde46604958e9a50081897aa78da9524986f1221cbf2a88a7eb9ed40a5
xj_bzw-al00	2026100601	1c56e69efd5e65f2135e70b644f0de6918b6600da187763ae482ce22e4c5d18e
xj_c1q	2026100601	900c493f96adeb00d74d10cf53f531c6fb83cbf0be25e7c9928ea8cfd40d5050
xj_c1s	2026100601	d1f0717ce6dea34a835cbd11edd0eb9feb8df0de5073e64b0ce482368d1e8dbf
xj_c2q	2026100601	522bbf5699621741ed566931f549559deb4dd03a1e10224de69ee4ab82e341c1
xj_c2s	2026100601	6495291826748b8f040e4c4bd37c7eec68851bcbd878b91f3a0d83b5503d0eee
xj_c5ltechn	2026100601	2faf9b05c923aafe4784d49cd82a7461254bfe25e2004649204161b9750efcd6
xj_c5proltechn	2026100601	6275c82be14a9a3d2c4f25b45049cd28e624da38b1c51b1fb4f26c019d3fe83d
xj_c7ltechn	2026100601	e1b449b9094000e0dfaf185cc7258d7954da5ee1700fa268153747a76c5ed114
xj_c7proltechn	2026100601	02a416cedb5762785ae81585583efc7c42e98cb31f167ea6f09d62bf3a23c844
xj_c9ltechn	2026100601	279e9785103527dc4c188dc81dc994a33cee1ab8cf597c87f99d1b59bdf82968
xj_cactus	2026100601	a0c9248b4a83148479999180821e80e73809b3db15c6a8ef44c1812b0f2f37ec
xj_caihong	2026100601	ef7da434c99a044f69e47607db719e3969119be43dd74a06761318fc0a575673
xj_caihong-o	2026100601	1b3e339390699db6698a0e212d138f043809010698f862169710a31bd0f777de
xj_caiman	2026100601	655213027af4ea67d949f1e7b506a27d3cd5abb48fa3b757c8b6aa5f527d71bd
xj_calla	2026100601	ca4c6ec9e4a6db1700316a09a7932ac5470055f1a0de15442189251747aa6273
xj_cambodia	2026100601	50209cb53c65f5dbdcb98a8a8e5aae9eb6f7000d2b32318e75d8334309b366b0
xj_camellia	2026100601	86b241b6ac49369e9c5bcd1465c983d4bdb48fc9dde2f0859dc4e9d58c90fa1e
xj_camellia_2	2026100601	93d4f9f996176d9e94545e2003984d8d4727967377e2d08abae60b2aeb6e5932
xj_camellian	2026100601	41fc27e6f8dc67bc35591f5ec5267f8c2d5efca22919f60c4cdabc39d2cd900d
xj_cameron	2026100601	31552e3d0f9ac3526a7d0a3293f0f5609a94416bfb231cedd68bfb09161d2736
xj_camry	2026100601	56257c939762e2931455a672d89712751c21788e44f096286666e909c7dc4702
xj_camry_2	2026100601	f90437ffdd9e811916ba36daca1e884633813f7e57db368ebb35b8fec2182c28
xj_cancro	2026100601	b5b96e6b5d0a0351073ac4e26f7f421ccee6ffd79e3b468cbac7677de9863ba2
xj_cancro_2	2026100601	0f1867b41e3addcb48294d7cb04125a68058470343158f1b2a56b394b7b0740e
xj_cancro_lte_ct	2026100601	d085efbeb44a85d3f2ae2af4356170081aa5698083fa097a6af13805e7fb020d
xj_cancun	2026100601	71ee83113e5788488997678d273e7c74dd1137bcf16a0f6f03b4521383406176
xj_cancunf	2026100601	58ff2e9f6a158b8c58e332e32621cb2cbd0a2f75dffd5b30c1a3040ba6705436
xj_cangshan	2026100601	3492d3fd065339431a7693342c9637b7796074e952744e2e0a983b16fd6a77f3
xj_cannes	2026100601	958d248ac9735153d899671fef5a2dca619c1675c447e3a733f5ca74de33b9d9
xj_cannon	2026100601	0a9270b61131e7f3226a44a89f6386fc5a96fd257abd3ac4c755f758dd6e62b2
xj_cannong	2026100601	458fdd855c817df83decfc87f1a016a5de802d19e94302e894d0fc56d87f01b0
xj_cappu	2026100601	cbe500402e8b4e9c121d845e9d29b3a5a8e4bd76385438eed99ad3504b50cfaf
xj_capricorn	2026100601	584e421f111a30660588e4a74b3e6765ad6397d53d5d991de906d1a64b9475dd
xj_carmella	2026100601	ac10683416f2e49151fe120c29d6784bfafc7ad6531f330d90403422af1a7407
xj_carmella_2	2026100601	288c86374197357adcbf4bda1b748cfb23e59cc965136db344c3b2239f536c18
xj_carrera	2026100601	f79b850d5a2ae50cac7ea875e375a6093141f687d48a60e3828fc07fabbfd66e
xj_cartier	2026100601	388f49e984c4033bcbc8892de3be160797aed21f0348167b1b76266fe4b53da6
xj_cartier_2	2026100601	f1e40813aa127a1e178a4bed6273f58bac8c591b1305b99d95e362929aef5316
xj_cartier_3	2026100601	26c5e8e8f5f69f9c21b34a80a79eb20cea0f77be5c782426d77dbc3a5831319f
xj_cas	2026100601	def9bc1f3bc025d3d16685e582d790264181b700dad7e994fd6a19ebaa174945
xj_casio	2026100601	75310efddb7726b63108ba3873157886c0df5c264289468c7e187ecffa680400
xj_casio-m	2026100601	9262bd49c2703941c6ee1ee3cab9ac48c32acf9e61f8272fe61618cf9d8bce9e
xj_casio-m_2	2026100601	88c5ba577919b7723439646c1d9a2d6dd15d7072ea37138aa9cc0c945295e826
xj_casio-p	2026100601	098a1aa0979b72267960275b00d8fd9a56072703fa3ac497cf5a6d3dea983661
xj_casio-x	2026100601	bdb5cd71fd6c1872e0ac34cbf281b6ca2506d4e27365be942b70a135eb342047
xj_casio-y	2026100601	c4d0e2b8155cd9cba253869413a3405677346909ce229c9ca3620f03d9a5286b
xj_cattail	2026100601	390ed0327307ae9fba6cdb69225b8abbf4e2dc216397cc0921c7a69f45d2e7e0
xj_cava	2026100601	96835b468fd31357e0b43a3624ec65c0258b9dbd65f4b91cac446f052b07f264
xj_cava_2	2026100601	56f7e1ca8acef422d30f400d2e1b1d62c8f2ece4855dbb8983bc28dc07f783de
xj_cayman-a	2026100601	a1858150dec03bb2be003105b5bb98ac97a7ae705700065903dc53bdf11a6314
xj_cayman-b	2026100601	04093e4b966e93f23181aff3f0641318291d413c881227c7baa8301c9c79ad89
xj_cayman-c	2026100601	d7722ebaf3765c88e989b21a8fda3c4823297445fe364ba3953083467287d207
xj_cdy-b19b	2026100601	42ac3d0054bac800ce6d02c4683396fbaa1407d8c94acc36d9a279df9a98bd72
xj_cebu	2026100601	783295ede325c04fc420300cc42d5fc852355cdccd7203594cca54af2db210b5
xj_celine	2026100601	50bff1b4003a0ec915578c7fe191fec3a643e7a7b321cffbc57c397b103b5e4d
xj_cepheus	2026100601	0d47d868bbc20ca9584b3a420d47ef2cca4e7ec6af4016ad46ca494eb0a9da7e
xj_cereus	2026100601	d5b81946e60d836c092500ae4895d65b8fb0668a47a4eef5e332640b96ed12a4
xj_cetus	2026100601	ddc1da734105b8d86222c2424cbd6109a4f13614e39d75abc1b20f6bacc1091e
xj_cetus-	2026100601	ab924b1974ede9fff32a4aec3e7e29a0bdf97a134aab1a25158c518ff64e6833
xj_cetus_2	2026100601	d87642cb5205fdf220f53b10ea6bd31ca62a2d331758a0471019321552dc9688
xj_cezanne	2026100601	1fc419211c113e682790698630f70f50af0c3c8fef13596d8a13dbddf20f0978
xj_cha-a0	2026100601	ee464841e779b791f895523ece7491a639355ef2c396da4033f2987fe9ebc55a
xj_chagall	2026100601	843f4a5c6ccd403d11a4fd7d3dfe1922a4a662aa216ac24380a757fe79d653a4
xj_chagalllte	2026100601	12754b138cb5d36150e807ab76c671634231bd20a4640a51ac475e6fd0342f2e
xj_chagallwifi	2026100601	6a69b39686b1aaf574ff10997fd2496320e2085280b515fc3084969861101d46
xj_chaka	2026100601	4d276b5961ae32762f91f3fffada0b9fb4da5ca1a06e30e9f1e0fa5ee65c7b8d
xj_chanel	2026100601	ce3038a06dad5564efcf53610918d599e2c3e184add444ee1e3fe6771ac28a94
xj_chanel_2	2026100601	b9d8352f8a8c12f0bbb3d651079880f8712281be72feb61790f463194d0ca93c
xj_chanel_3	2026100601	004b91a0d8bba62b76dca77c48be0774bf98ada77d85d105f45adcc9aa93128d
xj_chanel_4	2026100601	53fe4a189bd74131cab390d512645de6c67c51d3e6163b2275a01040bcf89dc1
xj_changan	2026100601	eb7b7d768f8f3a38e585b560b5775d7541aefb7449dbf7cd9029346c50186f3c
xj_change	2026100601	4e294d54fcba31161f47d4ba74bbc09eb3cc11aac9fb93271e691102a9095456
xj_changjiang	2026100601	e0372cb90287c8f78eddf703d77227e264d30693ad70b018742283176df5929c
xj_changle	2026100601	9738c9dcff6941d5883704f83aa91883f97305efb3b67a000c18fa6a5a6e77c8
xj_changle_2	2026100601	ca0ab3b5ffc09082011039dc450807bfafc20e9faffcc540db9f0e53fcb3f0b8
xj_charlotte	2026100601	8bc90304260fcf17bf7105271a94e7008f0f0226d35e7b65ce9946216d020f68
xj_charm	2026100601	98c42edd4a8e78c7d7e02296e84596e6bf52a0a01065b7303c145993e5fe7e9c
xj_charoite	2026100601	a114414b35c18df032b4e94fd11dc6b2aab21bc9c233ac4496dc9316c402fb06
xj_cheeseburger	2026100601	fa9a842de5d26a7d383e46cf58b28f2fc9212e4c085671d15a855d582ab00b8b
xj_cheetah	2026100601	282f53e52adaa514a71af81d59e3c8743cc0209ba5d0ce4ceaa9c76df49048bf
xj_chef	2026100601	65bee89afbdd2e3f4255567dd03ea5cde0e7db09644a9a439244df716ca73492
xj_chenfeng	2026100601	3ce03653f5a5825a47cc9315d0ac6d1eb408c34411b45c3ca9946e6d3679ec54
xj_chenfeng_2	2026100601	462f3eae745a87300b306f4aee566caa7a3c85456b43c5de036a19d9bb363f44
xj_chengdu	2026100601	cfb1c14b393d81a2652e42183936ea1f5741e26072e3d6690453e20bfe883898
xj_chengdu-b	2026100601	480eac01e6e50d6b399d0ca86231b820095ea7ba9d503191bbaa78c48adfa460
xj_chenzhen	2026100601	56ce2c4fbaf503cb16a18e32a01d789145245c18176a0bec92d8cb5735794c14
xj_cherry	2026100601	ee6ae9aac98774ca26031ece52bb6c0b37ab640c355609aea0ac359ee50c3400
xj_cherrymini	2026100601	e6931742e9c207e7c6d6eb6cb2af505639ef3d44a205d64c933c86aefad30d81
xj_cherryplus	2026100601	96f6aefbd8ce2785190984d626c6c14eac8646ca2aff2a68b3e7d3dd454a19d8
xj_chiron	2026100601	2a40deeae6746d908dee7509aa632836ec246fdac164096f66c356111e02affb
xj_chongqing	2026100601	95210cebb3bb118066ea07b1700287140ee26efddaf478f39a984d361e7e656b
xj_chongqing_2	2026100601	2e892931a0e479582f378382e9aedae8f7f474775509f740cbd29b234ec1fb85
xj_chopard-a	2026100601	c4d43e37df77712da078d83d19a036f744e5b581fd6dd802672f3a31ef92d5a6
xj_chopard-b	2026100601	532540224b9742b6c26a97fd8b9486a36392973d38468680de1cf99317ecd767
xj_chopin	2026100601	cf7b36c4f56a756f69d798cdef31ecce84b43b1d7622183d042ac22f4e315cec
xj_chopin_2	2026100601	5e7fcea0cd3169b7869b23150f42e9a21807eab164a78fa8dc3312b4f86a424a
xj_chopin_3	2026100601	f572a94c983119a1711c812f42e4da9d3a1695374d2908461d89f1ec438f4c97
xj_chris	2026100601	58f51699de89873ec190aeb8eae46feacb3a05400952c1c1bfdfe7a36f35b2d6
xj_chrisp	2026100601	343a11d3faf4dc473489fc9967c611f17adf992c650e6763790f09c26a146f49
xj_chrome	2026100601	8f635a09cd7266d7106e63537229ed2db17f55c96a1710d8c2caf88db9aec028
xj_cindyl	2026100601	8926267f127855d8701e1bad766898733d8abd363c4a9cc4fae4bfb76803ce6f
xj_cindymn	2026100601	bd0e3fbf7c3c04276d0e8e1eb4c62a3fe05d3b32692e7cdcfc8d1693d8c0b46a
xj_cindyn	2026100601	1bc13cb488da7015979cd301a66e3e5cad1c276f8a94b5267b3d60ef34fef4aa
xj_cindyn_2	2026100601	acf0dfe4003e7c56f436a7ebd01435563a149ea22d55aee5d268d922beb2047a
xj_ciri	2026100601	e85c3cec6695c90277c2be8ca38cb8114d44479c9c09e04e165811bbb30d4b21
xj_citrine	2026100601	37dfc25ec0cd1a2f64c7424f117531bdd08b06ae8e7ad1892a7e7d09b93ce7a0
xj_citrine_2	2026100601	31e507bdcec29479f6a694e941b8d44cb02d5a820fb43ad49cb43ccd57bc8129
xj_citrus	2026100601	97fda1d1f9cd5fcd23bad8598ed93fefd0ddffecbd9765f66bda3bba49bbf5cb
xj_citrus_2	2026100601	831e0da055f84bfe95e1db74af714190073c9bf7c161c0425f10af8ebd81218f
xj_citrus_3	2026100601	57256f81969cf04432f8506065b6e3477d925a9c9758304065a72bb9f92ca2cf
xj_citrus_4	2026100601	08106214a682c98d1c9a2da5070d9636a74bf6593ab091b3008fe1175b38ef91
xj_clark	2026100601	52de39c953c59af5289abb47b61d8e217fd9bf65f52dfaeef0a15912020d4821
xj_clark_2	2026100601	463a781ad891239eb2ec8065fbbf3854540abe7432e648727e504b5b5e3b5026
xj_clark_ds	2026100601	10df51f52f314934eaa499edd94e23802959b84067cb515de049c562484753e1
xj_cloud	2026100601	257ca6e02e8fe47329c5e9787271cf9aa0c0528dcfdde9fdd09fa858b7a255f8
xj_cloud_2	2026100601	145dd94001bcecf2f847a9d71a5d925dfe745c30d5496c79a8fd3b02fb3d421e
xj_clove	2026100601	5c15c05331c47043a4b560e18ef9e97fe3471e1e5e96dbb67c875d7582be590f
xj_clover	2026100601	dae1b1f41465c62a28a37600f898f04d29cf4a91b8f128bc559c3b99d4780798
xj_clover_2	2026100601	bdbf0d62b6f778c8d6900010b456a9e980b2c697b6c66b0ac30cf5e3135b6e9a
xj_cmg0-per	2026100601	2a556753abca72066a08de0f467663be9684fdda45f37b9e9eabbe6388a74825
xj_cmi	2026100601	b2aaa61a26db441b2f519b6f5547ce758caa3729f489f7024174482973717cf9
xj_cmm-al00	2026100601	03b32dbe3b12e1f1315d4e49bbcea1a03b83e3e113437105d2ee09048080a56b
xj_cmm-al10	2026100601	40c4db77fef2c3623a2fef274b599d1af060c1734695204dd9fea7536c0158bd
xj_cms-al20	2026100601	42068116c0b10f8af3638193182786b5c7f4c725ac5c8b80a78a933214c29ec1
xj_cmu-al10	2026100601	4f84e8d36490c48e31e3429354d3dec3fbc569beec23f8d656de0873c14c56f3
xj_coco	2026100601	9b20db3f55bece10d73cbb9efcc48bd9820ebf207dbcb57e9c00c6b7c9da741d
xj_coffee	2026100601	78c20bb5b21e23090c9ec8a71ae31f1c036800b2753821dd3510c6ed5cce9fa9
xj_coffee-a	2026100601	9932eedd1fbbe25f2b1c3026c24f745664bf70b2084a7eb39904ec1583bc97b9
xj_colombo	2026100601	f1b039cb24c596c05e47dfc28db9fbcd1cfb8b7471cc4b58cd527075bcd38768
xj_colombo_2	2026100601	b3b11e5decfe58c77c53014903e895bbc55f7e0b67d42a87bf70b92b06c96250
xj_columbia	2026100601	043fc830e7e53d8f4c83cb514dab3dc4ad3934345da39f8b3cb829029d9fffcd
xj_comet	2026100601	06dea72037f6762d929d8b9d405d77a65bd58157ca266018259afa57a940df06
xj_coral	2026100601	4e5fa733fb857b07ce532b1086b78a7960c949978dece0588657413609ce6c29
xj_corfur	2026100601	488182daf367a8a6bf83ccf123e58645ee48c2bb22bf14c8902a8b3ca068527d
xj_cornell	2026100601	d7fec29a419391aae3607149037fe5fdf6e36a379bcf5c1fd1231a24efa9221a
xj_corot	2026100601	2d9dc125f9bd2e7bb576236d57bab162efd095c771fc0e8d749720f8564587af
xj_corot_2	2026100601	218338cae87af5aa0ae1748db5b567395e55668d2581912f95e871e08a6094a7
xj_corvette	2026100601	93c79937bca33b4eef8655759580e21688bda0e992161a4ef3986cd6f4593343
xj_cosmos	2026100601	67d7d111a655a016ce664104f512509a9866ce44e95d7c661cb1d9a591a74c38
xj_courbet	2026100601	c311c1d68964108d06e5e34a39d984dced199e421ba47f71364dc2eecf515442
xj_cp03	2026100601	d36faed363f720e88df311fa77ded9db742008428482364dc571b64cb97a94de
xj_cp05	2026100601	86d9e45d763626855f3c1e08dcf4af1148c01d2442cf91275db4294a5323fd56
xj_cp07	2026100601	61fc1fce1e8f2fd5fb54ed1c553ecc302a939d97888e0273e65f4e9ff308fbba
xj_cp13	2026100601	f0fdc5800e4d5f8b4d017b0f7c7349bab607ef3a3ea1505785c171423c4a389c
xj_cp15	2026100601	bef784cfdd822c94bc64e0d6fa9da685e39f101798499956ad35ee4516183425
xj_cp16t	2026100601	fd44c64df3bce3e4c20e0efede4e1fc164383be0769d8c5a388def655304473b
xj_cp17	2026100601	3953024c9c2a1547a08133a22b68e78216ea785fe543322e03b1bc726962d93f
xj_cp23nv3	2026100601	ae7a4e8e00259154d0228739fbbb6b91d5b0886c24ca717cdc3873b464a6f8a9
xj_cp27	2026100601	e76e00fafc17a3ad8d91582cb43f3e03b78c0978cea949b13338ef2f63965785
xj_cp2fm1	2026100601	5b06a94f152660cf7bc6af421b7718eb10ed4c025fd1762887d688551a2971cf
xj_cp2fm2	2026100601	4be85f786e87e83bc217ed8f17db04163bf915af27d9e1ca7a3c70d17cab06fc
xj_cp3at2	2026100601	926998b0eca64182ef14f991503cdcb8b601fe2509423525f65a7891c019d6c5
xj_cp3at5	2026100601	c9513505b36706761b7bf27fd8033133761692051802a36c7ffe513157b043d4
xj_cp3ct1	2026100601	493223b842092fb8d9c078ab9f1b3c4e30419627702540711a79b9773d6faa6a
xj_cp3nv1	2026100601	1fd94f8c71fa06a57472ed287bac45a7616201ca032e3f8df1e398cc1081a127
xj_cp3nv2	2026100601	d5101f1124b8f111ce72c86e80aa6cc61d384ad1194c65112876d78948083307
xj_cpday3	2026100601	6d117ebe8798186e1154951eb754111bc0b1382f68f74c4756abec2471e3c0f8
xj_cpday6	2026100601	18e587d0c3e371b0bef9960adf5ae27ccb34140a4b483e4fdc76d487f9daac16
xj_cpdm1y	2026100601	e38c6c021744ed83dc71fd44ad9800b09ef60939c7b507acf31025c030d8f821
xj_cph1701	2026100601	8bbb6f68d8a585aa4a0744cbdd7572db8b97f7a47f2a755acf5faa3b3847a1c3
xj_cph1809	2026100601	10f9fe1fb712a8b9e86fe33c2bb333b03f1869bf2b95090364427eb0400b655c
xj_cph1835	2026100601	79c2749162c2ff9b588f48d545fc2f8a07a22f80b949e410dcd7f87763dc481c
xj_cph1837	2026100601	f040cb166b95281d621f7a3dfdfe1d0c1d168d99cd3a5bc2973132e1529858ee
xj_cph1851	2026100601	2e403fa67ea3fa9bab18710a52789bbad75c96f1a328cea3ed5a8154bf2d823e
xj_cph1859	2026100601	0553cd52266114cc5e9aa91d578607060796890d66adb66d9197a1a78263c080
xj_cph1877	2026100601	cab7290b0dab91c8a1f096736222f5b0ed9ddd02c4272e85716b9df455589f0c
xj_cph1879	2026100601	0c8c712925c08787c6ecb00af73e096d0d8b64314fc0010e0bf42619d8c6431c
xj_cph1903	2026100601	4911a0418c7fca48f69de17f5c7847674fb3cd28a0ad5cc3eb69db31924c3a91
xj_cph1907	2026100601	99bfddf4c4fb4949cfdb800a49b5486aa16fd66fdbbae83b0fea662e87d09e6a
xj_cph1911	2026100601	6bdb39349f09027af26f695ce230802e666443aa8aebb26420fa952fe4db9c28
xj_cph1917	2026100601	b8e3dd54517b20ca072f59977d047436937b86c9103b7d1dcf3677f9ae87d27e
xj_cph1919	2026100601	2f014af2ca2ed99d9b1d6d07a780697c7814dbccbddfc777f2bb43ab177a7546
xj_cph1920	2026100601	23f29ca83eca0986daedf39ae8263ecda7844ad96e7037d900c97faa8b4f333f
xj_cph1921	2026100601	69290972eb0f6ed76479cce49f36bba9b98083e382f95906a3a8822f54abab93
xj_cph1938	2026100601	07275f85314588f5f259171828b17562c133bd65da790cd883c14f550e38753c
xj_cph1955	2026100601	27631b0e3745f6ee856c82ecab362a72d216f782a6f7acf9d3842ffd89c5841d
xj_cph1979	2026100601	ce2f2d550d223631a3a83236c4f40822ead484232be8e5ffbc21ccd91a42ff8d
xj_cph1983	2026100601	fb53caa78f7a59d204a9ce16904c14cd5f3917954b7b400c2e8db85572226cb4
xj_cph1989	2026100601	5ec1d0f2b85fcd2ecfa3ae9a61e3ef3e1c019d277b1dccc6c073b27b5ba12ccb
xj_cph2001	2026100601	c1f00225790153f662c62c0e9609b9912f4b8114193b5e7860a2ea3eda0aa86d
xj_cph2005	2026100601	9a9c384b2ca45fa9da29416f24a30603cb671e0584e8e6b7cd24008bde3988fe
xj_cph2009	2026100601	e7382da1bcbbfac74c4d8021288766bce2c83eb1d9b15dbfc659dbe0c28d1624
xj_cph2009_2	2026100601	95496e1ad700a6bba9b0cac83af06110f3ddcb5355bef71b855042040916031d
xj_cph2013	2026100601	71c7a768b2b57d770f57cb4a2d4c506b8ab88111042dcb893eade1ee3c4f8145
xj_cph2023	2026100601	75f4576ade01008b9371b4461748245ae3357af8c87281d06b257b2923bd5efd
xj_cph2025	2026100601	890d503a1fb59032df9fcb135712d6d16b8e97a496a817558fded72e053677b6
xj_cph2043	2026100601	831df1c462c55c619ac63f2e63c75cfcc3affec2f7584f9d516c23b12e370311
xj_cph2059	2026100601	452ac3945b247cef1caa61bca9c2e79278180fc09fd8fb51d9abb9bf7db45a7e
xj_cph2065	2026100601	a231451f37fe447bd3681d905eb2bd3a645bdfd37f5aac99d5e2f92898f7e582
xj_cph2067	2026100601	8623f9c77ea8cb8b93dffa2ab02716e5fefdfd75bab6f7870c933e8e3d740a4c
xj_cph2095	2026100601	0016c8adefd71cfac106cfad5fc6f531d2eb6b7208ffcd795f4651e57d70cd4d
xj_cph2119	2026100601	5527009e947c4a1afc194aaf0519f9268ad33e849c2e9bb08b1dd8b4183dc6d6
xj_cph2135	2026100601	3cfa2c61c19023481403767a911c92ca17718104e367b0ed6154b41ac7af066b
xj_cph2145	2026100601	a5c3b26bb59cf6c0cb9ce42db2ac0710dd98c59590e85c4c28e11d51f53ea7ad
xj_cph2159	2026100601	c61a504ac11d3e3adb3dcf7607a270f638301f1ebcfa72874922095770aeaaf4
xj_cph2161	2026100601	26c08028aaa77472110b02e042417ffd323d76394eff33214dc691e0cabe3504
xj_cph2179	2026100601	06fab1ed54b560cbcaf6120e28f6fe42f3d401c19f572578077bc3648b535cd9
xj_cph2185	2026100601	a329418e224026e65248228d07be5ca7315e92b4166b841154cb44b1ed82c0f2
xj_cph2199	2026100601	38f6b890fe550f07b8c98d212d3dfff0b58f95173c638bae9855e1282a1b976b
xj_cph2201	2026100601	270e12efd75f498d7b8b6b240714e096523d906f72dc3a52f8797ff9bdf1f08c
xj_cph2203	2026100601	686431853c5aba0d7c3838333845d99d4de16676c2567c1db4ddfd1630bd6205
xj_cph2205	2026100601	00cc368a53d61254b2f5ce0476ea4296b41cea4c6db8dbaa3faf8ca4da6b4ab4
xj_cph2207	2026100601	8a709200100e9550c1e7af595fd4c657154ec478c131f68f072bd947b5d50bf9
xj_cph2209	2026100601	5b43b72182746dbe981863f2aaec594960c79ceccecc3b7c1caec9fa808b7cc3
xj_cph2213	2026100601	8a34395d684f36df6db312dd1cd0baf08a7d6c3eb6856196a630c68dda89172f
xj_cph2217	2026100601	9057b24e07ea7c82da4a620bb71f37d462bf24f8e36d34f87066bb8f2a82c083
xj_cph2219	2026100601	6e33cb5940e840b90c04562303ed51fb637af3773ff3568bc2fc27dfbc2ce61a
xj_cph2223	2026100601	d56c37e56a9ea5eb66c979bdcea93f32b66de89c392f35ebbc4f44b0b218911c
xj_cph2235	2026100601	98ce1bcfa14baaac3ecfed1f50ed50cf6edbc6a55e1a634eea7a4a0af8cb5fa9
xj_cph2237	2026100601	f3e7f90ee65500e10235300f53c4d7d3e94a4b2d7f1a931ca4035ddcf523e9f1
xj_cph2239	2026100601	275af2ac22d957eca065a5ad211387b1e14f3def52abdf32713ad3eea9552df7
xj_cph2271	2026100601	9c56eb786a982e01b5cb172664bce1e673d160ce22b03416c7a63e35e77350b4
xj_cph2273	2026100601	8a645d86e07397042b90584760a5d3655cdfee0aa00596f76eca30b68785b91b
xj_cph2293	2026100601	aa6d76ed1efc1df909ab70d179384b7ed74aca3b960b9cb6975060624e0577da
xj_cph2309	2026100601	ac3a24b32a10d07c2d19df9916cd58205731b4d9e703a06a7b0be987cc54c568
xj_cph2325	2026100601	6ea9ef21374af83072d24d9dd6e03176f6392cff0650948882d0bec045d237c8
xj_cph2333	2026100601	086be1c6acde83f1bce85f3d862db54d6045ad37fd98361ec9930f8cb43d40d1
xj_cph2343	2026100601	808fb2d8ff6e24bc66fa4d5483ca70b2eb828f66d9dd04ea0cbd7b665ca66fb4
xj_cph2353	2026100601	be15f162ca068e9988ca4f4c38c4bb01a8dd9ff42276ad3a9e55346a24dfd4b3
xj_cph2357	2026100601	fe806b5cebc3170174dac2d74ab5fe602850f8c0d48f34f722fc41dd9546b385
xj_cph2363	2026100601	549d1cdc2d31f141810e131bc0a6d3c4547348953fe44bf0d152aaa70e3c4b9d
xj_cph2363_2	2026100601	db787c114a69683cbe5f1f5dcfcd03c48e526107c972cf15c01cb4cb38fb0cbf
xj_cph2365	2026100601	6295ce7706d778daf8dd05a47fdbe1ba7dd3b1ec0f2ad4d049d6c7e259e32705
xj_cph2365_2	2026100601	f58ea203c8f8c634b4cf8be954d552f26d66a72abf4c99cba836f638f37f18f3
xj_cph2371	2026100601	c797ecf822df73f802885cf2d1a9c1494ccedc01c635ebf018cd6847ec0817c5
xj_cph2373	2026100601	d1e2fea34ca11f6b8d7fe5cfd37148fa68146b7109bff247a4b4d484fc435931
xj_cph2375	2026100601	f222bcc7b9a2842dc1804afaf07970481648896038290db0cafe2ace25a0615a
xj_cph2385	2026100601	28ac18a43e014d915673103b3c6cd2321062b6c893eebc7d23f91a7acc0f8ebe
xj_cph2385_2	2026100601	8d83205e1adca88e8f1ca7aadc69f33fedb2884c065ac147866cf75d0e0da0f8
xj_cph2421	2026100601	ebb809c571434f0ce152deab47a753e24091a4cd8a7fe84501d57630d1ac4595
xj_cph2457	2026100601	face8ac9aad4f3448a5f1ba8123966c92ddb17baf54ed1e0ca6baed0e1d57689
xj_cph2461	2026100601	c18c207c1cc7a98cf7ddec575661a47c5bf6152962f9392a23460940dd25c267
xj_cph2461_2	2026100601	b13aaa919f3f009289225b5b7e945f62c1a82c012d6bc9f9a023a1a1d150354d
xj_cph2471	2026100601	ef66ed9fff3f8378684969e4f8edd2e32bbab8cfe1596e9f1c57d2cc5334bfda
xj_cph2473	2026100601	89dcbd42feb9391d545ce69e9672c7b53eea185b4be5db52c626897bbfbda2d1
xj_cph2477	2026100601	f9853424dc3cd8650b84252cec275a6da10782115e9f4c499eece7d7b307a479
xj_cph2481	2026100601	bb1dad3c303fc63f1e7a2ea0cbfec5e82eae1092da9cdca3460877daca3e1e75
xj_cph2481_2	2026100601	ee456d6adf00b229e0afad7f6ff2be33a1fd56b9e3b63abfbf6df1ffba1a7a33
xj_cph2521	2026100601	6c69e289462daf866ee63dcb76593b5369afa340fd79f555a4c0cf059a09e080
xj_cph2523	2026100601	31a361e37b7ebf6b2150360b2be79f785b07807e235f4230fe96326238b6f56f
xj_cph2525	2026100601	c144ad76c5ea2c78c93dfb160c5c21eaeda770a41379193c58d31f03a5b100ee
xj_cph2529	2026100601	cec7cd3ba390c4e2508ac1caf1220a15e9cbe5e4f26d2d0831926bfd2b7ceef2
xj_cph2531	2026100601	cd6581f6adca2e8298f614d6db25b7af5dcf40ee5f6401ccfb87986b2db2d800
xj_cph2565	2026100601	6d0adaceddae776a8a9506dc4eca9cca15b63160a8b11334820cf4bbbb9cdb8b
xj_cph2577	2026100601	067be342fef65e56fb50e0c9448e4f12e0383242cf082b3072b22947c7e0af02
xj_cph2579	2026100601	ed83d82414a760215c42d93ee17d10b8e70aff62b788fceb9718d0390f8a4940
xj_cph2591	2026100601	2e6aa8ebf043dc4f93420f98a5392ebfad4bde1f574e6ae8ce6c9ddf8dbf018d
xj_cph2599	2026100601	642cdfba64b0509cc9586855b9690f42c278ed99df9604feb04585c90b873c5c
xj_cph2603	2026100601	f3286563a6d28699c373e4e9f2e7287b410c1534e81aea2901ea1278387e9831
xj_cph2603_2	2026100601	1a71add4da87bfc4dc8de0b010195b43f8f17eedbdbcd682322a2aff2d23227f
xj_cph2607	2026100601	3453670b7b395d9e9fc0157d2bd6b6e53606c14cc982ba8ad60fbebcca0eeaac
xj_cph2617	2026100601	eaef7fc1bb8be5a243dcf011b54ddfc2a0bb6f78756d0f44502faf2ed4420e8f
xj_cph2637	2026100601	5558f658fb8e646cce9799495e7262c0be61f4e5e0c74069666a301b3a60710a
xj_cph2639	2026100601	005646cb13957d3dd9cb926ec35fc48cef79e28336252782172f8e5c6f6c3a40
xj_cph2641	2026100601	f9affb5c5d366854c3a43932d82135184a2add87952bb250f7622031b740ca56
xj_cph2641_2	2026100601	e87be1536ffb12c3b37767177ffd9d726d5896c9200b6232e5186eeac5bb7e6d
xj_cph2643	2026100601	5cd895e410d1910071c6cc704a1e37856b0cd3eac0f4adf7ebf38b0f663ee178
xj_cph2667	2026100601	db1eae490ff3d913ccbe16030daef5d40ddee1cd7622c679051e0708a050c689
xj_cph2669	2026100601	840f0b87bbbb538b071a6a843f7e2e87cf6f1ca1e1bbee6ddb40c311efcc1371
xj_cph2683	2026100601	c7ddd143492cc127309c3db54b15b052a18e9bb1064e070af030e9b901224da8
xj_cph2705	2026100601	87e9054ddd14826a25f67885903edf327b07e02bc7694ca5496b3b9788c3d991
xj_cph2711	2026100601	021e0a63a0a6b5e56b046ba8e0c54d8e7d7d0718a6050587396a271512b4be5c
xj_cph2721	2026100601	d309ebb5b72c83d0d83524d18e861504f4b64ac2ab0871331bc9f3ed3a4ebba6
xj_cph2725	2026100601	52ffbf53ad02a81fc2e8ee8b1aced73eb81dbff91dc7c66b26553e8ece50b2d8
xj_cph2727	2026100601	3649b7d58cc6623ea39b4ced5992bb5ac634e1524bc8f56e689e5551c2364b69
xj_cph2729	2026100601	6ab092ca76cfe67781d68de1e4077a6c12ee406561626d31048f227eb3f23cc6
xj_cph2753	2026100601	c4aab9c2c84ae0c33daf1f1f1d8b4f1c8b2cbd00b5258bf6b98562a20f4d0129
xj_cph2755	2026100601	cafe4cae1f3722b07ba45806e7e900b36b3da044f0bca8b1b0653e9c9b40e41c
xj_cph2757	2026100601	b38cc5bc631d11d8280df1917f68dc3d77502f1d1982fabaf619ebe1f08c3479
xj_cph2763	2026100601	e6247801caf569bc7c2ffc4a4153bee69c0ba6769e6693a2f34b14acd2e683ca
xj_cph2773	2026100601	d33ff2d1ccecd2363f22747d6bf77e35d83164244152bd44e25dacbdfacf3a0c
xj_cph2777	2026100601	66368481003c473264acf4bf4b0e1cfc453385bd6ee5b9a885b1b52a6d38480a
xj_cph2781	2026100601	bc8ff80903c0e542093f1d0476944c5740a39e03eb00d0dd0bc387ae81488f0a
xj_cph2799	2026100601	9143f901ab700b4771dee3083687092ca67987b98cc6ba32749bd51c86653edc
xj_cph2801	2026100601	6567c5f5b78a58cb6560689e9768175ac30143e385c24c710878956f095d8c7e
xj_cph2811	2026100601	5d90ab8dc6a1be1691bf82fee5fab9d50ad4555e9bdf921705f767a10f78e948
xj_cph2813	2026100601	466fca9e43962baf72e4ab226df9bec62392989faba00a87a1cd85167526ed9e
xj_cph2815	2026100601	3d0a9f7a77add7ea085e3a7dc655108bcf53d0e16e86dd73171629d41b39bb23
xj_cph2817	2026100601	a7591202550ca3d8e95dc47f1b3e8a7c5ed9047cc5677d1f585ce4cb93411f17
xj_cph2819	2026100601	a0eee9b1d80ef553552380698594dbd563c8b04f3ad52674f384553e3dd27154
xj_cph2825	2026100601	917697236ecf097cb6be73cdac1945fb1e633691edbc2a5a42de574887cab1ea
xj_cph2829	2026100602	8308989791703589643bbadbe0f56e3a85d1cc1d8cfbded4d72e2f67c5669d84
xj_cph2835	2026100601	04ee030e91d320d4a1e00bc8b2e40a83a9164ff44d46658714a2d4ae8a68ad6a
xj_cph2847	2026100601	bc3903d5a6e0aa43132d78493812a6d5487e1c7530e11485a99ada134daf8130
xj_cph2849	2026100601	cb5284a446cca19b1ed211653a494bc931f37028aab7c97f7cf37f72c2763256
xj_cph2859	2026100601	b219963786d865f9b8a49083ae80a9a15042a5670da7da379dc1d38003d65dd0
xj_cph2863	2026100601	90c0ffea9fd29d6d38e58b455c64f82f9c8794f968354e0462b59e44df939e7a
xj_cph2865	2026100601	964ed00dbc026f2de89a9502657c7a787634a8565040b8321be664ed9aa820cf
xj_cph2869	2026100601	5b72746311a5dd43a351442565f71697dc4abb5634dde11f149a4c9f2ee49d5a
xj_cph2871	2026100601	4978048d83bc075e3ef0b76ec09b3cacb621c7f71b63c0865bd1ad429ec9f973
xj_cph2895	2026100601	c65e7c7cd80c8f96afa917f38b48f9b082f44dbd4454c49e8c192f69f3fb0dd1
xj_cph2909	2026100602	1e843156240e5a4b7ca8973c1c82abbca3c362d1f6be53c183b194ab8b0610cc
xj_cph2931	2026100602	f0cf32b1ae21e9b48029c76e7cbc486fce28ede9b3ee731e6b5a63ced31c2159
xj_cph2931_2	2026100602	288eab61bc93c00d8752a94b98e4e059a32b5032667b4c1a43ed42ff62f4f496
xj_cph2993	2026100601	3738cd5cde85c7c3baa6cc4a144ea1b9dac12d750cf2764e7660ce07036d105b
xj_cph3007	2026100602	04b59b8c3c83693aa6e02b811814417343318b0cbd05ec122d10c6fd00cdf725
xj_cph3009	2026100602	97f805a91b5fe47d866ecd2a0b95eab539abc095dfde84b49579746067a2efbe
xj_cream	2026100601	0d653b992fe3bdc3dbe71fb78cdffe48c4424efff38da81ee589169f895e2e9a
xj_creek	2026100601	5f9fd98bf2dbfb94f93e6d0c27e7447b99eb5e0263feec62a0bcf1a7b2db9c70
xj_creek_2	2026100601	165928f7ecd1abc4343eb79a84e0c153d38157a2e3c2eed18cd99d92ef6dae76
xj_crosshatch	2026100601	b98f55f399b81dcaf974a80e2a8b42cfbfbfef0c7e7e588e49b242909feb8fa4
xj_crownlte	2026100601	c9627e4ae6e96c70da76c2609e508106da8af96ef27eee4bbe57cc498f07e425
xj_crownlteks	2026100601	ab375dbf189f0d3480064e20c00ebd6fe41fd1571bea1584ff53e3c3670c72c1
xj_crownqltechn	2026100601	b67c839d8fcaab0eec09f0006a3384f9ce5d350f88d9de44465cc166bf530997
xj_crownqltecmcc	2026100601	465611add02493b5819bf38209c69b1c749abbaebe5ed50af1b50a1916a5177d
xj_crownqltecs	2026100601	046f1931d2f064a2ea4b6fd8aa7a802f12ad37bfbc20cc56875f624a9bd8577c
xj_crownqltesq	2026100601	d769fdd1c1fae02c29bcf0fc4042a7a3c3f05d5bca2d4c18cfdf240ab238bf10
xj_crownqlteue	2026100601	1b634ab173ee4b8a0223957755fcdc643abe9d41af4ab993f47e567e35ff5598
xj_cruiser-l5	2026100601	e5cea91f972aacca0f1d11e7802e3470d9a41969a03818706bc58f21d872c585
xj_crux	2026100601	970858477d4c5d46f45dc1187019651d5879924915f115ec5311411a42b9c617
xj_ctwo	2026100601	9c9fe593bd795f29a099ca7f7e2b547fd68de6703ae49b64bcc018fd6e098935
xj_cubs	2026100601	ff53dd425fc555eb9fdbcd7c3709f0d3664fd5a257949bc9c43270cece7b35d1
xj_cupid	2026100601	1e8e1b40fec022d6f2943d2a3a29b7812d87a26bd31bcf31e0f1f1794c664106
xj_cupid_2	2026100601	fcff6c88ad08551c8c79e36a018e9091afea2cc6a924ebee690238aebf9a3cd9
xj_cybert	2026100601	75cabfd24e782c3651917b9adc809849c01b56a6b11ab35f4dde977345f570de
xj_cypfq	2026100601	7e76fedbd0620e0ef450c8fcb2e308a41661c0d356fe5e28396f8827821a3df7
xj_d1	2026100601	2a690452c58570c998e10992593a2109567c03ba58e2364c9517942790c09e9f
xj_d1q	2026100601	b7c685efdbed649dc2a2e698ee1f9e25fd41c5dcdffa33ec8c23f5088d0ed37b
xj_d1x	2026100601	9e8a21f0ad54c072510ca497dcd04b5a778799c1867d547d700bc487a9c1f726
xj_d2q	2026100601	647c069101e61e52179c329cc3a6d219a7c28e55d39be356375febed1f7d57f4
xj_d2s	2026100601	4d7f7338ac74cd443bc6c6451c8fab83c037e714d49bf1804220182d7ea4665d
xj_d2x	2026100601	fcf6f1b1383e506694218b70d7239f80e085b993986869f56d13ad6f6200d1f5
xj_d2xq	2026100601	4e2368005a56388583376e176a445ce77bcef71382592aa4c1b11295464ed95a
xj_d2xq2	2026100601	2e0ea479a953915bc922596f63ffa3abd8718866a6bc249b065e8359214080c0
xj_dada	2026100601	60393302af4d8a694e0ddfd54497a659b1ab7a6c27033ec8d9b937304d8eb6d4
xj_dagu	2026100601	ede838cf9f93a4e37ed9c6ecd43297375670ff5835d0935e2af1dee740a91900
xj_daisy	2026100601	f559b85dde4ffd41b29240eeb750a184a84b0ef6ff7f514e0888839db073e3b8
xj_dali	2026100601	358d784507432e1f9eb8b52fd14524c58cfc40d6cfe03cd5dd11ba3f3e3c4499
xj_dali_2	2026100601	a5433ac8079dc0c72e365c2ac7e05f136a9d8c867dce5a5511c53c6ac2580abd
xj_dandelion	2026100601	7c16bf6faf4f6f6f1ae9890868d633e5dd82887c934cee56ea31036bc2f28e04
xj_dandelion_2	2026100601	21e4f779718d47e056a58510501e0a570856499ccb1144334d9298865588decb
xj_danny	2026100601	f822b1464bbffb9c9d6d7b3e9da503cf1fd618029d6db603e75ee0a796f0ea4f
xj_dannyp	2026100601	f2a2034d1dd3afa4d6ac522251f48c84be2bb20cc4f776d02975a0ba5c23419f
xj_daoxiang	2026100601	2f9765def781bacce516782407dbfeafb8bdca940bdce6376582f47c38bc368a
xj_darklighter	2026100601	26294ef0cadd4efec5827142a0a2afe1cfc0af458015cc30d6b6ba366b8179c0
xj_darwin	2026100601	37d1ad3f5b43ea9cfe0d744e43715bc8ff45cb1e0c654b58e24af00497d304e1
xj_dash	2026100601	71008289998b2041d98a14d1af6f524cf814b7cd354fb5fb9753430467543d4a
xj_dash_2	2026100601	184864b6e59c591f60d77f3d396d90698393d720d8911c02521d8060cbd5bd3b
xj_daumier	2026100601	ba02fb48b97e28ead3a71ef1106a5e9bce1fe943b6e480eb5afafd5fc343174b
xj_david	2026100601	fbd1a49b3d1b3529c10395ebb29b28b7b598d21ff4fcd387fb86480aff98e7d2
xj_davinci	2026100601	95d43a2c17fd081ec1dcc6f17bf4f870b9126b2172f76af9af233e97e1d0bc36
xj_davinci_2	2026100601	0bdcfa3573641a053db2ccbdeffd1ce808e632f5e5c2d9911046f2524d0fcdd7
xj_davinci_3	2026100601	d39b9136da58a3ee1be59b70b2fc211bf1a855a70a0366110985aa3870700be3
xj_davinci_4	2026100601	f32798a0838cb1a236a58b8b589d434d97567a71312dd3f8ab4fbbd68cffb6dc
xj_davinciin	2026100601	253fd1bdab827f413874b0e6b21e06500a2eaf5704464df42784d304b97db399
xj_debussy	2026100601	5390f659dedb428feea87d3044e1e99f112e6010b9e2b39912c618d8ee02156a
xj_debussy2	2026100601	d15aa882a42d6f42cf93211c1a75d739d29472d2f5d896a18a5893840a9959a5
xj_debussy2z	2026100601	309dab2034a785d73466f849004faf3c89e36b66ada45eb9232f68f26e81b581
xj_debussy_2	2026100601	28b25fdc3c32af1df4b40b9fa06ad0896edc01176f2707d195a1b814796e5556
xj_debussyr	2026100601	04b40640492ac020b99983b2581bac37d5a625826b2a5734ee945989307e03e7
xj_deen	2026100601	e7079385d04cc4989c386e381c528fa7e3c9eee06211184e9747e911c4c9804e
xj_degas	2026100601	8480212e462f5e8cd9b46fcce59268e4381ad98f05d28eecc2ba2b13c983a779
xj_degas3g	2026100601	571eb6b34c6fec845f9edfcf3ed5088d421030f2692b7f03f668981040aa42c5
xj_degasveltechn	2026100601	b7660339b62011d888f88c15ce6e1db460296e478c901dfeb51f0faeb893f803
xj_degaswifi	2026100601	1a5c2345130f7e272c25add2af65c3aaab162b5f599189256e9664de7d07f4d5
xj_delhi	2026100601	473cc1e4b632292763b5887b83295dad6c44826b43f09041a7ede4f44a7d002c
xj_delphi	2026100601	eb6cf57bda5db0414c484047dc88fc78e8ae1dbe970681692a9778dc4c873cf6
xj_delta	2026100601	6fceb6d74d4df41612aa6bdc8a32ba548d9e3d9ed5faa0e7512d62ceecc10d0e
xj_denniz	2026100601	bb30650e57e8630c248b96188c041c153efbd2832810d5dc5d53ca1a51e70fa4
xj_det-a0	2026100601	9ea15eba8956066e7863a1ef3fc5c7798d4627c714f086fed2146cb1f09b34a8
xj_dew	2026100601	a92868fc83316d7e270db593197c932dad4c9a0847c50ebc890d632cfceeaed8
xj_dew_2	2026100601	0b290d634d7bd6f223167a062ee0ddedb492196d2bfc49df85600d2ca6e5c942
xj_dhaka	2026100601	e880f3d3fd3cb116be14b33f64a74657f0e44f8fd09c46be8f280d39c4a86420
xj_dhaka-a	2026100601	dfdbbe016225763e9045ac8106367ecad47cb3af103bdbc5b5fb5b2f5e039ddd
xj_diablo	2026100601	b79f8ca622e78423a05e5dbb116ba4a890f458d302b020375cbb46735109500a
xj_diego	2026100601	b9c7d19ae05d6846b0fc0bb22e22db81b9d998a1ed5544c03c5e3cfb899fa900
xj_diego_2	2026100601	42b63df1aecb16e9eb373db81bb40734227789daee8e6b10ebf6d18628cfd1c1
xj_dijun	2026100601	357a17a9703fa2bcc15728343f9f196911d77b7c874353b5c6e5856028e2f134
xj_dior	2026100601	1ec68cf6438fc662f23184bc5c6b3c6c54b8362610500976cf4898d278a5870e
xj_dior_2	2026100601	cc87a2ccd1f9c8073ca96c2439a056afd89c6514bb551c6e565bb3351fef5a8f
xj_dior_3	2026100601	ca065d4f5ef832cd6141b80c71413c8af53c54a5815c75bbd51d4b179f4af1cd
xj_dipper	2026100601	8d95223f8b4f0b6e3e6f2429c9a02de2ba556df75c08baadf212e40919c669c6
xj_discovery	2026100601	5c9161c747f1104a57350898e926e967041ca814ce56533cf934302a31ffba45
xj_diting	2026100601	0db393af2b430825c310ee3645016f91767e621e9ef3d61f24d0c0791b4fba14
xj_diting_2	2026100601	b608670d2df1667e7b31ed22adc233b1e35a8b66f36f91cd710ae06437174f95
xj_diting_3	2026100601	3ca7ad9555e338ad68d77e801c46f0101144a768a9de233ba70129ff65826c92
xj_divo	2026100601	6ab55c8243720444806b611935e62735787ae91d8b31b20fc42a23ca6300386a
xj_dizi	2026100601	2047e76f1f35d05bfd364dc5f50ba70683e50c8f5fbf72584a4a3680ffb8be9d
xj_dizi_2	2026100601	c58c93354bc89d5f26743e78fec187439ca2222155eea5ff83b6415a64b3cb06
xj_dm1q	2026100601	d732112680331176fb3e2132bb122792d07c283a8895090d66ea08e7f6f16e22
xj_dm2q	2026100601	bd291b002cec66e9aeb760548e564d626645deac74274d46e8c6f31466045970
xj_dm3q	2026100601	268c2e41847f45b6d03e950f79e36f7c4fc15af6def424c243fe455f086a501d
xj_dodge	2026100601	c79a0c76b1e3c7c4fca82a8e6bb567d4ab17ce52706427f1251c9d169e8ee4d5
xj_doki	2026100601	5692ff2ab1759bab76246ecaf545d2bdded2d1711f109a6c8a00d1bd87dfbf58
xj_doki-a	2026100601	440f432f7860e586bfa886760677a9f75831f0ad92bacbca1d16e59d7d6c2586
xj_domingo	2026100601	ba164a80737e28d448d1f7eefc4169d9711817e55107441a95feb9aab76f70dc
xj_dongfeng	2026100601	f1b85aa7ba05049da2e9a781f66d28c5c0724e61c3c81f2e9e84a5c47f33b574
xj_dongfeng_2	2026100601	59e975e212651051cc121e55b284470b8bc479f7d4cfc646887bdab1f678ca92
xj_donghai	2026100601	225292f3aa322093f10d449fc736f4b9186f90e5ac10c442713823d2270d554c
xj_doom	2026100601	6be2270147b900a6618af3d145d3dc519135e55fc36c27d680ffc815209461b4
xj_dora	2026100601	a910dde950a2db855e2705f31025a6c460d440fa990787d42ec023bf41c79465
xj_doraemon-b5	2026100601	66cc233f2a70c914b186b41b5d98bbff3003e810e300ff33c3abcb8caf1dfb98
xj_doraemon-b5_2	2026100601	8a42b4a15f0042899ed75208d97f8126e75881871fbbd6f5fdab217440a6220e
xj_doraemon-m	2026100601	1af7eb1004a2da1fb1e00a90067569f4461293fc3e0a1c588f3e5704e6e0bbad
xj_dpd2106	2026100601	21c1ee25d202ae2143cb489456d1b65b3f53a2a7badb35bcff8c18f1dbc4588e
xj_dpd2221	2026100601	3129e8d44561824eab88cb82608824adf38a94541ca596250f4010d9876ba762
xj_dpd2305	2026100601	c33cb663b56036adf8670e8c5ab75bcd470fadcecbc1cca342fc0b0f6a7f0990
xj_dpd2305_2	2026100601	1a6d8e0164185066ebb429d65520eb31ab29f3050029fa4975062a61778fc3b2
xj_dpd2307	2026100601	e58683837306dface4d9624f48d80461bafdadd9d941a8457134d9eb0e3315de
xj_dpd2329	2026100601	d6da340268dd3ab69f8dbdfed9502935fac53358e6018d774de2dd3df967d668
xj_dpd2329_2	2026100601	21ab9c5c0683010bed065af02ac46144401c7d19aeef7d8c32d45a815839fe84
xj_dpd2345	2026100601	8c2fe3457ae138b814dfd5a65b654862e6c3230eacfdbe9e90b3379fe088c9db
xj_dpd2345_2	2026100601	1d9c1e56bc205a242bac6dd6a22da862a11dc5768b0288f4b5094a8bc7392aa8
xj_dpd2345_3	2026100601	4655ac0f7c3b142c4a3dcc30dd962b1d25daa54ccb22eee4c3d6836e26cd099c
xj_dpd2345_4	2026100601	3e349fbf0ab5994102a3d5f4589fc15306936354b000d56b3c85b37beeb60275
xj_dpd2424	2026100601	8cae33cbaebca22e609004acb2e7aeb82339978a255142c5c300b433932cb84c
xj_dpd2429	2026100601	59e386cc1227f405f79b52a4763ead9d7cfedeb83f072e6b08af9432bc9693d7
xj_dpd2437	2026100601	cbd374018e2f8f85d65cf7352bc798289f65e6a186708c2d7a519e899ff24a2e
xj_dpd2437_2	2026100601	7dd037ffb310e38d0374483713955c22a0baadfab89c9750ac65b040edad80fe
xj_dpd2438	2026100601	cf0085a1578ac8c162e381d937b10e5e2fcc4f342e11a30f093b38206ecac6a9
xj_dpd2540	2026100601	86c0d4c78d8f031778290bb9d9e7f31d19618080481e44d8a598329baba36ff7
xj_dpd2540_2	2026100601	3eda85949d06bed8cde96ee4819133b02dd3e8f80d79c34f4a9634779b4be421
xj_dpd2605	2026100601	7deb89bb103bfdb7467a14142d116aa604a0978780bde5fb6c3a358c25c7cf79
xj_draco	2026100601	71b1225473851e70b6b38bc73386ab35771d715ba7bcc58d0de4e4c7322c7955
xj_draco_2	2026100601	5f91f69808d960ce06b97dac9f88862899b3144d06a6acea7efd2cedc9ff1fb3
xj_dragon	2026100601	14bb23c41278429152b353fa657a47f3c7ef6bf5d6ee91f3350a1af46bf4068a
xj_dragon_2	2026100601	8edc483c3ed03a38dc9c470b3cc9a8253705c7d3d450744f93acf7e52587d684
xj_dragon_3	2026100601	ca3b5256bb346ff188b9ed5dc45f6cd2fc7c3382b031c1efcf2e8ae3a63c6265
xj_dragonfly	2026100601	3d588d7b4c4245f1bc742ec0744cc783199af75faa2e36712927ea2e46fb9821
xj_dre8t	2026100601	5621a53dac3d64f0063e502262a19e625758bb0bb5b9369fa00056f0a1c563a8
xj_dre9	2026100601	6ac6be7fd4c65d1ed5c16575d2c2906b1242920ed688d160f7c4c28c07a8a9e7
xj_dream2qltechn	2026100601	4ed7e5aacace54711cd787c9dab57251ce78d0ea92a5c411096e730d301b981c
xj_dreamliteqltechn	2026100601	00e5a3bb42e6c74b281da459c682d6e2ccfa122430b3a9eea7b6f2419cb83cbc
xj_dreamqltechn	2026100601	9166b3b9fbbd86e219bc03afdd2101fbfcf1a3c36bf5609ed56304c3653ac583
xj_dreamqltecmcc	2026100601	6bfb21d95964b7114ff501bd95700d0365dbc56a9c2aa224195cf50735a80d35
xj_dt2003a	2026100601	6251f63dd811c5216ed1f480e085fe217795764fcfbb03ae455a860e1bc14efb
xj_dubai	2026100601	a0414e69b58a63bc1b6fde0c56a335b5254642f33efe822041b9d23ba40c7307
xj_duchamp	2026100601	8f3a2bbe8b9cd5c082e27a9cc27a45c062dc793b6043b5952f079c8742f440d8
xj_duchamp_2	2026100601	ada79a9d121c0a693dee1c2a873d90cbf32c562070ebd9d4f105789e30d7080f
xj_dufu	2026100601	2aa6c35f1c8fc894887bc381e42b09aea9896a706726feb95fa25477e84476d7
xj_duke	2026100601	a4fbf4157f5f086bfd12ff49e2a0203269c9f28f8630d08f82c9a57f2be8c05c
xj_dumpling	2026100601	37d05720acc4d1fb3d0cc95a30df7bb60019c02d4efe445c80653b0cf4e33b08
xj_dunhuang	2026100601	9ea47fb171fd6e9b05e7b0c9c918bff6d103ccb1df108ce47605875bce39878f
xj_dunhuang-o	2026100601	dd036749fbe1cc7f2ed85dbebd2117374ea3fffae732f42e7f6a47d3555a5f44
xj_dura	2026100601	92d1a3a5b17be6fc82968b32173a81a3896658f8110714c25c520edd72c163ad
xj_dura_2	2026100601	b728496279a82bc83951501e6acd4eba338a2dc1caa78b1f8c8facc9b4d98610
xj_e1q	2026100601	d24553ce2751c7ebe261c51590d3915eb7784cc486a0ac256bee297a5877509a
xj_e1s	2026100601	bf70010ab867eef1cbe06773c6d491f21c55d9cb6234ccb8dc47655bc465f124
xj_e2q	2026100601	77edd756089c86aac54948a16ae401602a6b95dadad5ba0184026a5bd8aa7b2f
xj_e2s	2026100601	bf454651604511c127a7f864f6b973ef6023eaf082602f85b91ae71797f4479b
xj_e3q	2026100601	25231c758ebeac570bc3465a0bee0fdea4c84a856dc55eec28737c5c6fac2259
xj_e4q	2026100601	692622505397d7abe1555d8f92502d985970220c42c720d925267f837833473a
xj_e5q	2026100601	e78c662f17bfce939b07f6c01a0739879d38c2b865f8f06f48767234fdea7792
xj_e7ltechn	2026100601	743e188603e03220dbde7419ddabdd7160f6d5fdcfce204e6bd50a93cb617f9a
xj_e7ltectc	2026100601	86ac5e7b15da5be18cb60cee8a3b4c647d64ec351dd7febddce6d773a41e9044
xj_earth	2026100601	04bc49cc2f544ca6220fa4816c5a9f1671544a0b03dd75e42e6a94b4f8df414b
xj_earth_2	2026100601	94ea05c4e8aee55a5ec6e05a74725a665470f80b34fe05d2dd2f5bf28f8d6848
xj_earth_3	2026100601	dd798adf212130c4d6329202c9770fa169f03072b407cac7a3c2902a818e73a1
xj_ebba	2026100601	71d08566e7fb9d12f2149d7ca96496806af20105d88f3ddca3c0f92a16cf7881
xj_edge	2026100601	24b7b65f81d6005dcd61d4b76c0d276bc548b700376d23876f75ccd9c0c6cc4a
xj_edinburgh	2026100601	9aabb8efbefee1226b18d85cdc5de6216ed0fc7b42b895dc7bb870932b3a5892
xj_edinburgh_2	2026100601	e12a13525635fdc5c6c9289b838f5c445445d8b93ae536f0ef7779ae1f3d3aba
xj_edison	2026100601	4ca97105804aabef37525b7d14d3b3f3bb7cbc8b34c6a4846367574a88d2c686
xj_eevee	2026100601	029061219694173eed3e956c9bae9c7d1b2ace6e1177ed8d18f2cac6955137d2
xj_eileen	2026100601	e4b81bd4323f7af56cc7e664d70209a83b3f6fd735d015ff63fb84afb6b13e6d
xj_eileen2	2026100601	050e59f31e0967f02678afbbf1994105c35ebc190f35d643e1881ca9507fdbd5
xj_eileen2_2	2026100601	8d26881c630a495d92ad3ef248ec921dac38abbddbe73932927d2551fd48d949
xj_eileen2_3	2026100601	46e2ddb34f613ec56aa6b6d8e1b95a3a56e177a87133accced56b2981f48d653
xj_eileen_2	2026100601	7ed7b6cabd19dc72aa42b7468a4486abc72d5e9e632a1922d626846866ee6506
xj_elden	2026100601	3cab8eee809048bdc7af6e4debf6b7b6feaf696056f279fcca8741f54448d5d9
xj_elish	2026100601	aa888e85a5ca6591ca07de12890b202bfed4c6734bf7c2b8467006b69f7e8965
xj_eliteltechn	2026100601	544cb554087adacb956b9ed582e34a6b70dff97ab01d5a687f72169bb8d02e36
xj_elitexltechn	2026100601	1d4c13845ed4a2b8455fd9f99cd9e2c0bef318ae9284a28c9588cf43c645f541
xj_elizabeth	2026100601	e07bb60b550581e375582d06a20ebfa75ed0d3f466495192304f52b6b339463e
xj_elizabeth_2	2026100601	1101d8a07b91adda453d3786f6b8216fa53d4cff8564c95d8e953eef837f4e20
xj_elizabeth_3	2026100601	da30de65ef9e797b33f167bf84588471573b5ed151790eab01e7a4ee3fb800b2
xj_elle	2026100601	5afae11583b284c6fb610eb2ad332e81bb9f5b4d3751033f14ce27f45b730ac0
xj_ellie	2026100601	427104366d2eea1e755f29925a3362be5d6c56e94b1121d5022f31b3d490eb68
xj_elliep	2026100601	24a70926bda31ee13f63f39bc765eb259095c42141fd1932c41a8f49639cbfdd
xj_elsa	2026100601	3ccab256a2582889296654ac2828f6b95e0a707358faf02505f929489e7d60e3
xj_elsap	2026100601	567b7038a2fa5a7de3b71730cc9a04c6d091d0cbe92c334cf674be5900f925c4
xj_emerald	2026100601	0ac8424605e6c56342796489668ab156b4cd3deaef2854a7e562608aca806550
xj_emerald_2	2026100601	2cc8797cc84696932901983d6dd80281350942e01c3dbe7acb7c318658bd9606
xj_emerald_3	2026100601	10cfd7bb2fdc17059ffaf976dc09ffb823df1325c23ab09f6a8e966f295927dd
xj_emilia	2026100601	a8a282deb36d99be1465f4cce127585e8ad155d17e13fcf33628a1102c48e787
xj_emily	2026100601	a524fbef0a6c27382397eccac8d7b9fd7b99371cfce156d3fa178e0f517a1dce
xj_emira	2026100601	1a133a6a556b10658f77b4b8b6503c2e5245bc0e2346198a7eef4082edd303da
xj_enchilada	2026100601	3b5b28c623c1bc80b9e9ff8514222a085649d4cf52c695da7ffeaca286a33bb7
xj_enuma	2026100601	777c719ad7730fa543efc6d8c08ead2cf2da6e586f96bbdc540a0930d3dd23d7
xj_enzo	2026100601	411ff83761d6057081886885430cb2736b9754b23d77728046e9a71d550637b7
xj_eos	2026100601	5b1a2b4c199f4229ca1a81922186c80dd1cc4c999e9257a44e1118c547e64b6d
xj_eos_2	2026100601	89469494a0dccb57fd4047f0a7a14157349d75e9ad0dbff0b5cc4a7e710f3d9b
xj_eqs	2026100601	22162cbb3eacf99808fffdf37d3e73269fbdac9dc06e6554ea9604e3c4023aad
xj_equuleus	2026100601	124a12f7da12138f6c6d9c15c8c22364f63a1e8cc1d2c487b1e9ffcfac3401f5
xj_erhai	2026100601	61f2c59a9f35e5f39bbde43840ce473a4b4e6bed31f7e793e3acde7ea77b9664
xj_erhai-o	2026100601	045a1ac6d7166631ae41850dcb1692ec86a99718b468d7e4128b4032188d5938
xj_erhu	2026100601	09a8410b35ae6cf75842b3692c6c4d4819246b930353c3ee96652da2822a5494
xj_eva	2026100601	44771bff9b15f27696c73be2bcd155482539a75296e2677ccf8909590d327e73
xj_eva_2	2026100601	9fc38d631b29ad1b20551cb96a906b059b6d3f4f8074a1857a64e90348c6c16a
xj_even	2026100601	73986a732894097420528495d6a736928784eeacd92b754b9cea73283b787368
xj_ever	2026100601	cf35608f6cabec566e2814f6408a264c72fe7e3cbe5d7100c03c782693282c80
xj_evergo	2026100601	dc951aa3f57de0b88ca770add8a1552fdc9c82c375e0bb5627502139329bc1fc
xj_evergo_2	2026100601	1d5135cf77a37a4e8e0348c5c24d85d6eba19f290b8637f35c1227b9fd3c4854
xj_evergreen	2026100601	190c52021f74c63f16b2ebe62e06b66b9f4c16e3d6754eb079bcb3eeb996becc
xj_f12	2026100601	df80c8f31de398acc49bd71fa53df6f6618b60cc2c62857242bb4fa696f738b6
xj_f22	2026100601	b1bb90a36db36c7a2162e51609e640456aea3304253704bc09be97f68771d0d6
xj_f2q	2026100601	1c59c8850792648c5b9dd769357e3f09e2011159477a8b5d0f3fc21d7e7002dd
xj_f41	2026100601	c3272e195634cb86010ff5f61339b76a8ca2ec593432920a905d3b9384210d99
xj_f42x	2026100601	a3ca116c54c1861c30d7601d2a444661735cd3da17e3d9368205a2dc9a70af61
xj_f52x	2026100601	74511de92a188478dc60990f36bcd936a92a8e518c587db60e91bccf6006be84
xj_f62	2026100601	2d093d64fd3e473665d0fa5fd0c72c1e0c7557189504e0eb7550728b2a4fd1b1
xj_f810	2026100601	616135d797ec076d55e713a129aee05daa2e36fa4261385887b435152178d0be
xj_fairlady	2026100601	c2d9b6bf9d2f61c957719db9e86e4cfd3734cffba8768469955f841a174f721e
xj_fajita	2026100601	3ec983fc8c3229f0803eed12873780bca06515a76c86c688fae192b200713acb
xj_falcon	2026100601	7f69ed02848c2a34bd1dc36af715da621c1edfc850bfa26c177be6b6db5afd51
xj_falconp	2026100601	90cd9138355a509b59a05ab6e54cd1a480f9be9dd2c5ab41122204ac529bc840
xj_fanli	2026100601	7ac2a096d62fe051e292172910f4de70dc5108d0eaa9928e0006f25d6a3e7025
xj_fanli-o	2026100601	8903a7bae14f16f5477659bd4f9861417db732cde7671b227cc9905116ef0e78
xj_faraday	2026100601	65ab3a32783f49072c3cced0c39d898055a0af3ae32cd21bfc85034ce62168da
xj_fdr-a01l	2026100601	cce2cec62700b16329f285c5101750a3de9e8e7f1c4d67b591a74706b23994e9
xj_felix	2026100601	c9e95e629da1bded38aa617f660aae183f7b77cea988be2cfcb6be0bedf75b8a
xj_fennie	2026100601	86797b41ee71e6170c0a31e179e1918419de61b3d827ad5d72e4fbfe7f28a4e5
xj_ferrari	2026100601	84e4d6ef7b3d5c451ad8b77fc11683aefa73972f4efa1afa026c7cb4f694bc3c
xj_ferrari_2	2026100601	cfccd20f45c888426b31e2f2dee92bf262ee0b01fea4db0a03ee74e1a2f2319a
xj_ferrari_3	2026100601	abc7a9676bb54c3815a1d00d7fd977d13c65b4ae0c83c01c29be84f6f60a9c4a
xj_ferrari_4	2026100601	70b97cf14a1d7fbafb207a82f82fcca20ee20a92ac685c296970108a1bf9a94e
xj_figo	2026100601	e8bd52055d07aa1a10b3bc1c19fe0049a2c1995e892ccf7a018bc5a0514985b0
xj_fij-cg020	2026100601	cd3e1a458c15566ffe873a6d911de371a22da1b99c0eb31fe3a4e0fa72aa6e10
xj_fiji	2026100601	3749d61c61291c6c39bf577cf291ef001de1fd851c22f765d1f3a9a98ff3e3e0
xj_fiji-o	2026100601	5bfd95df360ebafe527ad98d6feb4a11c26726c69109215c1e3ce28e48d8bc12
xj_fiona	2026100601	aad38cc2579f14a112732d99f5ee5c40a9879977769ed303e0153bf7ffb4d5c4
xj_fire	2026100601	c9c7fd893f4eae76725f0ac5e695c8628e3aa3d26b246a34ed0a8af33c1272e6
xj_fire_2	2026100601	1998f7592522178b85ddb5b225fb631c7443857ad11cc355af248952b10802b1
xj_flame	2026100601	3058f97a60ec412a636657c926a7f9785c43780c90edfda13222cbfe00ad9ca5
xj_flame_2	2026100601	bee87773e1c5d53d5933425e6b24230728f8bc117c73fe6d502318550e5c31ef
xj_flame_3	2026100601	cbda57dc7be8b549f6e7b662f2b46950eac0e4f5860a5d1ff19c544170ce965a
xj_flamingo	2026100601	373c5fe9d7ac694a9f8f81fbab9cec6b3f911a26a77860e89722406cf7ed173c
xj_flare	2026100601	08a2a0566238d858e2cf92f209f99a1e43db90393001fedf2ce2badfb0d02c28
xj_fleur	2026100601	e8daf92a76e1089ba0c46c206ea1e0e0441222a2bcb4e5ce3c39c83cd49959ea
xj_fleur_2	2026100601	799ad096b0e7dfb1d4a0699825e1396449a4eab0975e5568d717247f6d495583
xj_flourite	2026100601	d7590f3b36b478fb924682524e6fca556ed0b3f0671ef5d8cde5dcda52269569
xj_flourite_2	2026100601	96f187ad4c9a2f28c83be541e2d8664dfb344cff8e4a4cf1651969790f00e2df
xj_flourite_3	2026100601	616a3f0f6628e590b704f77f9a530e175ee3092bbba0b00c46c25b08865f6c2c
xj_fluorite	2026100601	c60748902f77d332828908fec36f97cdaf84dcd42096377627efcae06ad8a462
xj_flute	2026100601	743cb44ccd69d8d3c91789c5646492266f74ec515bd3b5e654e72ed1d7376b31
xj_flute_2	2026100601	b83ebabad44f579f06b2ae9e0e7291795e7e6272dd4adc46ef87ee1effd3713d
xj_fog	2026100601	987cb82cdc4d85b233624e739dfd28579566d0e2a562d01727a5004e081b16f4
xj_fog_2	2026100601	94bcf83c6832de80587039464e5ecff75132d92fcae5dadec292dff75e1db344
xj_fogos	2026100601	2624c6438e41a06b2b0724c14b0f38ffc4ddca176fb5989df6cdc273548dd3d4
xj_frankel	2026100601	2fa547639456e65c214933ddc7638942d442817063ed6d2967aae66addebfd7d
xj_franklin	2026100601	868deffe011c141485bbe6045d3b177f819ec8b09f91f30a32631f170709345c
xj_frd-wdg9	2026100601	ff8576ef66911825ffb18feea8ceed7831fc147116b3419d82622bd2d69a37c8
xj_freya	2026100601	d090cd1b151a183d95c0e662e2adebab3b1ad191fb1ba14eb3ea289a9d220bdb
xj_frogger	2026100601	d96cd212269166cab2877e1988480c32e12a00606ec7d24d3de4d09105e0ffb0
xj_froggerpro	2026100601	00e0e6d8bc10c9e0c0663b0a040a72a1992ace9b931b1d15a274251e59db4b3c
xj_frost	2026100601	360670b0668bc95e8514551f79dcee04d552eba70efdf0406fb64d734d3cdb3f
xj_fussi	2026100601	c2eac215ae8f8a6d9e255192d257f847cb19b383ede55e731db35b9e4165b207
xj_fuxi	2026100601	0c24f8dc3553e7e94f8c6f3259fa37afd2dd3f5787e1234b816a2c337bec7b8d
xj_g0q	2026100601	cc002a09f6ad1140c334fdb4e8aa2495d4c7d5d56cb3687f7c9780d39ebde079
xj_g0s	2026100601	7b66b832bd96bbf24941dcdd08ed6b943de4977e63fd72d1e6c904990f06e4e8
xj_g621-tl00m	2026100601	49e26d2b071d987bd99cc95e31f984b278720dd0af904d737167405fde28b2da
xj_g750-t00	2026100601	3dc99416100a08a36b179af62ea42bc72fdd1e40c23e493591e74f51a19fc24b
xj_g750-t01	2026100601	939351f0db45421fee5a030330a859c1f0c7101608723a33d946fc4cccdb25ad
xj_galaga	2026100601	e84d3603b853016718a2531d26705ea2725c31c11398007d2e74a36fb6e7c064
xj_galahad	2026100601	4ae75059b6f32cb355be05482fa294f3e1a30242291d7403f2b2c67be4ec03bf
xj_galaxian	2026100601	beb620456cc2d1fc5bb05d64b240d95ca7d99686ed266f4099bd857119a50e4d
xj_gale	2026100601	dcd215f2f7d3e0dc27eda091d235589145adfe819de4d6f4c26822f233d94169
xj_gale_2	2026100601	9b321a32174c44debeff8393184436f178a78b5a34b2f8650a0b4e9794ad5f98
xj_gale_3	2026100601	f18212383b92f3fb090b5910b95cd6c1a0fbaca9321fd8e1a5ded2383953355e
xj_gale_4	2026100601	36ca260e4282dc6f03f1577763629afd0dc7d8f0a46281404e93c1745c8c1697
xj_gamoraplus	2026100601	bf47a5a659d76bde1ecef47bf218d58bb1dcc6def8266405ebc796498693b629
xj_garcia	2026100601	849e5d4569e30983384a6311bedd292d36fc8becc503100f1246e326785563cb
xj_garcia_2	2026100601	6cf2bef29a2d2ded926d32012bb686e6f2b69da5c7f2ca8a0ec8e61ddd726ca0
xj_garen	2026100601	c4fe0a485768df692ca5e39373654918b549be4f72aad7f72b4fa73be4ce553d
xj_garfield	2026100601	84de2674a0a9012133627454776669e87dc09c0c1e01cc2b8106db2b6446bc4b
xj_garnet	2026100601	6885b9ea9e57d13301ecb1935d3f02d9462431dffc1513b347caabf5b1ed44b6
xj_garnet_2	2026100601	fe36431fabab415b5baa3da074a03ae2b5dd7e2c32bb99feadc432558588bd96
xj_garnet_3	2026100601	4f9039d6750e603037cb925d38e2ddff216458c159b3942989e2a419c9f0dfc4
xj_gaudi	2026100601	7b78c205eec5ac681e78d21db6551c7152b6634ebb00e0dd9ae44b106ea4ddc6
xj_gauguin	2026100601	fd78300172e5cdc22be4e24b3f1135c8fa49e16d7488e76b7b33ed92311445ac
xj_gauguininpro	2026100601	f3391702ab4a9bc9b06da8f1b791561629df160020301066e6e3cb312fe9e691
xj_gauguinpro	2026100601	31b58ced5662e629f1540afd17617a5fefdabc2f1de66ae8fc5f0baa7126fdd4
xj_gelk	2026100601	1af3380a463a6c66791866cf22d9a25756e15def5b06f0283a62bbc76ef4e076
xj_gellman	2026100601	ab61ab80234b148076a02601cd563d7f96699147eb43cf4d86bfa15aa7314d80
xj_gem-703l	2026100601	950a97c4a0f47d1b5eb34c6692d760607cbe47695040c292c5d77134dbce1fc9
xj_gem-w09	2026100601	7fcbd4935115f3d37f91064610804f87c5911e0cac9a88764c621f04ae3d3847
xj_gemini	2026100601	f0bc2be4dedb189287520e7033819f912d114ed849e455aff91a57fca2122518
xj_giant	2026100601	eae8c4497f42e71b4e734665cba73f9efcf9da86b4097356f215442f5a20915f
xj_gina	2026100601	0849a2724fb2c938226a3b0ebdbc0858105b269e99e38382bb4045e3c1b39757
xj_gina_2	2026100601	d23cb89de4c53bb4d4049d0c31214a9aceb623a1c23aabf41307dbdee04692b2
xj_ginkgo	2026100601	117bcdf180a124f43e5cf075c01b01019df63e2d0702a24c7aaeb56580af1a59
xj_giulia	2026100601	0a288f42a63bbe5b4e6ec1c98b31232482d4f35ed2378dbda543b03d08104f3e
xj_givenchy	2026100601	dd9b5df6ac28f55814d5fa18d4bc65acfd10e71259b4fad9d737922e6a2c6f54
xj_gloria	2026100601	91d0bb54a48c0c38df02ec6e3e0724abdd8f9e1723b11b065cf8e4d2273f98da
xj_gloria_2	2026100601	d9e1aa7b28248d669ca03c6668134f20ea7bba706b3f7262d02f94ea341742b0
xj_gloria_3	2026100601	13e227c1798ab37f18dbb2c5c0ec01567867f5e93127c2f6cedfbcd98c74ef0b
xj_goethe	2026100601	97668c9a11777e307f7cb07c782ab3f8ea923718f08c3f3ca7aa58d2ead18d01
xj_goku	2026100601	4852b737147b5ae657fae79ad22216b22975b83f03cc4be2ac4f7247d460dcca
xj_gold	2026100601	f58c7d55c7e4e722b32fe902c0ab89688e822cf0fdfced23bd417af5c9e11fc4
xj_gold_2	2026100601	0d8ebdb6eace9565c8922cd49f877df9c0647ba7e9e3ced5b003c2637163d55d
xj_gold_3	2026100601	2587ce96f4807b0d53286f8aec501ca36597e2301737170249c09fe590c6ca22
xj_golden	2026100601	50af242ebfdc585e4884815166cf96ba55199b908e4265c11a839c163d7312d9
xj_goofy	2026100601	a46ab1278e28e373971d611c61744cb39460461a9622218572487f171db36dfe
xj_goofy_2	2026100601	7f40337be8111e34e399aa09e4369eb296ad03b0ba3bfd9d00c280e85185b9c8
xj_goofy_3	2026100601	96f4d85d6f010c9d470f15e6d53838fccf85d5c8e061eafb2c749a5e67d3645c
xj_goya	2026100601	9ff93975ca26e4db959e00dfce6eae107fdf26e17fed41e6a0aebf51faaabb42
xj_grace	2026100601	473afa0dc01cbdb30f684d8c0ba9bafcb0c6d7c12ca0effe864d924a06180537
xj_graceqltechn	2026100601	29c00cb36bb876f65e48ac789d11e4f4bcd9b05b31e1c2acb22d49f9f5ef812b
xj_greatqltechn	2026100601	bddff515a3315d9405f6256c8fb60154f8df466523382bd26233792b83b7fe92
xj_greatqltecmcc	2026100601	b3993b929ad457f635a2b6536223d30ac2acb9caaf4959cbf5196a026dc89286
xj_greenlan	2026100601	4ffe745727f914dd50cf4f1ea93fe5d0f1a9c3af3e4823542c247f53da193466
xj_greenlan_2	2026100601	36f57f8818e56068f5a6facafeabca19acb0eb6b3cb04666f0fd7c8aac8a482c
xj_greenland	2026100601	bce92cfa765b29650ffa959ed5bc7218f8a3f9c081e46fc2ae908713705db9fe
xj_greenland-o	2026100601	eec3706ad5d849471455ccc54db2ee3faa6b7aff7b7fa2a26c246249d0991ad7
xj_griffin	2026100601	3f94ffd8277243bfde3e84c3ba7914b317c61d6265a666d8305a6d77bcae5e67
xj_griffin_2	2026100601	963e848ad0292914afcf5a89c0c51efe12536564d755d207146f0c0037cc5c41
xj_grizzly	2026100601	e8dfdc7b66b2aef321318de9b1834cd6fd371bc962cea1411caf5bcba8eba185
xj_grus	2026100601	b96af395d8406bc7cf58688c0e6fe10d4ee13cc767211d57214c9ba6d040e4a3
xj_gt-i9000	2026100601	309fc2234d8f425f7eb42ec854f4718e3f65ad727cd2ac7b708146520800092e
xj_gt-i9100	2026100601	d893b315fc90a0272a33ffde752b7b06a571a39ea5d87263939bb418cb847962
xj_gt-i9220	2026100601	42367e1e840aa88db9ac96afe55291ba430e00d221ddde5d7a7eacdf102d91b8
xj_gt510ltechn	2026100601	8687b0856e162d017d62d6ba3929a3744bbb475e8a7559ceff587b4176aca57e
xj_gt510wifichn	2026100601	8c045c7b279dbc5e30eb539d5c4677d15d78989dceec2c0d86636c6deda8dcb9
xj_gt58ltechn	2026100601	b3b8df835cc0218a7488cfbd34e3825a601342e0f3b1e0aac305248e71e6bc35
xj_gt58wifichn	2026100601	088e60aa1040fba11c5fb74f0316e1308d42c04fa504d33c67e0ff886d34efd7
xj_gta11p	2026100601	08be7a3e99817176a57320b9acb054fd089468b2435896342f3b6b76eb951fde
xj_gta11pwifi	2026100601	4e3d35f1ac55b280ccc1398fcf8d446226cf2210d832c355c7eaeee9ce560074
xj_gta2sltechn	2026100601	2c4a1658687ea07355ed3b13eb1cc781d329f28e655fd21103c49ba6d71cadca
xj_gta2swifichn	2026100601	ae30dc812dd7612162b3b605b39d6f621c17ef52868522880eaf2c4951318e3a
xj_gta2xlltechn	2026100601	8d902969908aac0eaede0141ea4790882e04b3fc17bf7a3e11f408defdb0a76d
xj_gta2xlwifichn	2026100601	75f67cf46c9da4c83926b3cde5644aaddda32a7e23d8be6f179c8c56f3fe6021
xj_gta3xlwifi	2026100601	e533bd413a1a4e9798fddfcaf29ba2340e686b0fdde48bfaeafe8036e078fc1c
xj_gta4l	2026100601	b36f781bb9f4a07b1c305e2827416410a22934dd8d4acf79ebb329dfe65a3a31
xj_gta4lwifi	2026100601	d188701cf75b7864598a902004e15b2f8d3cd30ba42d105db05100278c27537d
xj_gta4xl	2026100601	cf0f4a1720d704347aae107d551fd0ffa801b0d31738fd8f172a059703679ff3
xj_gta4xlwifi	2026100601	5a8f441a9d80e5700f44aea6e346ba69e8b5eda55989a101bb65cf5a53e5c059
xj_gta7lite	2026100601	244f3d94de5508de1ae6ffb73e513e9ba2005f69e641f934fb8c8a03e7258b6a
xj_gta7litewifi	2026100601	5d661cdff7c694aeb807094a4653243f91f05bda1a31d7783055f5df6f7145dc
xj_gta8	2026100601	ca68fa5390b39e697f213d8d404e112f03ae3831bd360fffccb39d0135cf8a2d
xj_gta8wifi	2026100601	dc58d34fca10bd304f9046fe5cd918f9661a4a6252dc6d01178680aef1e00548
xj_gta9p	2026100601	d8ff447185a7bfe595f850e36e18b696c007508820f679e4486658568794b26d
xj_gta9pwifi	2026100601	e59bd81f25a14f30ffc3be55b7420d936d2857b570b4e88278ec85955fb4c0d1
xj_gtanotexlltechn	2026100601	98e279502a5a1e75ed09349b4318024370996e18862b732c545e676f7f81e96a
xj_gtanotexlwifichn	2026100601	b5c27e1ce55b2c0f4b957c7c7c3597844156b9d8e0c250a39e54a9a390b44d35
xj_gtaxlltechn	2026100601	136586af4de9f4b4ab65e9f8d91aaf2bb31361239393e5c12a91952a032425ae
xj_gtaxlwifichn	2026100601	e500573ba0cdacbbb850de4bf62e24c9767164c52d184a07a90352c9f699c9d3
xj_gto	2026100601	08a2405e84da08ab19d88a5d7dbfcb44439f665b15dc4975f251d357319d04aa
xj_gtowifi	2026100601	e1c33bc23767e5bd78e04015012d5253d3210b8121d6eb458f655e09b2acf84f
xj_gts10fe	2026100601	175f358ffc69f12db133fc74c8aa40594719d400b269d16317b15ae2175f7cd2
xj_gts10fep	2026100601	3f201716b4971e3746cbfb23ecf24ae4bd8e996d1e3cac1cfb60498acbb8a034
xj_gts10fepwifi	2026100601	1c0daf1740ea1c83a09ca39895f2e28693dc3ffcef9612dc969f8a0592c22d84
xj_gts10fewifi	2026100601	40a5edbf556aaafecf2c385d2f8860d8c8ea00b6eedd5c325190449225d71392
xj_gts10litewifi	2026100601	82409d9681e7d782d36e7bc6abd20e7eef592acecffd302bf027a3908cdce701
xj_gts10pwifi	2026100601	788f5d5e7dc2056d3d3622694f18630dc00166d7687527433fe3379b4a43ae01
xj_gts10u	2026100601	038f9477e36697e21585e3c735010c3db4231f6e7ad303838fe4507eb2a84266
xj_gts10uwifi	2026100601	5b724168325292412405656d33d3183aa7e4f1759f906d9b4a540a80d4535507
xj_gts11	2026100601	1cad2d618b4c32165b184f7f6a70c44125b671663a92dec718624b398aabf42e
xj_gts11u	2026100601	11cb4c10eec52d3cd14e0a6b6ad3b52af4848cfc9487912f8a7d0414b55e189d
xj_gts11uwifi	2026100601	be901fcd18d293a3576f49854b97243f7340fd24974f1ac42cdec936d8567d2b
xj_gts11wifi	2026100601	f57b03c3d4ac55c97f9a0508ac43aebd7b514dd1ad1a61641f7678499dcaee11
xj_gts12pwifi	2026100601	7ecd90f69456e89fb67e1f2c39336ab53dfd6424cc550bff1da65f0e6787cd11
xj_gts12uwifi	2026100601	728b52d04f0e627872c20d6a4e67f90ffa4abf2f47164e6e131b46847d7fddc4
xj_gts210ltechn	2026100601	31cbcecd55e19cb99b6d8cb31a45508edf852d72a6603fd54c4e6244bb937806
xj_gts210veltechn	2026100601	9cdb999efe97e667f05d43927fd626fb8c362fdd61331683cd1933e4d798fe82
xj_gts210vewifichn	2026100601	dd3bfadc83fb84c6a551330988bf1037afee72a415d48ad5e9be949267e9b488
xj_gts210wifichn	2026100601	bad98b6ff9ff6c42afd8ecece36a67da1ee89e00132499ee35e8c3d3f095857d
xj_gts28ltechn	2026100601	eee4e70ed562486856d82572918ba879deeb86189560d967fee80884e94c6659
xj_gts28veltechn	2026100601	31f9696f3192a17677cdaf7a6a41564067dc9d2aa28fb4bc945f2a879609d844
xj_gts28vewifichn	2026100601	7982f2ee37efe0d1444ed0b3a14ccdeabf5dc59b56d0c960ced76cbb3bfa2c13
xj_gts28wifichn	2026100601	100c4c65075a78418b37157abf4d110c590e338618508c65b3988b4151cbb01a
xj_gts3lltechn	2026100601	f3622d5dd4cb612298ee350cd5721c92e62d4624297020d3c2d5f5b70013f114
xj_gts3lwifichn	2026100601	4ed298aeeadf0cfbfb0496944792ca5ccd8f0122bef45ea76db621bc22cfa014
xj_gts4lltechn	2026100601	bb8d0f68a036e263b4d17cabb0b541a3b28d86461eee16a31283d41b12cec5c0
xj_gts4lv	2026100601	014a93ae67b869cad110f5f02f856b81fda1f1733ea5a49207a39d8ab5494d0a
xj_gts4lvwifichn	2026100601	b48d0d640410d438fc84d342735f7d5a111805a1f6592d9521e6a96d8fafca66
xj_gts4lwifichn	2026100601	ca765d83d06aa22b69e6b887ddf6cfe5922c7de1eb65561197a521bfaf693ae3
xj_gts6lwifi	2026100601	f8c423807d383d43bd35145324a10a6da28adaf168eaf269ea80111936772620
xj_gts7fewifi	2026100601	74dcb1f74d21fc307b09303c4d2b3d06c984dc41a03c1a4743dfa2e4051d573b
xj_gts7lwifi	2026100601	eb8419d3ae88619c4d6e4250cbffb70b3cd329a577c32a5bd13d952805140c68
xj_gts7xllite	2026100601	228485901d7339f7b04589e2864c2c42b5c92551e57554737f8f2aa8f7be8650
xj_gts7xllitewifi	2026100601	eb5ae2df0eed14e2df3daa3fca80fb8adb101cd5f51efc00507b713cfccc7467
xj_gts7xlwifi	2026100601	2b1ed1b89ce7aafc4119216f77c7c0e9a80abeaa19f729b6716590b44cf57f88
xj_gts8	2026100601	089731a14d667f5534081485a928cd218797a4d63469e521d159b49eed1b4ce2
xj_gts8p	2026100601	3cffc130ec623c1286ba89566806d5978c528ce69e7a753f931f37d4fcd9f481
xj_gts8pwifi	2026100601	0899ef7a00ae9a191caf7b78a555e1211ad98891103f02d9270c2b17eaebbba4
xj_gts8u	2026100601	fd801be476e385798206776fb804a636caa07a9177911bd1a3d226935fc0cfa8
xj_gts8uwifi	2026100601	123e9a09cff42d13f344ec7a7289b4c7d747b5c2e3710f88daaeba79d7586b5c
xj_gts8wifi	2026100601	e57e1519e24b38ebc566a68c9bc4324fbf8b6f41b73aea5467e6117d6305bae8
xj_gts9fe	2026100601	cfd31d30161ddd6828ea4e291218b8bb919c6dfe8a7c9a2363b794d69a69b6d3
xj_gts9fep	2026100601	cb26f90afed6b120a3c1b4acc76c65bbaa255ed7642fd359029bb29ffc411254
xj_gts9fepwifi	2026100601	0a53c686521aa34bfcb5194914f8368ada9afd072ee9c3423b4572ef820d9fac
xj_gts9fewifi	2026100601	ef4e04d3a9d1678ecf42f253d92bb174d061090cf0758fd2e52565ec0c9e7527
xj_gts9pwifi	2026100601	41aba6c3028d9b8ec7594188aa5d847616d7549dc5b0f86e8b8c93b7e7b91d1b
xj_gts9u	2026100601	2d1120c449e1d6a68be714542d84823cad28dbf7ffbfcf6f32cfa46f06c326ec
xj_gts9uwifi	2026100601	ddb7b717efd004fe2f351bf1ab5aff5711b429ce773a9ec16c4b444d868b2b71
xj_gts9wifi	2026100601	bd79262f4f900268ceb04e5e9309d22bd17c23b8f78af8287058efb7fa651d2e
xj_guacamole	2026100601	18ad40f01a3183f849516ab9acf455b738c2a16e5ff25da986df9bdbca9d0c8e
xj_guacamoleb	2026100601	36a5c390ba3e871e467feaf225d266dcc78a674ca4c5aff3af77ab872c1769ac
xj_guacamoleg	2026100601	7d1bca8645f06c3b4ebfbb5df0fe62a01ff78adb076cd75bac8ab21629ec84ab
xj_guacamoles	2026100601	4a05f1d52de9976685c6121e5e0d2a2982d1ecfb05ce37f784fd3d71e45a185d
xj_guacamolet	2026100601	c16a2a0fb48fcfc99d718fea57ef6457ca2688c604bbd4a712f1864e1a4e9018
xj_guam	2026100601	db7667e299e9bf99db17c00d829881c8a4cc0c5b53df0d15774b0c09e4c65a77
xj_gucci	2026100601	d3bd76e25b79ecc4e08b577908e7a8234fe6b995695223d9ddfe2d2e449cc200
xj_guitar	2026100601	baf2904bd26e9a0fe10e34ded64610161a77f3d91ca1414aed65b61a5c6c542f
xj_guitar_2	2026100601	60189d7815528282046bc1ff4c0cf3976ea82f938b99c592d22d6197c61e3b1f
xj_gunnar	2026100601	3255be3ea453180d1477e9c8fc4c150afaaf769a5947bf2389ff734986a3bd5b
xj_gust	2026100601	e23b704a909b722599942841f27089fe852d75fcecef5d8ed70dbd2c36c1f7cf
xj_gust_2	2026100601	9aaf5e871bb8c9fe6579743f7cbf83b6cef7deb3ee6ec7058959d041dea9c12b
xj_h30-t00	2026100601	6d56031f6b1c3202f2bca9c6261641dc1e684e19ce05b5336db411d71148fdcd
xj_h8q	2026100601	ffcb40964aa3d6234b0633a319f703d564b9d88a323962c10635e17cf91774c4
xj_haisenberg	2026100601	855c432ed3857e2784c65a75102b1769176b389c1e7c3e136804e653c4c130e8
xj_halo	2026100601	7eb8224578136027d8a2c3082479760b67b43e1a5a77659fed2d8427a0b9e7a7
xj_handel	2026100601	83b03608c5d7f7f5b272d6c71317e45e2cb256203207af471bb0441f38849614
xj_haotian	2026100601	7171ca66df1875732cdb4d0c27fe36b2ba5dd569619c47ba4fd3cab3042111e5
xj_harden	2026100601	8dc20e1074da3838ecd0735864f2e5a18154ed2a6798d3f93a3e36e50907f0bd
xj_harry	2026100601	a5abcb24c0a5a32007ddfcfdfe3275247817e21cf3f3f415b23477af63058435
xj_harrypro	2026100601	c557754985011b995fb6b5be958ea73f2f1b6e6fab5e1ac1c4dfd3958faa9829
xj_hawaii	2026100601	01bb58aeb511870db358cd2161a18aa01b4927d4cc90b55127c9b1b343fce5ee
xj_hawaii_2	2026100601	0136eefa5789edc4da82f36664f6f211b59ae77f9db3ab28714dbd1d0b44f671
xj_haydn	2026100601	4d987eb45a38edb764c9ccb279e98463f5efc5b94a5daedca70cdbfaf00c4142
xj_haydn_2	2026100601	5babef28ae1caeabb6846bf107939d1bd35f464d7660a32a81a346be221f82fa
xj_haydnin	2026100601	c05d055cedde20b3a8c256485d3efd14c1c762137343fb4c5d45de9a157cf53b
xj_haydnpro	2026100601	e100286c427b45c5cbb0218c5f474d9ab81680af6c1c7ff5dc19f9c5340fe56f
xj_haydnpro_2	2026100601	f64eb8dea7bfed3e198ad6a97f5d750884083e0d4f85bc3fff9005363b8aea80
xj_heart	2026100601	2cefa89abb87a38d70548045a8327507902743b409efa0211fe35aaf30f0a01f
xj_heat	2026100601	e4a125abae358c3e88ed85823a9f972f13577ef2a4eb5a82044b773185277a3e
xj_hebe-bd00	2026100601	78f4bf798bd03fceed564817ab83d39ab8808bc7f851f42ac77d7074b70030d3
xj_hedwig	2026100601	5659e8ce102223c071a607e12264c6c68d8a7efbd0cba544064d0ade505d0f82
xj_hedy	2026100601	d8c0ba0b2c6a22098b2652395bccae63cbaf8802934fec109a96f97583898fba
xj_heisenberg	2026100601	24466eedb44c59982f4c1c035edea06e3df824d87d11b4b762cd68a09c059e41
xj_helium	2026100601	633f7a012ccc065d2ffb54635b5f954159d69b650a96f4e45e819f9f2d0f78ce
xj_hemingway	2026100601	6c059487d1a5855baf308cfb573bbaf5aa47706d9d8a762a3461a5c4adeb72d4
xj_hendry	2026100601	522754b2e392a4cf71848d45b72ec75f767bdd0c09b9a6fa7099ef96169f2f78
xj_hendry2	2026100601	a6b748b5179183e46af2d7e9bac161c8f7c80448f8708772c37185f065943882
xj_hendry2_2	2026100601	bcdb4165e556e760776bc7e05020e938a9ea1bba4d387823bb57858f8bc2a63c
xj_hendry3	2026100601	5220f851e76190f8078a63ec7fa6a6a4ba55c24b026c1ae2686e142e589dbdf3
xj_hendry4	2026100601	0f28a19f604399b0e2fb6336780b093891cd4a66c438160e74495c8af1780f4b
xj_hendry4_2	2026100601	f27826a9c17868b467e166af06d17b0c13f34e366aad51de2e3718f288b05af5
xj_hennessy	2026100601	0fd52a51695b19a3e80dbfcc7f169a42e00504922b4d6992242bad425ed1964e
xj_hepburn	2026100601	d2d944099bc715de39c500bd9a14a8d86d5e6f6a04510223cfcaa17cedfc1a2e
xj_hepburn_2	2026100601	c2189105b557fd3637389fe5c8bdeac07b86c72ece9c21025c852b6dff2410fb
xj_hepburn_3	2026100601	d76c9616f5bc50c6753a33055753e2c1b0fc6fa88dd83cd3a305b45045902188
xj_hepburnp	2026100601	4b78ab4aa7fcd7b42a788589c9b2762fe307729102066805c897e33b4c44fcc9
xj_hera-bd00	2026100601	881e032b78bef57daea0bd3fdf7b807107d9ca3353b9bb0bbe27a5c8a41f53d6
xj_hermes	2026100601	24896506fc5c35a8cfdf644ad8b04613ef1027155b221b94346bef759d79f268
xj_hero2qltechn	2026100601	336ff889ff21bb95819861c529e30dab1be0139b348f573e67b9709f38b36071
xj_heroqltechn	2026100601	3b114954cc0e70a60ad75af9ed829714db33b20f30f414cceab07a484e022764
xj_hilda	2026100601	84ae893870bedfd4110222ebaa04eaeb5c2e9b863e200335348af2dad99adeea
xj_hima	2026100601	3cf731fc5f69a89cd9e3c43b348424445ef2106b1ed74e8d5b57c40e54aa82a3
xj_hima_2	2026100601	e7ea8aff157431a19260e4588b78dd9a5fd59f085ee157bf4fc6fad959b41e65
xj_himalayan	2026100601	625abf18196976510b8563b0efbb20dd0178ea1d2d70c86764e12bdde3b304ba
xj_himalayan-o	2026100601	48bcdb9a7ef417d1fdf4398a299f887a6cf9be0893cb2a67a1eaeac659df716c
xj_himiko	2026100601	6073009b5a01b6c5f0a4e90bd1d9305c62611f952a55172a8174fd1d0fa4f3ef
xj_hiphic	2026100601	f337620c2e79aa19f7f9b978f7b09b1cd9f96ee3dfe07941ee0da79b01caad4d
xj_hiphid	2026100601	68cf040b6be732d0f519b0b0104d849f98bc5c349634d819f30ba782781bae5a
xj_hllte	2026100601	85a9c28883879425a3c2d09896bb07a296f8e39789372f6ab7634caebc0dda97
xj_hls-al00	2026100601	961a848d9d148723436b31e4121e99b4357bce4084c97859ed90aab9c83317f8
xj_hlte	2026100601	38a6e973a00f512beb724f9eba53fefd01c5f5936bf34bfee09610339b0c6043
xj_hm2013022	2026100601	54833bf68ae267998e2ec7e0575ccc11d6cc3165b015d989572843b48f48fc61
xj_hm2013023	2026100601	f860992ba8db5a6013364e1fe8eeaef01aa3e14a2694418e2cd6e591ca10ec7c
xj_hm2014011	2026100601	e36a309057d17ddf0cd2a3f2426d5268b75b2de92dc9d5707fe817b3bf60506c
xj_hm2014501	2026100601	541bb9b69bd31799a3b238f4d17308e6621205b9ad872fb6c37d2670c78e0636
xj_hm2014811	2026100601	9c9e60337eaf88adc2e54efe3a8e6d1aa10cbbf88c5b0203814fc610db8bf556
xj_hm2014813	2026100601	7bf9e0a49f469a7d0c2115c54bfc7b049df596862a44ea7cd2d96a0fa4a2959f
xj_hm2014813_2	2026100601	d22d7abdbd9472c051f8c8c699d75b40dbaf2104ffd8e2d5bcb7743937507001
xj_holly	2026100601	c313fb9fbb91c91d441ce50a229e88a5cb9bc07fb0754900fb7457ec34979829
xj_holly_2	2026100601	dc05d625f6693adbbedd3b552273273d3358f3655177c737a6ce533be358241b
xj_honda	2026100601	465b723c4e6985b60dfa8895b1255ffb989c02ecb04614afbc57299588b3d142
xj_hongkong	2026100601	95169df9572a66bdb614e0ae45d4ea5477fae0fbd231fe0e6d8089f01ca2dfc8
xj_hope	2026100601	e59ce4fee74b5abc2278ddde46a2e8d019dc63d2672679bbd050ac824a4d2c0f
xj_horee	2026100601	e90990a4f76270bc56a9651c2086972a18cfc261fb9d52c1b4c07127ff24ef21
xj_hotdog	2026100601	d6d7762c9a25412883fffb9e10de13e7d18724d8dd0b1b4fd0c9d72627a2c7de
xj_hotdogb	2026100601	21bba5d2e7eb1507bf53b344b517267d0c5c7dd823b74ea98b503606b418c6ce
xj_hotdogg	2026100601	07e1b90e2bf769540cfbca0f266a354cbe11b6c7ea049af399e85385b8473078
xj_hotdogt	2026100601	2985b31545360949c8035eaeb7bb3952b5826c569fb8330dad9fccb8cc27fcad
xj_hou-5ga	2026100601	0f3c229a4dda7f32b2e2a92103e7bd23f9904a7a346aa9654e5c1f41d7e6a061
xj_houji	2026100601	b6789314f7fd24ef2588510d7b7f88abd3f601c70de2ac79993b029f10078430
xj_houou	2026100601	784eef240e850295260494e2dabb584b2f8e6b8cc38236a49f7470b504c3ffe1
xj_huahai	2026100601	732dea1c3314a87bf9063e0f1c93ad39c1386835348ddde32c9ca108ebe179b1
xj_huawei_a199	2026100601	0d704a3efd637b4fef1947de2785dbe852714e2b7f8aea139f6bd1c53e7a12bd
xj_huawei_b199	2026100601	5789dd35fb2685dac011a050dcb2f4288a94b5eb3f784e1de30198f25d41abd6
xj_huawei_c199	2026100601	44f366f1be0e418bb026608d336b460dc3f101fa7bf40d80158beddc5aa05164
xj_huawei_c199s	2026100601	759817a9f156fc68b5d0e58af22b52b973de1d3b04278da92c2d84d85ed88aab
xj_huawei_d2-5000	2026100601	3687b15e8237dcd5593425db4cc38c429ea016842f1fd005b4c5282229dca4c8
xj_huawei_g6-t00	2026100601	e70587be1ea5e771f47776cce5836c444fdc061b39736f8b5a0038eb93845f8a
xj_huawei_g7-tl00	2026100601	c465e08fab6978ff60c59bb73583c29659b66f5601ea56e796e1c30c62882f6a
xj_huawei_hn3-u01	2026100601	9301811fe8ae4501bdf3f625e94f1cd5f508f184ab87acacdae8d812e50a2cce
xj_huawei_m2-a01w	2026100601	80e73be99323c3dc2d68701082e87bc33b127075168505ca0534c5667c38fb80
xj_huawei_mt1-t00	2026100601	3556ba8cd1491ebe306f9b6bfded60e271545377f39b9661f92aeeb1f582c9a0
xj_huawei_mt2-u071	2026100601	828bfeaf43a820482faa148f02e9371f916a4a04f0c5ca701a4b27c096a1aa6a
xj_huawei_p2-0000	2026100601	433ba4dc868c7ec278fe9c9ff73c52ff54ec31bc9a5d55993213352a40734706
xj_huawei_p6_s-u06	2026100601	dc4b0646c8e1a7c81dddbb57044933192481956b1ea40180129c325ff9d5b9cf
xj_huawei_t8950	2026100601	a6eb94606540f7e07c2dc5a803e3c5b8cb5f5fdb13bc427338742767351a616c
xj_huawei_tag-al00	2026100601	d6c1efc859ab4bc93ca0851c4056722bac4600946ffa228ea426063038d6c90f
xj_huawei_tit-al00	2026100601	44e38b539e701f1c9fe39de7dc518de1fa33026867452227a608fed70fe7ef82
xj_huawei_u8860	2026100601	c50f0ea755df57f8b72fa732e77dae3bb0c13b449e8a945ca97b168ae98ef041
xj_huawei_u9200	2026100601	02b391f0b86e5cc9d6b0021810a97bdbaf277a6f9d04b3626a9abe520e16dea6
xj_huawei_u9500	2026100601	4879a517dfccec49e058975944488e24e052b22569c876ff3834d1e59a454488
xj_huawei_u9508	2026100601	2488ba246c8a9b729956dbf740933c7304c1def57100d13689b9a9a20970e7c3
xj_hulk	2026100601	d31f566de6e8121fcdc115e20fcec4de33773aaa98e3579a09aff0b5c40a8460
xj_hulk-b	2026100601	0a6ce78adcd51384b89df382bf1fbf8632e8c8ff3a1861b78210fe5786edf05a
xj_hulk-c	2026100601	c37d83a9c499bf6d9c5ab5be8669f5abd481bb2bdae1077d5bbdbdf89b3e05ba
xj_hulk-d	2026100601	e10c73bba8a1486b6163fa9f4d5a24243ad122595468dd74a8cb578ae0940f70
xj_hulk-k	2026100601	a911bc935c6142de83d2baa832aaca3830cfce9546f7911e088d9e98c9b115fd
xj_hulk-k_2	2026100601	9ae76050cd4ab62fb5de61ae937e9a3713522647484e4b4c2ab05b8afd8be417
xj_hulk-m	2026100601	f9941182fa5f5a83d11ab7f83b15187648a6cd3d71b1c4dbe29a87391dccbb5c
xj_hulk_2	2026100601	fae356f761bdfe6ba72b33c3a2c01ae274bc29a76027b751592d94d38bb6d385
xj_hulk_3	2026100601	f5b1d6f669468a3d50fd58967b74c9c293ff6ceed904522660e518427ea574ff
xj_hummer	2026100601	b99c067c74fdcdd11744e350c7ab55909fd733e1ff54103d54a1c94bcad431dd
xj_husky	2026100601	312da823a08dc241817bbe9e8cec76e2681d1b9ca5f3a84009868e919de231fb
xj_hydrogen	2026100601	5bbd7f1aef3b286837aec551e1fec0becc84c2eb06c2b9c515caba876e96bc90
xj_i2502	2026100601	094b48dba2f1f0f9f23b3b84193e41b747146f6a49081e660b2442a8d6d74929
xj_i2505	2026100601	337abb8aafd5df8d0cd4c34ddb2d75f973c1148b31ea91a4b7e2adc9621c325c
xj_ibiza	2026100601	3d6d1ebb4fa6d875456f12c69c1d994607f8ea75c07f69e1cece2d03c8fe5f07
xj_ice	2026100601	c70143cd98979ed53963979b4d69748b6dbeedc03d4d72f5b0fe28e36ec728dd
xj_ice_2	2026100601	91d986dd8f53b2ce5e52ad28b218f8f5e50eebca0b76b951977faeec07e368d4
xj_ice_3	2026100601	57d23fd089e27e70dd67f28436221e08e4406059dfeb379c3654349821db4df5
xj_ice_4	2026100601	a9f701b39e36fb81c8e5d370d4540dc68e49e8f5625130d03dfabade50577c36
xj_icelan	2026100601	18ea74d71d64825d249173c7786311650610d9f59bd064be75637bc82b55dabc
xj_iceland	2026100601	84693325f6b60491e7f2f13bce18aa92e8c410456465c063960d1fb80e7be319
xj_iceland-o	2026100601	18f5621de63482a4fc5dc599a9050a8923b8244fc4c5bc24ccf6c2a1865c489e
xj_iceland_2	2026100601	5b4913a8b2c5a12a44768363d6c03cd96c8d653ed971dc463743c3e53b0bbf50
xj_icesky	2026100601	84203c8201105ace4964783dfe2a9ea10abde8797cfb068f21304fa4c66a708f
xj_ido	2026100601	ed86cd3aae2f0efbfaee7bb1acfb95b84d2ef303c4f7af8f343f2051938f77da
xj_infiniti	2026100601	7a9db9e572aec0049a554937470deb640d47420a7437919c8077a769a5871148
xj_ingres	2026100601	9fbcde79ab00a23f7874ee24a995ffa931f9ad807155ac019c406062dadaa508
xj_ingres_2	2026100601	c3bb3561fa031dcba79f5f1184b7be6d0d95b5f22b93a3373faa12a8548fde4a
xj_instantnoodle	2026100601	6972376a32c8e5f8734fd900d75cc3c49b4cea3affd46922625e00490c95bdfa
xj_instantnoodlep	2026100601	8b35d01c1de96b56e776db5796e494e6464e06d140dd57ee60b63e16b856425e
xj_instantnoodlet	2026100601	d58190e0ce7ba73c3037cef036916b565a7c43da34639e3573d8155668512b29
xj_instantnoodlevis	2026100601	c838bc946d8f005439be9def40c6d96e5928b70b70637d2334929ebc42b70c57
xj_iron	2026100601	e2e35e24e6c757f6d1f243a0b1c4ccbb24ada3bbcbb78d711f4fe057a47475f1
xj_ishtar	2026100601	2bbbdcef29162d51bb1b937ff6704c5ad16068bea841b5fc4ba5faea7ec2f3ce
xj_ivan	2026100601	f6bb77a39f9cf19a17edfa6a42eadc37a5c563745eae67fee81df43b570cd050
xj_ivy	2026100601	3d0600cb32733afb3dda4e588bc3789d4e3bda746b1593e0c048d1985cbc4d73
xj_ivy_2	2026100601	8a2c814077c60981e80f3ac6701d09d3f84c9730a1df181760251bcf52228a92
xj_iwc	2026100601	76a325f931ae1cfbd5aa05101eb6471e81390e0d42e36f07058659d1b0729c20
xj_j2502	2026100601	75a6a133cb907b6240a4f2f2914f836524ed40d3ac25d5c1cac4b127d4c33777
xj_j2601	2026100601	2b98dd955159c18e3fc79fde43cbbdb0f414bdad813ddcd26c3b7abe39531013
xj_j2608	2026100601	86a16df227198afd3a1ff1e3585547f49c208f45f5e2f18e5258c7ece671b5f4
xj_j3ltectc	2026100601	c930a8b5b0f2c6156608b9b9576c4a4fc25062733e1fc31b0efcd8b847b227a8
xj_j3xpro6mltechn	2026100601	eda2bbb9d4a3bd209bcb2640ad2393f56678e94b5886fa62c3a754aa71f67cb9
xj_j3xproltechn	2026100601	364b7f21fd0b02b4eeb2eb2a4d767e5c97755a01c9248888a1ea075789af2ae7
xj_j3xproltectc	2026100601	f456af9655f93e6ed69e3d36f90f2c2213153122a95dfa346683af73e4c9bf42
xj_j3y17qltecmcc	2026100601	48b7a6f3986af74d08a26c3582b5bb459d6ef0c6a4a4d8deef38ad2422b99e55
xj_j5ltechn	2026100601	b89c48b349bb24100917346651e2bf133c7e4ffd7b9efa654d60bf93d6d68788
xj_j5xltecmcc	2026100601	cea6a2d3b8ef4a9d20c3ca0c9a7a67d97d7de4e6117c87acc69cfb895abc9ae0
xj_j7ltechn	2026100601	1a960ed95468988b096854e6436d13928cec9f3122b440a182c9e4e626525359
xj_j7xeltecmcc	2026100601	3cbb310f1bbbdfafc5b150310ecd29da9856ab22aa5dd3ee8f49fb560a1b8bb4
xj_j7xeltectc	2026100601	3888b17e02c403b372837350a391280ddbc299a743655031efff1437824456ed
xj_ja3g	2026100601	b8250f74566b0adaaa7a450fa3bc12a26f8a359424b38b2f262e8442c60cf61c
xj_ja3gchnduos	2026100601	facb09d176a35c226ccfa0c62957fb309474dd0866762204436adf6556cf5c7e
xj_ja3gduosctc	2026100601	2c79cfb82d8bc27c51f4ab6e0fd9a5dba7fff066e42e8db2cfe33fd32f903966
xj_jackman	2026100601	10b2792a3e9de5491688892db267044f514b83ce5748e0764904df99876ae1f0
xj_jadeltechn	2026100601	3fe569bca95c4ec3ca1a7f1be6bb8a66c0c8cfdeda05110b738664f78dfa3138
xj_jadeltecmcc	2026100601	f8b84d6514ffeedc8d5cc7afda060f0e26921e43727c9fced15f029d0ee1976b
xj_jakarta	2026100601	58b97812711105b005378038b26837878fb2d0ac0ba922024c1ba591c64ca294
xj_jakarta_2	2026100601	878d302a19cee413ded04d507822d3d736553c692fbd9c218272197f3bc0a723
xj_jasmine	2026100601	0e0f41b7f36eac64ef5b8f21aeba64aad65ceee49ceb38a140593c0ceacdeaac
xj_jasmine_2	2026100601	c5469cedfe3f4434d62f73b858a14103cc6b9b8c3079706a8eaa1716d96cc645
xj_jason	2026100601	221dcefbcb3572ce4f073b23ab25427ea458a6b7c682b920b98c8255ebb40e25
xj_jazz	2026100601	bb99f8760f05efa23c5c0045c165884772b8ff2626894b4ca17e8c5dcb4a13d2
xj_jd20	2026100601	9c47a65e287d83ee9656e1dc941e4040c56974fc5128d51286def19c85448fd0
xj_jd2019	2026100601	3ad16fe23da0181347107d8c7263aad01b4915606f9631ea80976b96e8c85caa
xj_jeep	2026100601	f5b4e680774078f8cebbfb5a5e748f09d24e511b9788eb2168009116acebea8e
xj_jennie	2026100601	259bb6c21c337d78b65b18cdfc7737c08ec9a400e597b6b4b939fa27de6d434a
xj_jenny	2026100601	8c56945f2cfc6b1521f4f4c64482bcbb4fbe40cfbdd30b574d4384976e9aaa12
xj_jerry	2026100601	e3cfefcdaa37ed23b4be0c56a22c5db4a76b696039d8244a5f22ada8f92c9991
xj_jessica	2026100601	0c5dfeeb7328d6ffb51654de75631aee5cca9b8b68305f42f25f5e96b08ab8b9
xj_jessicah	2026100601	21e2ce7c768ddbecc23bff1c7eee5d4e04d154a921d6ed9d82bc2bdc923e3dad
xj_jessicah_2	2026100601	843da68a986a2cfa9ad408eb696a0ef749b106b13d84e8c828000ac024b508a1
xj_jflte	2026100601	5e6f7a2dd6c7dd31210e69f0b6d45a92770bbaabfa791175eff2eb2873c7f288
xj_jftdd	2026100601	b431b9b5a06c7313677269eeb159d862d79d38285efb0b418afde41df59935c8
xj_jiaolong	2026100601	24e4d095652efb38709f52e51a7c367a819d51979079f997e68e7586f1799fb7
xj_jiaolong_2	2026100601	f4e514cb60dbda754b2b7d96ed7953a3f29018c2736b772e24c095a1b23d71e0
xj_jimmy	2026100601	4f960c003e45ee106bb9538e5a7d52edaae797b66353cc93052fcd36c3deaa55
xj_jin	2026100601	601408ed6c2e14e584c38fa1e3173e4856d7d76f69afc356315f91a1eacda4c3
xj_jinggangshan	2026100601	112a71989a0810a6df86699f8c9643a9052fca02ebfbbd809d11b768b4a69e3f
xj_jinghu	2026100601	077685d02cdbd5544a9babef926623e25c4eb4156cbd686d8ce37e384e939728
xj_jinx-m	2026100601	34fbaa880fed8dd126531367c4e7f582741d67c9df1d38c1b3451bc1096d6322
xj_jms-w09	2026100601	ff604f495e7e81d456a65bd499590ec4d4200ef8b4e5c85f0e9ec9ffaac3704b
xj_johnson	2026100601	ae74702b1e655891e5c383de12aaee9117a8d2ba2934687843175a780ed12cb0
xj_jordan	2026100601	cb444e3b3263f8c752070a7ef6140f7cf9a4c27b59ff6ad1fdf4626a4db4e43c
xj_jordan2	2026100601	52f96add65255ccf3bd0f83e0331e0ad0786e9bb871ef5a1d60ca12bf4e1a09f
xj_jordan2_2	2026100601	a0848aa5a35eaa13afa635d47a86bcbc2493ce9267c20e8357556e30293f07b8
xj_jsglte	2026100601	8706f976b0b3d9d02691464ed572db4c63bea37048e15143499576ec0c934a5d
xj_judy	2026100601	a7d10feec5198f742f50dc27a8e976965f5a0e5ce241d5bdaae432ac8568383f
xj_judy_2	2026100601	58eba5552e163930b093fe2e3e3e024ed1d9d16ad1703216dc52485681fd2f43
xj_judy_3	2026100601	4da76994c6d169b2b816f2c49ac242b7c61d2f115de804c34f2b559551636836
xj_judy_4	2026100601	a41428a846e09196f922b3018f83476469523bb42ac2c16f2db066e5d58013a9
xj_judy_5	2026100601	27c1c94f190f08130ca9e2b390de233a57a82b06dd587c91875f3fafeb0c22c7
xj_juliah	2026100601	d9443efccbae54f783f9ab0d6d4d255a6afd1c039da0dde1e62127eb8b86069f
xj_juliaqn	2026100601	776960e23b3868b2d6997d412f143d778267133632ba7f1e594cafe4f32a2b57
xj_juliaqn_2	2026100601	79efcf7fec4c06468e777cb684088635dabc15342a81ecf39d55884ac39e1179
xj_k350t	2026100601	15e5f3d71782f960bb26c0b1a58076ce14d88315f5ae7974d547119078bf4647
xj_k3g	2026100601	54085b4b842d7c516cb62db7883053f2e0089579044afbe1dc2fc76abfea8d90
xj_k5	2026100601	50f2171f15a9c7aa7e70523af8a325d11d58b505d4fb3e68aae0ebe143fc14d2
xj_k5_cmcc	2026100601	5849f825b0ec1b970fbf37f55d6a7fd17f28a3feb5d0a34a0172dbd6c5e24f20
xj_k5s	2026100601	15b89e2153b2236d58687c15189c7999b89d4cd201011f89f83e99b7ded32001
xj_k99j	2026100601	3ecfcef3aa24bb78acb16a9e00adbf0bb90f59551e5a67e10e890931c5765673
xj_kagura	2026100601	151de61624cde553b6abb38322db27cd4e4d7a7b880f6ed699fc469fc252f7f7
xj_kaiser	2026100601	bf8cd6a742b5b6f5936a40d0de1159f82a979b0aa03e4e1f377d2dccc1862f9d
xj_kaiser_2	2026100601	0da15949df02c30fd5d7eef4fa2806e8f8e00e4d4a4d9ade93452d3bf2065c9c
xj_kaiser_3	2026100601	0e9e13920863dec514d32af01b1e1de4162d01d7c6bfbfe7b6a702641f0bcf9b
xj_kane	2026100601	9b0f9e8df4c4b03a79d9654689b5d7417f037b73708c8f49c434c843f9fa52b8
xj_karajan	2026100601	12d53135f801c9ce1ddedfe552460b4129e372318358c5da6997e08ed0322583
xj_karajan2	2026100601	72b8418c562997e252f6ce309f5921a37beefa712c3da04e2d820988f4c0b536
xj_karajanr	2026100601	35c38ec9f49d0741c95ca18351e09f7530895bf79c31f6647fb0b25bdf8a0167
xj_karen	2026100601	3e8020d4e24336ed3b351a9ce50240df30cd4ac075660a762cb76fa99b2758ab
xj_karin	2026100601	c3eb8d1eeff9a3b547750910fdbffac451282b58e62ee0d2e16cf8c293229546
xj_karna	2026100601	fe151d3e97576431625e049b9ffaa77cd1947b18e23aec809c8dec8775b491da
xj_kasa	2026100601	3ada07ebaf185fdeadb7fe12176b4aff1029d043f774f1775191aa82b04f4d95
xj_kate	2026100601	5a311ed773e71d884b43dcd84a42b7e7028272083c1a2b2beef99a0920008828
xj_katyusha	2026100601	01d326fe83d49b9c3a29ac65dac71854afb09ea5ee6c993ab1b900cd71d79afb
xj_katyusha_2	2026100601	c11e252ef7679544b6887ff87fcc99df811b1e8f62c6f196f899426f5335aa8e
xj_katyusha_3	2026100601	7804bffa656b9ff572b319b8daf3b02943e8b89849dc48a60214959cefed70d7
xj_kebab	2026100601	e2693128a13b917a0cc7201d90b10b730a0a820e573667046e9d2fdda2664bc3
xj_kebabt	2026100601	496defc2fb9ece390ca5a7361dc788162bfdbf0a77a3a7d0676a478bd2f3271a
xj_kellyltechn	2026100601	13bc3018fc3b159340cbdb54cf0a113526d9e722f71e17c62b396fc250cf44fd
xj_kelving	2026100601	141bda7197ec0608d76a47944dd56ace2c3a39a016ac2264699eb1fc0daa5815
xj_kelvinu	2026100601	9715a5998f535efb04cc232f5acb00f7e3fe1124187fcb774bb8b8ead0c82427
xj_kelvinv	2026100601	6be5486d14b4ad988b8784e38d309edc6ad0d212ac7b29d3316a9f9f5bce4fb1
xj_kenzo	2026100601	6e56283518de35c61894e54eca9e460fdf1d4fcd039cf080dc33f31cf750d8d6
xj_keyaki	2026100601	8e32a45eb03b772206660da7c997b90fb04262d19d9be5bc55a5d547f29edc14
xj_kingkong	2026100601	f1440e720e9c732d343335ded9a8f5745104f63b57963f857d123fbd7d41af7f
xj_kingkong_2	2026100601	e69c18c35714ce8374dbb2a20322e0d645cb4af19d4394376d8f615ef5669be0
xj_kinzie_uds	2026100601	2fc02b324b6e0c5e14f66021296962f2dd27d422f4d9d58718a89cf931722baa
xj_kirby	2026100601	74058ec4bb74ed392c85e0431101066d1c776d7911898c7cee7e804dc3aa0285
xj_kiwi	2026100601	eee5b249b6bf5194ba807af57f372efd99f166d544a561f318094a87d15a2839
xj_klee	2026100601	a5302a3bf97a2dd15013c6722e1f7862412b32644a7c6c4d0e85a0f76b52f18b
xj_klee_2	2026100601	4a99dd1f55e32806853a82200a59d85a8519c8c7ef7e2c85ab6dc33af669a7f0
xj_klee_3	2026100601	df541c396d3b525e197e1448555c601b98e68e9474ca9fc03835601e1ca8f536
xj_klee_4	2026100601	993c011d5cb7caec00c0134f211cf4ee97aa9e76c2872572e1881877a77fc443
xj_klein	2026100601	8c32140570c854856e79feea0f6abfeebfb90ab9edc009489700984f78822612
xj_klein_2	2026100601	7aae1b7caed6087aba510161db84147f1cd9951df9510cad1643efcb4c0fe63a
xj_klein_3	2026100601	ac371e79b64abf3d9c7666a3bced52744faa108b47f8c0666d1cdaadadab9587
xj_klimt	2026100601	9b294db554ab3610ab1998afb2493ac5953fe286a2cf4aa056acae71b8f78c99
xj_klimtlte	2026100601	8e9f494696a2e90777ebb98f23f2abac5970711a0fc04e29be966c1abd6f5422
xj_klimtwifi	2026100601	e2af27a4837f6fb84b41d457aeffb78a07d34abe9ad7e84010ce8ab7ed176d4b
xj_klte	2026100601	59d69dca65f8fdf72f2cc7c8514a7cecbb887e834122dbca4fb9974e4949d73d
xj_knight	2026100601	31152ef4611320724799007f89b46c6f7673a5c37893a8dc6c177ebf2f98e126
xj_knight-h	2026100601	03ce5688ad22b84e435a50e3c574de4138db3dd61849a67fe9e9d6d3a1153d1f
xj_knight-l	2026100601	8c94db78b3779c35cf85e44c72b2d0c80ce506a505a26dfd62acfd499faffead
xj_knight_2	2026100601	b74ecde23fb49caf90a4465846351fd5084312fb31a67887c09b224ff05a8f41
xj_kobe	2026100601	e38ec408db01dc9a57849ba3f5642d743aad3d4c45fd5f4f9094f1fb5505816b
xj_kobe2	2026100601	c21e8c72c2d19ba3255d1252aa1b94a36ac2132d9bc28d8a1fc836947bf93376
xj_kobe2k	2026100601	c299a7475ec10709c31c8d05f9c714d58a856a3e6e26c9f5a18cf683bfb51598
xj_kobe2kz	2026100601	b34456492a0f24e196856264fdb72a5b36e8aaf0b9fbff5dd930dcb7b2ed7098
xj_kobe_2	2026100601	13f4f14e634f54d088466e2bb0b867963a926e38caae867d30f06cad66bd1193
xj_kodiak	2026100601	83b954212d5f7cdcb42f1d027d963dfcd880dc5ced7c90feeec35cac483a262b
xj_kof	2026100601	31374d43fd282137bcfc4c9873574b2082cc139dd2624bd48f70605e76b4533a
xj_koktokay	2026100601	6a405b5dcaf2e9115dda351cd866b9d846ce9ca555709d4167a797c4a24b7e97
xj_komodo	2026100601	ec95ab55f113a33626e1b9317e63ffb4bef47cfa16551ca41ec15340ddeed550
xj_konanz	2026100601	f66af507e502aa6fb847e3b53c682ad58a314dd554326477eb0ba767b6b923a5
xj_konanz_2	2026100601	3dee78d68837a1f4663107fdcaa9b6e98e01ca731b70b099eaa35831991a20a0
xj_konanz_3	2026100601	952b1c4f161a150dcb3ba0c50e2003196763fe897100dda4756a831f642773a0
xj_konka	2026100601	1612b3a076f058937feb55c46dc98a35a74a1c9d4ebe69e00a09346ae8b9e7fc
xj_koto	2026100601	096872bfab16f4c62018e29c12f604c14acf99eeffcd068687c8318dbda56516
xj_ktm	2026100601	7e114d58d846f2dd2ffb1171bac24927cd7a20b1a192aff544e8e47627d1da55
xj_kugo	2026100601	15e3e351b4432f2674c6a03d109344dff67cfc3721ec01f42c1a1b1d45c79fc9
xj_kungfu_m	2026100601	57e7bc043603e0cbaee03bf24723c5aff57c448e303c08777818b4fe5c2c08c4
xj_kunlun	2026100601	54091ca6ad8c25a81f80d3fd82a657158697df389cd85099cf1a2d6577d2a877
xj_kunlun2	2026100601	b53fba9b621ffe71f05b2eb884d7ebc9cf8a691ebc2d844a772dd30c94314729
xj_kunlun_2	2026100601	d44ed0881d49e0ae7a04a68005eecd02885195507168a6f20f85340c135f04e7
xj_kunzite	2026100601	f7937e1c6e30b2e493a906d2c1cc35acf59dab55be3cbf61b5b929d621764991
xj_kunzite_2	2026100601	e949aebc7125664d931ee8f10a40d96ba2054b1a54ccd039d76b102ad7fbfdc8
xj_kunzite_3	2026100601	273ffa01fc69845a0c22dedb3cfda0815d36494667f2e03a6038c2496ed9ef9e
xj_l18011	2026100601	7858a85762b2b7f37392edf3967f2227d1495455a800b15dec95899414fbca8c
xj_l38082	2026100601	541005f1e122f1294382c51a2e24d18c6290408b5d3e51bb675dd81b9f8f316c
xj_labu	2026100601	83580eb69841d4fb5e423384537689ff8881fd692a8ac96b890c4d15e04ac498
xj_labu_2	2026100601	dfd21c83f1718dbc1599d031fd47461cf7333969ed8774d259afe63e63b1c47e
xj_lafa	2026100601	8dcf78d13920a4ee43915e689cbcc6161499e969f131aef3f2e442fda4327a98
xj_lake	2026100601	cc63cac205fed1b1e9a27a8a1428334a2d04d4ffe3adbf13df9be7600616ce06
xj_lake_2	2026100601	e8be08e697b7b6c6d8ab6f6266a8eccb1d34b8245f1481687794c7e63ead81ad
xj_lake_3	2026100601	a6813cb2d8e20fbf070e00f27581c1ee3a7ff706122497347893ff65b982290f
xj_lamarr	2026100601	0eea29b70accd6ee88ba7775412f86cf730f6f42dd5c9d20f6355c13110b94f9
xj_lamarr_2	2026100601	0bc592a54e4ab2213d9934f83b2f5e50e68e3c4f3a9339190526be80475f268a
xj_lamarru	2026100601	43bbbf4a33682cc9c95d9b94fc235a459c68330826cf7ad9dc24729f19841492
xj_lancelot	2026100601	6893e671397ce58c8340a709edf3f9c9e11302281b733db82cd808a31ce2b779
xj_land	2026100601	03ac8f22d901faa0868b94f8e68109242acdffcb0565eacc5390ebc9eed9a7fa
xj_land_2	2026100601	479103832edce932a41875ff909b35611b70292971b60344db2915c9a20ab18d
xj_lange	2026100601	ecb65151ac8be42113ce3bfb00f5ad66f657218c4e7e01afac339418129d3146
xj_lange_2	2026100601	58a43df3cdfa216f44858b542e81b4460ec3ba43e937322b49613d437c96b09c
xj_lange_3	2026100601	9b859cf14baf6958c82eec98cff367aa6a83014bcbf586b803d95e13ef7149e9
xj_lantian	2026100601	241cdd6e89963befade6e2568200f0e33b9971fa02f1514358d4d0c720a95230
xj_lap-al10	2026100601	f97f3f4795658de4eb40181e01f4453a6557d79c0e4eeaa9465623be07a404c7
xj_lapis	2026100601	769786a7115c363cf778b4d079f1a95bc34a59ed3cb554dc4f8a29193224377b
xj_lapis_2	2026100601	ade031a928a3dd5003e4965658514dab344cd0c483e2492dc8ea92472b6496d9
xj_larry	2026100601	382a38189c30ca6ff4be01942763b9c460eeb2d7041842e79c5836cba6be92b8
xj_larry_2	2026100601	1f34ce4ba0696360d74f5cac8c26a8c32e4b53ea628893c210aeb51b9d22f6bf
xj_latte	2026100601	732b5e90fc6b4b7a7610898fafd0801d1fbf59f1feb802c3b728d8ddb42f6647
xj_latte-a	2026100601	5d425acdb9c4f4fc514a827764fb943c9667586119380e1f751713b24717caf2
xj_latte-a_2	2026100601	9ad85e48f66b506c014d3f54c9a4ac7cb52bf75361a1b51b18493889d46250a5
xj_latte-a_3	2026100601	5b85dadeba82b1a4a8be103dc42fbfa4f404f7ce94426360c02e5d8f867319b3
xj_latte-b	2026100601	eb2e7a5a3aaf73ca46c904e4d4208e88d309c0f5cb55725fee8e01609b1f3998
xj_latte-b_2	2026100601	b49190e45f928a0420a47d3991f6acee1779f0b9fe5ef53f4bb1cfaf8273a57d
xj_latte-c	2026100601	3ffced9fefbd43dd66aa954c3f5fc9db68f8012382747212608352211f71c02c
xj_latte-h	2026100601	fbba0f74e8f4aeb89f93ab8291d9bf9770cc86a6e87a0cc9d99b384facd6c009
xj_latte-k	2026100601	ffed7af729c44107abcdc15f107a136196d80d723477a51f8e819802487f6947
xj_latte-m	2026100601	f8b0d043a38c04d7e0d84415efc9a72152f8fb7f9d0082d4d23636c0642c4a4c
xj_latte-t	2026100601	5bebed3da0e439b2d5fba3383877232d798cd6f1bf03c204473469340b92a82f
xj_latte-t_2	2026100601	fa584ea10c7c9810d10290d7ad8873609fc20ecc24b199131db2dbb6bbc32d8a
xj_latte-t_3	2026100601	3e95c468741d35f65be3ee26ace8f122d13798b5f3a3302539234381c835d716
xj_latte_2	2026100601	4a1f2a52c70d27eb2a50cd153839f0c2015c3c09b1ee19ac65d2679340db40d9
xj_laura	2026100601	5a5637d3cf39ef9b1f9e034fdd1e76772dabaa961c17bb52ac206da3c5c8a901
xj_laurel_sprout	2026100601	1918ccabe0d02e9c242e8002297041920a0916e6990381a0f078f1db51415359
xj_laurent	2026100601	751f035e75912d7284b9b340ceb7b7d8e3abde8cf8543ea21631de9606ff443d
xj_laurus	2026100601	29a746a8cb80a35129ba0e92515a01fc6896cea81cfc25f7ff1d2e3ce8cb4ca3
xj_lavender	2026100601	e6e6e9b4bd7b158dd14a1c5cacc99bc5e92c13239cd002a30d008ae58ad6c74b
xj_laya	2026100601	ca41cd38a8fa2ad7f775305a40f0e6de93e68ffc5093ab46e5986143c854ee1d
xj_laya_2	2026100601	7df8016e5b82e6018a963e82160112f1c46f7163512c7a5dcdf87c704bb8d30f
xj_lcsh92_wet_gb9	2026100601	5e382b5a89ad6d73cbd4cbaba3a2af1b3d2a222e7bdeb9548d6918b1e09cfc09
xj_lcsh92_wet_xm_td	2026100601	6cc70abc407511b8661b0c3b4aa4f9c9429b4c389d1496d8c292933f15f35ef6
xj_le_x528	2026100601	9be464da77862085136e79fdfae2228421ca6958b24caba1d8c36d29869a8cf4
xj_le_x625	2026100601	bed9db6ffe0e61856abff1c422969bcdc8b2bda594cb244d1498df20d19e4d2e
xj_le_x820	2026100601	8b477d327d615f43efdd42a35d09abef1f211ce1cf0007f0347ce527b635b640
xj_leap	2026100601	b6aab0df49c24db722581a3c20dc58c1e0372e20c1edb93f424dfd003158b303
xj_leeds	2026100601	e54f9c09692078ae6cefd4e1224c33eb7bcf3b3f5f3372ca9d29c9acafe63f01
xj_leeds_2	2026100601	59e0d42f4572ac441c09bbf77f394dc2cb090bd1abae9adec4d0fb8c4db58d0e
xj_leedsa	2026100601	2e58c5c0a612786b75e7e30a1844262567f3f9d2bc893150e789e1b514306563
xj_leedsa_2	2026100601	0c9d7c0c244fe4c16207adaece2b11e706ac339d834d87ca0203d8271096f83d
xj_leedsp	2026100601	8b9bc681d39b45166bf8a4638884a9cafaf120403aa5eafa7cd83c03ba6a7d50
xj_leland	2026100601	da5310f3d2e42401aab5ae712595b64b4e61f34aa04e31f3b0d640876fd8658f
xj_lelandp	2026100601	153655a6c7edf2d06f1b36192cd85d9f888a66da4710f16a1c76d165113b3920
xj_lem	2026100601	e3bdc0b89ebcf2154f6ef84f24c06bbb50674fe04db085664fa68082036366b9
xj_lemon	2026100601	fd09f3e06d26040f026b9d134e2c63ea669ebb248263e6b9383935f055a571ef
xj_lemonade	2026100601	67ad8e36c4e463f89711ddb7cd8ff4d60f8606b948c26569494f6f916f535f63
xj_lemonadep	2026100601	4b18480d0db8173bcb17db6a57394694573fe6f36ecf16250d0584f508c9c16e
xj_lemonadept	2026100601	0fff64c62887cab1725bf875604db0386781c9d88ea96d94ba21f131c8c8a6a5
xj_lemonades	2026100601	54ab90c11c6bec52ebb86e32c637d1e8be8e9f279402ce683b296e9fd0a90584
xj_lemonadet	2026100601	754a7f871412682a799f106fe90086a8d15026f2f045aca1f64c91f61b35ffc5
xj_lemonadev	2026100601	e66c8391b360aa3a38a5f307a0a1b5b66a4d34ee2e41110a26e5020998ac0a29
xj_lenovo_k320t	2026100601	7e31d4c491ce73350573127298d36022138fc3b1ba36b290a3c0f3c9bc3ef91d
xj_lenovo_tb-8504f	2026100601	ade31b0767844b0a6fe52af8ac810b24629b8c51af1e6acb83dc599b9c6aa034
xj_lenovo_tb-8506f	2026100601	c3f9ace7cff05b657a28df887e702ebd080543c752165a8158488661d4c23472
xj_lenovo_tb-8704f	2026100601	814a80929cf5a62985bfacbc36d866fd2313aab26b536dc249d2ed4a10e32931
xj_lenovo_tb-8804f	2026100601	a5bdce238fa7249b63691826d52db892ef2151670e42e7b8e3df3baa9ed8ff35
xj_lenovo_tb-x6e6f	2026100601	3f6c95457cc32827feb706b47c9fb28239f721c03e37109674be99e6fd03a5b4
xj_lenovo_tb-x6e6fc	2026100601	d302dd23781c2e26d386a9d2f3ffe28abcad0eea8a93c8c97716eaeb89498f34
xj_lenovo_yt-x703f	2026100601	83f865d71ed5b457746dcd4f23bcf3c0048c063d155db25841b6d5e2fc19a442
xj_lenovo_yt3-850f	2026100601	c0d8e0990cac196ad2b6dc7b0d3e24f33c457fa4879efe7547c1b1620f2b19d0
xj_lenovo_yt3-x90f	2026100601	1e5be545f6633fde31794cb998016919fd80e446fa833d9f43bfbdeee070ae7c
xj_leo	2026100601	112b9ff7d3ab21cb9d5f88242dc4ae055fc0f533c40db4f0021c58ac80216e39
xj_leona	2026100601	a7f86a5ac2aeb988a57e982fd4922d9f3ed583914a6308e03f38ae919e97ddb8
xj_letv_x500	2026100601	08a3712328fb9363e365c2e50d8c17cfc6e47bde8c9add5d7891a8fd35edeb5c
xj_letv_x600	2026100601	b8693e0642597fbf040ae970c039769b28d0fa738eb8117c54ed732b702de93b
xj_letv_x800	2026100601	17d31413e073250c09864c9fd7e0635df5f00c4abfb454e949e899f256767565
xj_letv_x900	2026100601	a2e3d4987f0157efbb9d8c2282f072b842e3f419661ac5278743fed608412942
xj_letv_x910	2026100601	881533ad119f0eb19cb5d31413991fbfa581a0d6ad5cf8dcd8e574f60a43aa88
xj_lex623	2026100601	3a775c9a7d34fedde3355573d88c1ce9a31ec803c0605c3c9889f22a14b9883f
xj_lex651	2026100601	f7e95f36acde4a3c61e9b502e2dfc0beba347ecca504570ea7038d966941fe78
xj_lex720	2026100601	fc534ef2557e52d2d1f9469afb8ff18de1eeb5f87026f3c25f3b8c92747ba418
xj_lex850	2026100601	ce807e93cc837a5dd1a9f66c5419c9b57e21bba5863a12b562d189e45f8c8c55
xj_lexus	2026100601	2bce2fff9b7a97cf23887521483fc3734f5c3e47c11ac272a2ff0b541bae0e53
xj_lft-an00	2026100601	508e82e12cb50866c85f23a0581eafeaf204fd01b52b7e0959bffdca24a83560
xj_lhasa	2026100601	725ffac192ec107610ae7eb1a3b5bf47da8326e5d3bbbba3cc8522a24a3ca9a7
xj_lhotse	2026100601	5b626817d76957375929d9e268d37a72cf42b52a1212effe0b08b297e38e9ba7
xj_libai	2026100601	679383efad4d0050609684dc549170287b0b8607d3495755148688d7a88f9fd2
xj_libra	2026100601	27dba7630563cb591c96e2cd45b31238c5e8695bac0ea69ff0932dc3245382e2
xj_light	2026100601	06dc0aa726c559c3d19a047cf8fc73e33bbe12e748209acd903c6cc2764fdb42
xj_light_2	2026100601	698d0544a103f325ec7dcce068eda57b705baf86bb5e79b349e60479f0410102
xj_light_3	2026100601	f14ebf871a4f947e58dd2271ff84777a4e7201d4aba75778f14e20364f3b52a4
xj_light_4	2026100601	e95c21d44cad441137eac7a50dc076046de89117f60bce93e54456ec011f1dba
xj_lighthouse	2026100601	e270062867d6b5eba0b5666e815a1a7cd66a93229da1672c322c11b4b91d7e4d
xj_lijing	2026100601	174986973087b8b6f3dc014ad7f3b24f4622f1884529eb25e20e979e43cdc564
xj_lijing-a	2026100601	1f228b25edfc564631154277e83fd925870f25d6da85269809bac2a5151a66f6
xj_lijing-a_2	2026100601	22738af20cc5ca9d1fdf226adb370c24e329937c6ade78dea31a9744a865fe0f
xj_lilac	2026100601	ffebe7cbddfdebbc4163048a487929b661053380f2f775779825df5262e7b71a
xj_lilac_2	2026100601	b4b300a2527bccbe841ecfa6defd0472fcaf1e0263179dae41281d6ebba1ef9c
xj_lily	2026100601	1484a2f8c0d0d47fc74477a9957b2149cdd9ad771af0403058d104b3fc7ea1e8
xj_lily_2	2026100601	6bc26a70d84ecd6294276e26057a2f3ad4e7c40195f9f2dc42516d5d7ba23d32
xj_lilyn	2026100601	4e592f671ab69acb4a2407895f3b508fdd58bacaa51cb210b45fe00df82b6b50
xj_lilyn_2	2026100601	63f67ccf392108c154ac58a357e5b075019e7448b716d5b4fc3f7f2227d1f1eb
xj_lime	2026100601	58a2301851ad08d1cfe13c3d7f835874ef61cf2619d7f6836d98bdb4b8f5df79
xj_lime_2	2026100601	7255d119d4c930bff28cef1e0a3743abef2b474b0f9a035f2ae8e5962afb9f6e
xj_linden	2026100601	357611f3e7a403b2de5c4974b65b17ee7c965d4e3baf2041749843f300d0a728
xj_linden_2	2026100601	2b0b5564d3165eeb15ed77b0f588fbd886d70c1c089041ede2d2e0c68f7f032a
xj_lindy	2026100601	72288ae9f6064294628367d0e3665483b9dc8da81fcc03a9e5fb6f3e967c6f6e
xj_linhai	2026100601	cdee650269431a11800230ed987f6b3c0f8c630c54d63dc4d0426cdd3bfb7397
xj_lion	2026100601	542f0bcf9e0d25235ed217bea53b050541ffaa038dfcdcf87f284853c3151251
xj_lion_2	2026100601	674268b71484fad30dd559f3c14ecea08851d03f346c808fb9471c72c44e3a35
xj_lion_3	2026100601	a2a17fa6930ebe84d7e001b4cafc955a58508b388f42c259cdf871d1e3337dee
xj_lisa	2026100601	3e4c051f239de9f674f58e3f35674c067797f8dac6508f636f7123ea229cec5f
xj_lisa-a	2026100601	10bab24e4ed4c59d58d7cb5e8055183be3a39b242ee3d9876efdb61282dadae1
xj_lisa-b	2026100601	ac68e83eca79a6919dab8e06c2957a4835ac27fcfb3521e94972d1dff097ca2a
xj_lisa_2	2026100601	570097d766d6db675bda93d9b5b3983b97230e82709f5f47c4b451e758ef8719
xj_lithium	2026100601	e5f72b693511edb73ee50edc333efec3e3411610d2731b2a17449b719c9c35ad
xj_liuqin	2026100601	bf66280bbc973b2d6a3ce600a460691c924a5840c5e48deeb5412bea1da42f09
xj_lmi	2026100601	5201e7a902fb8f547042ba0635730205229f0ff4aa3f661d6a11e598b3f94dde
xj_lmi_2	2026100601	d303af0019ca0db65d98d13e518e4599860a712e7804ebeb9e4a7917c55bec4f
xj_logan	2026100601	a4ae094e829306b6e76665a5ce7d7be72e83598c14903178d73b20cd768e49de
xj_logan_2	2026100601	b08cc309952979738c9aa1d3c4cc4cbc421bf78e5f8fa3c1add100c27ba5cc36
xj_logan_3	2026100601	aed9efc0cd9f6bd0939bc2f62e4d81f6b9cb401591c46e63378dfea84f560dec
xj_logan_4	2026100601	4c5288f380cec9e95fa502c0f37f87c0e7fbf6100c6c3ebc56412c799c59ebd8
xj_lol	2026100601	1aba8bc944c2285750e28e843008f4c36a485cb475ffd4817552e2ca99872010
xj_london	2026100601	349a0798674018ee4e808e70edf783ef2c6719bee9192b51a8fb4e428dfb3e89
xj_london_2	2026100601	eccbb2b94b9796ea8a201b1211abfccfb67b060127a075a4a70e49e7371562c6
xj_longland	2026100601	efea2a12a60e17092879f0156f1c2354cb458ff05e302af325c74dcb360bbfeb
xj_longland_2	2026100601	70e114ff61808f89e6b7f0eafba98c60c47f4c150e447229a6f81f2af60ee2a9
xj_lotus	2026100601	c46438753299b670cc251cb79b0fc2248ecf2f96fd7cc92f9f68919ec91a3ab1
xj_lpd-20w	2026100601	f5e6aabd3762507625f7e22c7080dcd4a41c0de12432ed68f1fe0942e2b301c3
xj_lte26007	2026100601	597a5471e7ae81a52d717aec65fabcd8e0c5033ac1529505cac10918833cbca0
xj_luca	2026100601	5ea2908166af6749c2eb06c45b2fa42692e2bf1deb5907a84785f20ce312d3ab
xj_luigi	2026100601	ebea8d7fc94eb696e2ca415f458e160b54e455dabfe85ab45aa4b70bc955f405
xj_luming	2026100601	09728dae8d44dea37892f241d9abecb1c20e7d7e3483502c248e62f987db7d7c
xj_luna	2026100601	ad3afa015a00dc5abc797e61b9ffdaa500e2b4dc64dfa644881c752524c4538f
xj_luna_2	2026100601	7a36d2b436a1003cf7db29d8cf42c621fad2978d34fc9162bab514cf142756fd
xj_luna_3	2026100601	10f142539037cdee138bba37f9ea9b1e30d1ae3eb887e825bc79cf86169ee5c7
xj_luna_4	2026100601	2557267f812dc0426ddfaf961d9a5a87da1a8f3b3eeaab52c075bf215d2c66c1
xj_lunaa	2026100601	af30531b31ec9b4c41abf4a386a4f3e031a36fd5251eac0b5bb2f642c1130c3e
xj_luwu	2026100601	fe18809848cacb04537876ed99eb3816cb3a1b222ef4022814b42c1ba473ddde
xj_lux-h	2026100601	c632155020b62c502de0b5b311472d74aaab4e35308ae2b0e15aa55373a7d419
xj_lux-m	2026100601	7d58a29c26f72144a1efcdcba4241e83df6d3dcc70b1a9b71f90cbaef1c42e78
xj_lux_uds	2026100601	a23f3466edd08d24ac151347a436229811abeaab71d04284f50c4ca5bc264a51
xj_lvzhou	2026100601	60d32664e16295dc1ac6d985f70e09f429dace991004d6fafda4dae2c33e6565
xj_lychee-c1	2026100601	a1cddcd3dc56e7adab80b5cfb3fcab3630b0b425b782a6e47ea3eed4d5461a98
xj_lychee-c2	2026100601	dd27b214c5bb916efff181e99a06ea675420ab943fc3fe95a698e839a3210229
xj_lykanlte	2026100601	67e9e4698ff611665255119c9128683ee1c0175fdeea026d25ae4d8c7fb462f8
xj_lynkco	2026100601	e3e7b3baa330528c6637404827ea5b66c9cfaa38b24c6a0015d570598654253e
xj_lynx	2026100601	64fb10d4df5d06252984f7498b5793a608fffa80965e74f765510b74f47dcb72
xj_lyra	2026100601	ed39a11dd8edc292c2de8f0b3b52d4f59aee2865813e5c5badeb0e0669c45a7b
xj_m0	2026100601	31d80fcffc9e98c07f040ac0248a3a12b982ddb2f9f7b0ae711139ea0279d2cb
xj_m03	2026100601	f2fbfd82041608a6d1417a39f54c3fe90ae854cc497322673e320e3da2677eb3
xj_m030	2026100601	1adf4a23175d9671b458900ac0580e3e63f0096aab085cee6b8871175262d2c4
xj_m04	2026100601	030c231534f49071a30e925cd14de67beed5e2458416f3eef1711013a633cdda
xj_m04_2	2026100601	85f4e00d71b022f3035224295c7d1bc07105fd3a3b22587b5264e2d95190de6c
xj_m04_3	2026100601	c5f6188022796e82e887e8aa7880188aab0f3c8d830739ac9d41f393261ce0a0
xj_m0cmcc	2026100601	02ad544817f408cddb532fed6f20fd44ad1334a240c3a9457bd52b874e19036e
xj_m0ctc	2026100601	8a0930545dfe62af1df7a1d7a2c6fffb73f09cb48713645792b2251e285fee6e
xj_m0ctcduos	2026100601	50c688675cf30ec382dfb8d555dd80f9b94ba82be9c4e8015ceb568dcfc46602
xj_m0grandectc	2026100601	3f94e2ab99272881d0df1ba00dd5a579c843549c76ffe3b584d4560e558b4f40
xj_m10lte	2026100601	3850c4d8d7885bf3dc1ec8bf97335113eb8a7a8d2912d83cb424d61d36801ffa
xj_m10s	2026100601	af99222c1be564e7216c3e19c3aa14b9834bddf6967510a87103b2c280b7854a
xj_m11	2026100601	32db1ea3419f4d65e81c395d64ab5ab2d8c27c2b4e1cd9b6eb0d067a1de5eedf
xj_m11q	2026100601	21d71e3b657c72baca108a15856659061f6687b7ca44924049b42731c99a017b
xj_m12	2026100601	61a755c1b21cc77b76b023075f71a52de69d4fe011e3e8ea700f25b457d3c7ba
xj_m13	2026100601	59bb3a6ec2638217295f1ec47fba7f4826a3d4de6fa50d1283f80b64ab75a3a4
xj_m13_2	2026100601	38522e6469478b4a437913b04b7d2e004a54a7ce6597ea45dcbbd2565f1e0074
xj_m14x	2026100601	2c9d8143be3940d22a7da1e161e3bb89329cb41e16c34ebcb8c82ea84b227c3f
xj_m14x_2	2026100601	3c0a3e78f269c1620366e976e3e3163efab600c1789fbb84139510b794b6470c
xj_m15x	2026100601	a2088fc6c9a4184da443656e542cf7e0a6551b6fb74331b72e9008a63697ee53
xj_m15x_2	2026100601	413b7a06b60617274225ebd7e98883471c1cbe3da2322f6d578449320417a2f7
xj_m1611	2026100601	625352d6b6db6031ab1f4e1fda4a7c0702ba9457d979d1eaed1df51ab17c0d26
xj_m1612	2026100601	a2ea1133dcbdbce28b420e24370b296de015f0647cc11c2819f4f399f88f0832
xj_m1621	2026100601	c7f8edeef245b5c27d3351fb428082d2541e3561317b7f138680a1c708b3468c
xj_m16xm	2026100601	d2b7a51d5a333a8cd1a76670f2c98e97e668fd1443269d69c6396c6333767fd6
xj_m16xm_2	2026100601	51189556f929818799fe7d2bb1458b69d7a2a80a251b64cbbbbe7234e3fe95ba
xj_m1710	2026100601	fb2e6b880d8f38bb2132bc7ee652d26110a28d383921b53e2ea40cb51fdb32fc
xj_m1711	2026100601	aede6d0fd53e66fc2d90962981875d8bf2d6fcec255ffb505bd34928aad18415
xj_m1712	2026100601	c9d8da9ecf5f6f3fe0b1d75c0281d478f2a88e01c40514dcefd55f520972ddf6
xj_m1721	2026100601	c602df890b94623be90e15a0ade763d757b729045937d776c011adfc5729fbc4
xj_m1741	2026100601	06fe060ba6984680a2c30f1f00f345fe06fea7d96c2c97a64a5b5a0c6b09d162
xj_m1792	2026100601	55a78f68cb82126c981c002cc39a95f28f3fa38eaa160c80a8c29fe689679562
xj_m1792l	2026100601	93c114fc5f77ebb9db373fc833f8993fbb832b806c35f3286162f717259537c7
xj_m1793	2026100601	da027707b7b73b71407aebe4d0d6ad46d251923c7d95c02093b363a7a3d49043
xj_m1810	2026100601	859afa26c6be183454b9afbc44a881c4dc27f7d6c8a0dde3ea93a7c4d102fa5c
xj_m1811	2026100601	1fd5e969b75ba915c534a964324280edc2bd964b3b5ad22c788459af369bb6ff
xj_m1813	2026100601	21b50b9c05493bbc5959313b145c202ead2bc6328b227bbb548fe30d7e2f2001
xj_m1816	2026100601	458265816ca2962fab5c4f41476ac2d3ebe78aa510ae0bfe05590a34ecd52e7e
xj_m1818	2026100601	0a798adc3d56614095055d7cd3a68ad00bf23236e74116da5ec9009fcf588c3c
xj_m1819	2026100601	591026a4c9656e3cc5a5e975421e54d0dae9bd0897739666ed395d08fd0cdf32
xj_m1822	2026100601	5015f1421391aaaebf584f2acc5b3ae8e687b908359afc35edb1b0fec2c53e94
xj_m1851	2026100601	76c89147160e78de9783c8e8ae80bb4c1f7cb5eb62a278a4343a58ebcdc7e88d
xj_m1852	2026100601	9247b659b1082d1b0b510fd3a53ec58e2411dc521dc70527ff5ea41914b25f25
xj_m1871	2026100601	2366031aa40075e8d3e51db28d729832584aaa8c297067b2d8d3bdf7041f360e
xj_m1872	2026100601	ec52dfee1180e3d749b97bb594399e8a3dbf1f65730c66d26d817092cb7fbb11
xj_m1881	2026100601	4f2eb9508b92d02822577170ef9765414d5340b48bbd3be515feb4d705242e6b
xj_m1882	2026100601	15b349f8cc480390699f460cf77e26a04e590b83a08e3842ad774a992d65ad1b
xj_m1891	2026100601	83588eb63ec2e1b7346bc4c180d27fc03e198e19552d62a53d8ffcc374cc3042
xj_m1892	2026100601	9901b42183a4b6eb771bde0d054d6c29e7bb7f6415110102c46e719af3e8308e
xj_m1918	2026100601	f43462cfdf36aca738db8da25d0ca1e7a261453783bb49eb145aba8ef4f26def
xj_m1923	2026100601	31725ed1fac40b0367618a2fe7e819fa80e609d5cfe08479ed9e4f04ed872fa5
xj_m1926	2026100601	42df27989509ebc31ff882c727ac3f8b2552cd1d3593893e9959bcf412658a57
xj_m1928	2026100601	2ace845b69400837b929702b21fe7751bea4530de9fa3d7d8d81e7002f6193d8
xj_m1971	2026100601	9f4de7a86dc301b577fad11efd45d37ef380caa2668c7b9043cbc9a6457944cd
xj_m1973	2026100601	e6eb5bbc461e9dc23c10ee48bc8b3b79b87db6b2f044a44f57877ddf230363a2
xj_m1q	2026100601	020794911bfa58adcce9ec9184e426d036e2059f595980c6bd889a386328db18
xj_m1s	2026100601	926ab28bd72e7d5d9390024eaae47b3a10f75d4ebf0b13285cb11a0deae6ef27
xj_m20	2026100601	6867f66f58118c6a897405213e0b9b9d57cf79f920a4a74e3299719826c551fd
xj_m2081	2026100601	5b9b588b8e1717c3b96dbfe186540aa0614401b477cbfb0a739c788de84653e9
xj_m2091	2026100601	29dd18827e715e7c7dbc89ca752b59d5074456064574c7f19f5a73eef9aa1129
xj_m20lte	2026100601	c679cc898f4e0259e812f7bae7a49b766642085bca04c4c84801ca3bf3f69853
xj_m21	2026100601	de7e3411a62eba02fbae79da2386c6c2a9c70d1c25954e4d31e2f112058df4f3
xj_m2111	2026100601	7f3859747ea4e2a0a4a75c617660db7773d12dbf1e7456c83d550d43858ddbe6
xj_m2112	2026100601	ee02dad4bd507ab39fa554ffd2bc4932fbcddf7d18e4ba760b78e181acf8ae42
xj_m2172	2026100601	c875f8335ed76bea9ba19787a3865d52c324e6f57a73d9ce590bb29c35944046
xj_m2181	2026100601	18bc587bc84316fc2e96973a746f5d36d448fba6564e32ed16c3087fa62251a7
xj_m2182	2026100601	ec101b27014e4766b3eb8c19f6508ee045d2c3ae61d355ef0ccbd76c3e18705d
xj_m2191	2026100601	41ad5cb6ef81895394fd648097ff46c9cf89809d968aee5bff6ab4beefea6403
xj_m2192	2026100601	5ad65e56fb5cb7d2d14da90061db805cca83bcbcd378561e589585e24882d03d
xj_m22	2026100601	b910161473bce2be8440279260ead9c61621e8e378d7f44efa46cb876d96a91c
xj_m2381	2026100601	622312edbb5516805f56279dc19509bef0aef6fed2ce66ace96c66c4ae52787b
xj_m2391	2026100601	3c9f3a849ea9c43d34af122a3ab5eee9b9410894b1bd382c180bbf36a6ba6862
xj_m2392	2026100601	ff7f77c19e2e792b3ffb23c3828afcf73537dec0d376078b5145b46b4fcc90f7
xj_m23xq	2026100601	628128639c0d2cacda11c3c46e002472e50323cf61197d5a9d8046e52b8fa7fb
xj_m23xq_2	2026100601	4fa9f8c2f8d9bf21c3a1933db6537e7b09df05828a4778c8910ba6cdea7b9f2c
xj_m2412	2026100601	31acd0b8d36e2b4d176731b2e6e35546a33f73448e510195f888e043b8c168cc
xj_m2421	2026100601	b69045125677f39605f4d29a6b60754762d4f4875edd51babf237d80feb8cb73
xj_m2431	2026100601	441f0d9a3d3eadeed02fabf98a85f4425731f8574d84ded2cdaafd226324f736
xj_m2461	2026100601	74781663a4055b07dfdb54e031c18f796b0b04d027c30bdb8885cfcbbf2332be
xj_m2468	2026100601	d8928c4d267dd207930dff53f736fca3a0a97938577bb00ce4dc6188b52862de
xj_m2468l	2026100601	0780e44141e6289f570acc1b0dc88303bd08a6f82d31e1737133f9a13405ea15
xj_m2481	2026100601	ea209930153ed395a15335cac6d4f15c14fbfa0b6d58efd484284c26c143409c
xj_m2481l	2026100601	f472872cba69e57490106d2f66136791640bbe3c9860feeca27464c902b0ded7
xj_m2481r	2026100601	720c7f281d620f3ce0955481acc08110294f56237181e689684bca877ee97018
xj_m2481s	2026100601	eb0de1867e0097f1743bc288d6a8d59687e1c9f1053f5d355167fabcdc6c2b24
xj_m2511	2026100601	e4382531b557b3c8bc463f4b35afedc782e99187e4503fa3afca1b3d9fa4dc06
xj_m2512	2026100601	be6714bbb593333eb376e6fa5e3a001bb090b20131af37c39b98c1e18473f014
xj_m2513	2026100601	99ebb0deb04fbf0508ad5b273fd38cb0f097f97169a95a77769143faf0753e8b
xj_m2521	2026100601	b28dfe41902a2b849e01ec5e4331e3971d3b599435bc20530d96382b4d7d902a
xj_m2531	2026100601	e5d4909d26c7f6156ca872591165fc21ff5bb6c6d2ece7e35701fdfbfe8bd7e9
xj_m2582	2026100601	c0771d77d86c132e4efdfc4c7eb02b00f83b484b47b7b266d2edfb4350dc499f
xj_m2q	2026100601	06366efa77b7dd04bee7d1aa6f6f0aa3eee9094a28359ce615d9f40d707a944b
xj_m2s	2026100601	99c3acafa2a3e72051a3ff6d52488f232ad6d05a8a9be317c5b09d7e2a336855
xj_m30lte	2026100601	205052c7a1282209fc98f356f8984e951ae41dabcf5691aa14dd02cca7a06133
xj_m30s	2026100601	312748aa0e4c7c674451e520297f9f7ca4c91c89761d68aae394e23a50b61128
xj_m31	2026100601	81ee9babc00c7be0c910d22a2d9be998082f96982bfa8fcb100a4a7cdc718ae3
xj_m31s	2026100601	77f6ed366422b75dc40110704f405d670532d9ece91214baa0e23eb33efec630
xj_m32	2026100601	2d2aad99b39b6f62be6868ad81410e889350a024327b2499f4ff9a0749c1dc3f
xj_m33x	2026100601	c81e3f650a7ade61d229905e6fdb70cdfb5b686765b5dcb83ad78039453fa953
xj_m34x	2026100601	fb4648ef469540409799eb903f1ee23d6bb30bb94b70bd1b942fc1f7cc82bdc6
xj_m34x_2	2026100601	52e11cc6e4a76176815a8630f7bde5a7ac43cee6b18ed7127b6da18a7982e63d
xj_m35	2026100601	709ecbf336b7dd49b69b5fc43ed480643723afd60a9d0cace2f4a65c1b0cf326
xj_m35x	2026100601	9ef7dbde7a748ae3d0a0413b90ede3ae7b49faae37ae95f05d8d1693e6b8bc3a
xj_m36x	2026100601	604e1f27fef1b1f573d58b84d8607556027467d30821ce2c382c1e6b73ac3a49
xj_m36x_2	2026100601	b75c6f8937fc3d52b8c3062410f3766f2c0f148edf9d38c8fb6acf9ce949b59f
xj_m3q	2026100601	7fdc97eaa862f5e0d4ef42c727f9806e6a6691b58edf905e9d5f76d1982f1a42
xj_m40	2026100601	1e5876b26c09ea01c798b16ce6b27c5474cb5f6e2735d4c5d2683d7bd30a1748
xj_m47xq	2026100601	98e74d938851f5f5b5cb97aba799f7a90907594f467f5de38f0f516690245dd9
xj_m51	2026100601	e11f2e6c4726e32fabd2a4b06e96c34facf28b459e0c6f35390e65055857bcbb
xj_m53x	2026100601	c79eeb594b95efff33524ed630af9b442ff24c6541dc8571b0064ac6276d8432
xj_m54x	2026100601	4948c5d5590cb94264842194e79f8a71c84458e97d63644d7357a4b159491720
xj_m54x_2	2026100601	d236ff9a2d3f563db44edf1595343bc608fdfb1ea40938890e3d7ec4aa869ef4
xj_m55xq	2026100601	e33687e046e28676d16c579dacd2c31b4f6f6f411a2cd71431d63588206f1514
xj_m56x	2026100601	f133e308325b93f8ab83eb0ef5a81901ebc9f05a8e110aac485ac9266ebc8db9
xj_m56x_2	2026100601	edbfe20ea83d67ba2a6d353cedb6f199ee620cee639e884daad2016782f8cfc8
xj_m62	2026100601	3b13c42add7366f3bce082836480593b2b38f1c4f5aa8af6ebc88ee98163532b
xj_m71	2026100601	f2c2bd97957068003a8fb05a31e3df034beefd8fbe4332add8e6936c4f9b48ef
xj_m75	2026100601	c54f519f6829e61f8655feb305bad36f23c3b09ac2575fbbba34ac12771c3904
xj_m76	2026100601	1341e8b3e6336810da935d0cb6cf31e958500605cacf87e6b8d3c211829f5a4b
xj_m79	2026100601	cd53e04e2712e02b5dcf927bb7ea93c3412773aca0f90b1eedaa6aa56c3b9fa2
xj_m8	2026100601	6c5d67e7effc0c8038b65bab075e73e3cc12ea49b4258e243d6bd60496f53610
xj_m80	2026100601	2c66c276683dcd2c94c486cbb2b30da767cc85eade599bac6a8fb0bb45538fdf
xj_m80_2	2026100601	74bf7bc2971d9e307537258911e33944bcf4ba5488cb3c899fb242481a833934
xj_m81	2026100601	b541da481096dd729ff8af6f97f00cdcc509204035ad250cc4444dfeb12bf154
xj_m85	2026100601	ff9446c7654a50568790a73f8ef2d2628deef7706603f21db53c9991bc5d2f2a
xj_m86	2026100601	1d5d25808eae2e41498b5219fb6ef063b796f9ee43722a749d553ee25558b051
xj_m88	2026100601	7f6eac26b9044d9255a348368c93832ad4696b2233ed028d0d4b0a2661d9ab7d
xj_m9	2026100601	8d2b71f02f77994092d351ef8e64ae3bda0490e6745d62b1053a7880359c178c
xj_m92	2026100601	033f7be0059de2a2ee69bfe32e8b3ea6a6bfca6f5d76b35db6e94b612874b315
xj_m95	2026100601	316504e4f5fcc63589b59534102da4ab7d43182fc9823c28041a47b2c44fce3d
xj_m96	2026100601	63050d78a9bc7baf1aad5672e1d21d0f7b17f89552ae508ee26818dab6a16609
xj_m98	2026100601	d9272a4968f3ceaaa6eda0b216f8785650db91c41bc5d8450d8a21081f1bc787
xj_ma01	2026100601	427c1b24f2441e87a94bbef7a13ab8e47b1c678d6e3e4961190bbb763a713635
xj_macan	2026100601	38c7fc23c3f88394a1fc6ecef4870af703d2ae0de1fc8f2f3d59630a65cae644
xj_madrid	2026100601	e947d84107d2c78e5ce2932f6723803b3a590bc31a1edc7cf9076aee37de9b1a
xj_madrid_2	2026100601	6692ad9ca7372d28e2c42020670181c9bf3d04e97dbb31bdcec49b7520ed6abd
xj_madrid_3	2026100601	7f76812dcb74af4fb50faf19f883da3f185ef53acfea94d34834af888a0961b5
xj_maggie	2026100601	3f3ec4bc8023c358f2f482f827f93b2674dfb5e9dac16fd750b9bbdc4bfbb68b
xj_malachite	2026100601	790f4f0aa156f7747cf562f59f48175b9e5412a4d053564607f1daed9e7d1508
xj_malachite_2	2026100601	f593134794e06c3db92c708410e4fb20c169da35602212f128d6ede29c75e8cc
xj_malbec	2026100601	02370ff7a50e5d17f34a7b7bb8c3cd873d202ccad2a86066287652c5a66ee6ad
xj_malbec_2	2026100601	26b140c24cfe86856e1365f34aa19c046656022706e00159497900827e88e580
xj_malena	2026100601	9a2183c744fd5a35a4043d92bb8ef8b68999a369086a9c9463ea7a01759e5671
xj_malmo	2026100601	b13dbec2e0d4553acb40f1052b757a5879882cc652a0c68b0d28531e538f2ddb
xj_maltose	2026100601	ffd7509e45f677b5cb579fbed10fa4961f71eab076c410db57467ec855e5c3ca
xj_manet	2026100601	13cd0fd8e13a5df76264dec96492c4ab7d537a14b4012aa8aaddd14a4cfae797
xj_manhattan	2026100601	ad0f9efb321646367df765a1f1f47bae37d8fc7d04c53c89c336a715a6bbbb44
xj_maple	2026100601	7822e0f498750984fb8ebdc8d8dccf0180e09d36643e5c5175db12b1c4e4f9b7
xj_maple_2	2026100601	13bdb69039b6b063f670535ebc43b74d3be0e1a24b3060e154184d20c6a32667
xj_marble	2026100601	f65fba8e7f3c12c30aedc2360027f6c3cb20c6268dec5c170901f7876e3431c7
xj_marble_2	2026100601	3b68d62773b170b2067a20d0b8bf8df3502b1dd7863f76a8109802dca20453bf
xj_marblein	2026100601	7d68db86c9d12dd9c223b2600df83b6ddfbf2ff7ceccf39d046664deeab6ba9a
xj_margaret	2026100601	4c8d92ae2832b90a48e41cbb1198af7edeef4bc92e316da4db08241c4fa69c20
xj_marie	2026100601	5498da1d6e1698614b30b3fe6e7d295880b5c86973d5836f60025e0eb34be001
xj_mario	2026100601	4adff2f44b92d7e543ac068b9586e261e5625e2585a3e9efd5b5bd106e8d258c
xj_mark	2026100601	8a17256c1b68cb2ae691360c8ab69f365f0d62c355e8a4c237e67fcd9025aa58
xj_mark_2	2026100601	e77b771d757154874ed52bec79df6f1d962067e55dbbb4f0a2c27398928d5817
xj_markw	2026100601	38d9ac0e1e818d5c92eb49a746e3c43b8b078b66427daf9c64bf7bffd12fd328
xj_marlin	2026100601	bdbbc0a5fdd8afbb0fda2af617d635a09e2fa2fa8de820a9adaf9ce2f2640d2f
xj_mars	2026100601	41ef4530057406f5b6ac05a3628c6c81205bb7e81047429d330f83e19b317405
xj_mars_2	2026100601	fe8bba7c7ec74d5ef2faf5c6514e40af943d965b3ff1c628ee2d919c7113df30
xj_martin	2026100601	ec0f53da1774a5f1dc079fa3353e2a2551d738c32422381142b30b1719f59d94
xj_martini	2026100601	1d695ffe4edbb4e800156f331a4de7314cca6c76a5cc540e3beb995764022361
xj_marx	2026100601	73edfccb7d1be54cc4810ce1bdca0026583f09622566010a20096e9a3659e150
xj_matisse	2026100601	94dd46583d4a080a3c9430dbd584f4869db89b18a2ed7cf43f301f9e66869559
xj_matisse3g	2026100601	50da585586861254827c85179378cf7206763cfa9099551b7339529df42e57c6
xj_matissewifi	2026100601	a6322bcea43d9336125dc818516a9311156b5700d4306b8877fb9074c3d79f6c
xj_maxwell	2026100601	31b9055071b27221a71890a0dedf009d05751d297320880a7675c12d9882f779
xj_maya	2026100601	15e5563bbda81f3298d8e5767157ffff0d66c98cfb6b7d17b0c2a1e591965cbe
xj_maya_2	2026100601	42cc2d6c76eb6ffe8ea7f0991866bec674ecd5261380f9a5cd5b0cd1f3ca7a39
xj_maybach	2026100601	d787417e4ce36bbb85fe9bb09ad6216a4d18ee6851f48bfcc533118f2d0063aa
xj_mayfly	2026100601	a2d48d6ba40ebbaaeb12cbb8e486c0e70bd91c439f417688d7311719d0cd73da
xj_mclaren	2026100601	95548dc6a10e0ef92d593aca08357ad1d7b00cb272ce6486a3679958d020ee25
xj_mega	2026100601	cf4c74cf8908de31e86b6cc3c597a8766fcbd7302b437a4dc9bda3bbaaf95fd6
xj_mega_2	2026100601	881303bf427515def79ac47b95445b2598446010a4914e0b6af0e0f0cc0ff3c9
xj_mega_3	2026100601	8c6dc8fb4a16768fd868ee3d1db9071de95c10c5688b9a8640b747127bd7094d
xj_meri	2026100601	62f339db572ece0000329edd3718a46bb8232bdccd61935b9596f46c7c4fdf0a
xj_merida	2026100601	6461ca4199d76208a0b771de8b107ef0d087e824a38db51677af2ea336323614
xj_merlin	2026100601	65f48e0867329d1ccd17655779e2f9c5e49d918d234a19499769f56c8d5795a6
xj_merlin_2	2026100601	35188ba64bdd8f9e44c4876c3fc77222571168f5b342620a6fa28d993441e064
xj_merlinnfc	2026100601	8f772ad975f07246e502ba9ab70723ed45b29b69581e0f68b069bdcebd4dae40
xj_mermaid	2026100601	416549200267be032d82a5c8be7d299dada1f79cbca737217ffd63e47fb2060d
xj_merry	2026100601	50d04e2452e22b2ef57be667a52beb1f1971c624690a79f9d418c9e8c6fd7cd9
xj_merryp	2026100601	1db4718fc6966f694d419d650ba91f166dc29ae1d7925604a50efd829bb0b6de
xj_messi	2026100601	3e402b0d95285ae48721d0007fa6cf1e9d2820a3db3c5386ae15d0ee6d7c563e
xj_messi_2	2026100601	edc6d865f68a12b9ded97e2b022f9d986735ee83f608eecae3f829da4731de2c
xj_metroid	2026100601	929664489124907a9f2f97965e0e5fb24f9cf7b1e44b0ce4e66e97e19972b529
xj_mgz-bd00	2026100601	a6a51570c2211ea94fb514c581fd119286bf5bdf206ea0e1071b4b035326aef7
xj_mia	2026100601	b7fe5191d4853a63769253b7add76d1b153a9908395a41af4610dfdfb0f5b0ef
xj_miagt	2026100601	11ba999c15fa6a46228378d15911e0224d9afaa49a04e179498abd45874b4b54
xj_miami-b	2026100601	310ddb25eb112fa2989abdc9a7cbd74cdd5ce19840b433ba21848ce533b2421e
xj_miami-b_2	2026100601	890b65c1d2b0deec0b6b5b467eca966c9912d9f44bab3c971871632ed406b191
xj_miap	2026100601	d17130b301f08dc329004d46578bedb274593cdb23a793e2e1adc4e8096702a2
xj_miatoll	2026100601	f219deb58593ec5ec4e19d4bc0b231bcc5093b5c54e841b32cd7abadf012ebc8
xj_miatoll_2	2026100601	4fa255ac090d2cdb1a58826ba323e7e1a6b45c2c0f68cbae03cbdd1a35c2ff58
xj_miatoll_3	2026100601	a600f62f0cb70ad7682e42b6766bcf7243605642bb61e6130995dd68f84067cc
xj_miatoll_4	2026100601	eb9443a0abcb1e889cbd1858537dfa848a9bc7c389e5868e522d4868fdffbd60
xj_miatoll_5	2026100601	deaa083b28b651d086265bf23aba1f72a791bc1a57b0b793f0b8f1cee732807f
xj_mickey	2026100601	bb1a23140e8300832ef93ee3aaa59137a4fa65db5a39ad9cfbef168a04e0660e
xj_mido	2026100601	c64e18e21f6a4828f4ac3870da9295d24f30a68cea2fa25a480fb997140d42f0
xj_miel	2026100601	7713f13dcd158845f0dab7e7ca098ef53a8271eec8f7e08dc9456afc6c4f7d8f
xj_miel_2	2026100601	6d6df54d8d0e49786856811c5392daafa757a25b9ca40c0d74d0bbf59b8e0067
xj_miel_3	2026100601	1ab7151d30b26e975dd99d4c16b636d4d155c415256fa6380596a1996db7e0dc
xj_milan	2026100601	8b7624bd36096732ab8517d18f31e77f0712f53ae19e99f3530334e1db5253d1
xj_milan_2	2026100601	e75c01b151b0d73d285e5f6301b68ad1d9b0d2e2118548a7b0ea4f8aa3de2e3a
xj_milan_3	2026100601	face2d835c0fe5294110ddd351e788045bd0002cab51deca25f841cf76334a3f
xj_milkyway-c1	2026100601	03f6b6494701f2a591b59ad2567f7926ae9a4bedc3aba1aadcf5b5579642de2e
xj_milkyway-c2	2026100601	318d9565500c145ec11da9ab716ce7e92e407273e43cc5eea4cd9ecef4c58c63
xj_milkyway-s1	2026100601	b1c812e1de9f4a09c94c0273713fce3d435c79df9f968463b4a816bed04a22e2
xj_milkyway-s2	2026100601	aac4f79797fb4a15438d1f641a8101a0aacbd1d0b47a9e8504421bbdf701a155
xj_milkyway-s3	2026100601	f40ab045945e4126318f20d895eaada19e01eb2da40b6063815bc4c3a2cbd798
xj_milla	2026100601	ffaa2e90164f4ddd4216b0bedf59c6e72b29945dd85d79d4b91c633eeb0db4a7
xj_millas	2026100601	573db6144beff9216cbe54d209b00b8b323a2c0b480ac6f24625f3383dc4c8e6
xj_millet3g	2026100601	67eddb1a7aae3f5911e9035ffaa4316494b52e97c3586b1b6eac8e1d2364bf7c
xj_milletwifi	2026100601	16f787f116159d4e8c30d368639ed6d645d3a11681738fa3bf61f25925d789c7
xj_mina	2026100601	88cd6903090dc3d2a68a6f355698753fedc6a685ae5683e01ddb5c18f9d50ae6
xj_minagt	2026100601	822739debc7a206469961b3a5dc71222db806d3a76722818b3240c60d220b2d2
xj_minagti	2026100601	c7985c831f900df9c12a4944e9789f9b208bbb1c99b803fc840d3652f6407889
xj_minap	2026100601	45ddb3d2eb17e4ff3259c8ec318de31715f76e915858deb4591dfbe9fedf2398
xj_minap_2	2026100601	7ff33000c9d651721b8b68b619f4fe3ce57707bbfbc2e20b4d4d374b674d1529
xj_mione_plus	2026100601	001b233ecbff77b76fafd61bcd1dfcecb4265dfe2b57c285ea327d817ea94937
xj_mione_plus_2	2026100601	1b2ca0b5d83a23511a51d66866013d8ddcc82f5aad0cc5e238bd5c74d6b047cb
xj_miro	2026100601	33b15280b7025fc0c16ddd55c59cea03bd8179828ab67efa0aaa3f1fdb24ad0d
xj_miro_2	2026100601	c3f7d6b5ea206f3c0f228a158d99455cb538cc90107c713c2543e5072fb99dba
xj_miro_3	2026100601	f951afa7abcac97d913b16b5e4bdbe991365ea22f12f2d33d38cb54b74dc962a
xj_miro_4	2026100601	0d446f93e8ee5087e93f3f2142bc7509f40a8fab2a95d353a5fb7d6a14c003cb
xj_mist	2026100601	46c150c2aebc04c0a521830127988eadc8cff757dc8d23b1be514dcc92d46054
xj_mist_2	2026100601	e050f63f91e4a250923d7fe18a0c6d803431da5000e75cda71e1c02c14c825bb
xj_miz-bd00	2026100601	6e80eb737ec0173c0e9d07c617b834ce5ea4f099558aeb76cbf0c7a4da72e45c
xj_mld-al00	2026100601	f06cd270089f6cd3b26c8933f06f4dfdc0c1a614f141bda77970597d287a588b
xj_mnt-bd00	2026100601	a5cf040cd069585e9017578f8a9c3152be0fae7b8f7a1e12b0da1cae6361dba3
xj_moana	2026100601	3219281e7fbc43b24c2ee517dfb38bc01493aed712765f5b4570a8fb2371aee8
xj_moba	2026100601	c8ebc284cd7ff5c034999af2220f457518101ddbd23ad0d3dabd660aa816e662
xj_mobius	2026100601	5029cd7c0bb4025a020ff32714abae70e81696f1822350f038b9b521413a21e3
xj_mocha	2026100601	450249f4dafc33ba2bd6568fb6985da9a7ef5248da7af6d57737cbf6401bc196
xj_mogolia	2026100601	2da3d87c8ea66beaf4422d4c0508b0d56f7f4ffbc7157161bc37061153d3689d
xj_mojito	2026100601	942fd093b587b58aaaa435f7f9fdd592b8e0579c0f0e3f183dbb4f7caac329f2
xj_mojito_2	2026100601	fc96f0434d2f06a24c6f5dd46f8213477ae7a01d6de30edae7def2974a7b6377
xj_molly	2026100601	79ba71b0178ee2af4ecd765596184d0ceda06c29aca84eafd0e1d27d45c1afd0
xj_mon-w19	2026100601	9ff75f6fa2926e7410a58d2975371ee9274517ee418c2bb5093b30caf98e30d8
xj_mona	2026100601	5519ab81ecf8588f60a4d45058be22bdb3dcb7e0b04545819231b7d9c0f04344
xj_mona_2	2026100601	7206cd837674cab962aff237014e14d257f820b58de46f84f4b1d326887b7c0c
xj_mona_3	2026100601	cd3a80103bdbd49bd4639d42d0163769e97e2c8e119839ad843b68409268f19a
xj_mondrian	2026100601	acfc85d44d9d1d09d10e2e52d13289c1e2cc41bf1de4b9d87a8710bd1aaaa08f
xj_mondrian3g	2026100601	36e5107dccbc9ee82c8bbe59485dcc899ea38cd96daf862d6d454cf2add2d7cb
xj_mondrian_2	2026100601	e6694ebdd00ffe653e3b73ca994b96bbc1894e636d712068e5d9f99421792958
xj_mondrianwifi	2026100601	e8d5f5e027c7dcae1c5a249efa89e7473022c5f381df2d0e348531216c78f5e3
xj_monet	2026100601	d2dcc3202744c03ce81a3042876af8364381acb6d474c8358edb265507e62718
xj_monet_2	2026100601	3bd44a568f5832c004f41c52db62dd64ceae79857e58b14b7bf7388ac4a02238
xj_monet_3	2026100601	ac6164cab53ac949c680bbe3aa34bd177003390f7b7f64d4f602c512722cef25
xj_monica	2026100601	f346e80edbd6fba734e174d99586af8ec4de93a7e0d813f8ab561cfe209476f3
xj_monroe	2026100601	c79371e555f82d7546370d53fbb38b445c97aead2971701b840b36ef0c7ecf8d
xj_montblanc3gctc	2026100601	7fd02a1876fec8425c5917345b019ba2f5202bb38b4909a2192dc5df95e439d0
xj_moon	2026100601	bbf37662bfa1332b0d2b8b762f1fdc978da65ce641fab8e6f871fd4b64c17293
xj_moon_2	2026100601	344ac70fc110c65d55da20b94f06a45944bfc290cf3ba18c9c6b46d2e756d070
xj_moonstone	2026100601	540ef632aa735ab8dca602580ea8549bdd56079b9de622818f08cbed7a92dd09
xj_morandi	2026100601	d52ade04ec98f7425276d138407940a0d1d4c47c76a5608bc35372060ff4158a
xj_moscow	2026100601	48c6beac1200568e7f8c2a48ff157a5959b45b7f235765d0891ad6ac5f445e89
xj_moscow-a	2026100601	4602ef91f8e25166b71fe6ac8f99ec89036cd2b1726b294962c4a5f6a1ed3857
xj_moscow-a_2	2026100601	bab3aaf5e581277fe918199808e501add374abd85171b976f1f697a95385272a
xj_moscow-b	2026100601	da143131bc02e7e678201fccbbb5d83c4e8cfce09feac020c9204b0e7d56291b
xj_moscow_2	2026100601	f62770389f4e68d318cb17b04fd13f0c80e10b3df2dc6557b7fc78d9d786d713
xj_moss	2026100601	27ef2215962115327918c03e30dd06e2ed67f6ec30596ef9fbb25c70cc7015ae
xj_moss_2	2026100601	5688a0e0f9f405d321d159633a7ae2c9686a467c34934cc0f33301bfb1280b05
xj_mozart	2026100601	a42a343bc82ca0e9dbbc767cc970c0d079e3388836a3a52c859c480c504b2e0d
xj_mozi	2026100601	c4546b824b69d504837f360415ccb71a34ac37e42c5f27018bcb5a4715b1a1a9
xj_mproject3g	2026100601	15ba7ce026faf117f322e660bf52335236c6e7461f481e751a9e0fcc5277c81c
xj_mrk-bd00	2026100601	dabd861f6b693f56f2116fc43f321c14dcfd647e9563b34125277ed3e66b03a2
xj_mtn-an00	2026100601	5ef145b6c6341725e30512ef2d7dfef0e833808923b60d0b8f29260b4af5d28c
xj_mtn-an00_2	2026100601	9ff3424ea938837b3e37ecf66a871ea844ffc452890a5f97895be10b4781ddfe
xj_mtn-nx1	2026100601	61072749a9f5c8d42e133422a8bf6dfe7725ccc5d0619f2754d2394e6478b718
xj_mtn-nx1_2	2026100601	9e81fdf72aab6f68557658917f49d5d16d5dcf0f8d6a11947a1e1a89d68b232e
xj_mts-t0	2026100601	a17361bbde4b2d62c8e33acf8b728cb0484af2305c1be2169e3b8b732abac1aa
xj_mulan	2026100601	caafea5825589b3cbb13a551609eb76d9fa76745388d54f095f4f9eee58b902b
xj_mulan-a	2026100601	a84f34827761db556541d09c6de71cb536e67aca4c53719f27814084db339bca
xj_mulan_2	2026100601	dec276689567b54767f691199c5b611e2c055639ca258ea1274c8989fc70a15d
xj_mumba	2026100601	ba7c07e2896c478dacfda52fbb25c7f4e823bfebd6b4431b2f4cc4705a001ad1
xj_mumbai	2026100601	8a1844afd2368a6b0f133aa2f37c72291332a96edcfbcde937140242fa31bd21
xj_mumbai-c2	2026100601	ec6c5e24710763e450ab4c58a254c6fba9a0e967e8a3eb0cf1842896d66090d4
xj_mumbai-c2_2	2026100601	b4396f6b5ec5f5bbdab71ca6ebb1acd0eb115b677501d7c609328ddf335eb5a1
xj_mumbai-c5	2026100601	72760d34af66b902f27c83aaba203ba3c8d224c6ca0695495eb6d7cbb345efc6
xj_mumbai-d	2026100601	b525ca388162d5e9eecdb97d622e11f2913bfca47b1cb6e2dee340e142a43f3c
xj_mumbai-h	2026100601	80b181439961e9d49e90ba77f7800ee38f6c0bd80d667f19e499f72753961ba8
xj_mumbai-o	2026100601	c5778dc35ff2625e6c52337c102bca14379c7e3c3621da7bfbb53d78111ef6e6
xj_mumbai_2	2026100601	495e8906e783b1588a0f79fe8b0a2a04b7cff9aac86be172580476b83edf9118
xj_mumbai_3	2026100601	8171c89b5ccc686655d8d01fa1841efe81126e6352696a6d6ecceb72fd6dcdc6
xj_mumbai_4	2026100601	9c860707c0353fd6fd025a3d096966f482e54c2b0488b48bef684f5cfc014d96
xj_munch	2026100601	84df53f6021166ded1ca3ea95acca67041f7a319df23fbd243299690b5c324a9
xj_munch_2	2026100601	3f1286897f95177fe162d5fa6ae2b81c407357e804f221a965a30d44cc69ab76
xj_mustang	2026100601	71c1b5ba2a870adcfd03970a2189b82faf0eea2ac5fd05e5d7642c3ad046b33e
xj_muyu	2026100601	438eb972261066f9cfea9971229abb3782c042e205a725f55c936f1711e4c172
xj_myron	2026100601	1a83fe1e436adc1e251d91201d640865d10b7a898c0dad009f6486af6145d423
xj_myron_2	2026100601	d2c1b1d0a2c0609a5becf797765fe600f17034e7a287951f5a12b776a2329d47
xj_myron_3	2026100601	71805a121c4fe592266e5cbd2b4351b5dd622421a4839c3d42922199964b42b1
xj_naa-lx2	2026100601	4e9875f7be41393c3d8e3ba459f28f38bab4f6ea3e5f139941b769d6648893ef
xj_nabu	2026100601	9b0d37ecdfd091dc154bf487cfb61c123c240c8a29c11f0f620b677646d560df
xj_nadal	2026100601	3e06dc10cc91e3a55013095d5011a3c8dd837e4f1caaebeb1d8da4faff2b8112
xj_nadal2	2026100601	5665f308f4924ec915e6a01ae7b31c5ecdd0744fd1ac415d7ed31e4829dc069f
xj_nadal_2	2026100601	7abce3fc6ef40b3ccf8cf37f8c60921231ceea6a5c2d5780a288e3173b46cacd
xj_nairobi	2026100601	49cd00ac3ae24f4e59291242aaf35b998d3c2375bb30470661ee141648214b92
xj_nairobi-a	2026100601	7fdf1dce10ca06c717d2f545212014e1193134d1a0bf94fd697a0e8fef592e78
xj_nairobi-a_2	2026100601	f1c0719b4972e64408d27a8b228c7c588a0f2bd635b1e0a7afcefb2d9c8592ca
xj_nairobi-p	2026100601	d3e0f3d2b8f771878a572e94c86ccecf1413fb4f57647fdaa3b6945f7c7dd3c4
xj_nala	2026100601	9730f122dd2830e1a4c06c432d49ae588dd9662914457733f7a71e0a924ab89b
xj_nala_2	2026100601	f8121a83beca8a1ea7214403d1a87b00734777cbf8784d6d30dc8242357a1098
xj_nala_3	2026100601	1a6a62dc25f56f4470794df54b358469e1fd8a53d5fd732f871206afdf4456a7
xj_nash	2026100601	fec7011617cf8008969ac87c7f436f5856fe0e705a463f62b90a81ca0260fbfe
xj_nat-tn70	2026100601	d7fe54237915b24b9dcbe60cc5987274e1982d3939432b4881e2a3ae2eb8fcc4
xj_natasha	2026100601	41cc451a94da92a871f7fedec3c217c447105a7e257a865ecbeb9444bd3ec032
xj_natrium	2026100601	5b9a499d5af35c80ab3b101531f6f4b7295ed52431576eff9a11a9258dd47842
xj_negroni	2026100601	4699915db97d811bbee47b41f111f5aebd54e519f38aa4a3330805e2d1323b43
xj_nemo	2026100601	b98ef6fa3e1cf0371020aa5c4031bf56e4b356810cb9dd1348827ce98c5a110a
xj_nemo_2	2026100601	845908d1a0379293dec0d6720e4ab391b9971341b444f772f43b23fbdb5e5483
xj_nemo_3	2026100601	542af55cf7fdb2f8cdc202569a13922f9bf543dcf0b8e14eec97974f04d39450
xj_nemo_4	2026100601	69b8d09a488cd8fe4ff1729e7d4233673a7bd5a6d06697f27d1f8764d2c5db75
xj_neo	2026100601	a6142694aeaf9674cdf86b5d36e944b8fbd2a7ff422fe6c4f6fe9c3ce8ded615
xj_neptune	2026100601	8cffb70908218dd2e3a2df12fee140c09e2f6656660bebfbac6d7d40a07aaf3d
xj_neutron	2026100601	6a811b4b6264a92c8dc782c49a4c296ec97d415f4ef6b55a4a801bda4802242c
xj_neutron-p	2026100601	a11560a404325c3e65608f5429407776b125481e62c3bab97abdcd078031dac0
xj_newtonh	2026100601	1206ffeb503ae1a8d3c340474ce03e3cb45d78e860e2694e7f8981327da9f5f8
xj_newtonh_2	2026100601	300d103e4bb278b3437f2bd97548c649885661b30e7f64928d5d5996d7464e8c
xj_next	2026100601	1f7264e42d58f79ee0ef60401e8cd1bb6d4d23763d08cb43cb6fb9e0bbb97349
xj_nezha	2026100601	41ef1071d04013dd3bc7f70253e1a223d5cc75b046a5fa566ae45fb966c22693
xj_nezha_2	2026100601	83166440478ab106c9c2467158145d224e31bf3dae32da7ea572d3d0de1e3519
xj_nezha_3	2026100601	41a2b61f68cccd4c0a59ab69d408dd3cb0899040819e6ec4603b50be6f20e8eb
xj_nice	2026100601	7ffbf0a96750ca710b239f7b26cc9bc37bebe344227662357e80e27404ea4731
xj_nick	2026100601	bebc5f3c893b70cbf89aee087f848da83a5f26d33e07ef594d328d80893b8ac0
xj_nick_2	2026100601	eab600df5bbc76e648c4687bf2d789772b4496562ab4035978b9c0812ebd833f
xj_nico-b	2026100601	83053ee9658b7435c7ee212c8225c31adeaee1c068b1e7683eeef3fc813410c6
xj_nicole	2026100601	0a01ccbf9414a2c405c9807ccd441e6ca2855ee3c4ee684a546f2031529ae51b
xj_nikel	2026100601	5ae4cb6fcb33b5d8b30aa91253698301b1dc1b8cec3978106ffb9c4262bafc60
xj_nikel_2	2026100601	66d1dea2614f520d6da715e3286e8c84ff8e783aafd25386a59f579a248d88c4
xj_nio	2026100601	477a77dfe9c240dfbbe26db36d2abcc920336e54a7c9511243670bb6b106e999
xj_nitrogen	2026100601	e4f0a40f01fe03019b93e2d7040eb29e813cd0276289693b604c5ce850a08b12
xj_nki-b19b	2026100601	d06b6ad3077c438d0729bfca08dff3e6794ee0468e8aa27f2fe32a5202018643
xj_noah	2026100601	02f84770703a82d399471094b2852dfaba6d969c854c63b3fa3a658beb347bec
xj_noahp	2026100601	b592b1f1a196fbc14332cc867a6e5697cc2f9533b2f6bbf4fc587958aa5f2972
xj_noahp_2	2026100601	5f6f2d1c9738e806cda76878c04a98418fcc427e21f0864f1c1fa2c649aa8933
xj_nobleltechn	2026100601	b0018cf63ec4e12df9aaa0dcd486314d468b42889d8fc2b266ce8a2a6404bb6f
xj_nobleltecmcc	2026100601	5d701aa4f9171eb4f2d24a02bdea3f3b68b251a0b979f13a5694d616dda0c39e
xj_nor-b19	2026100601	83e60a25631d0e260275c8630a4784fb372347bc9ae80fa3241b0ac95abfaddd
xj_nor-b39b	2026100601	a8ab0fc12a69eb8df12fe34fd63eb871bcac6be09e98fd2a57ecd245463d66d8
xj_nottingham	2026100601	6f89d1205d9c014f7312039aae3e7bdd94720c4ac959a5e54d6205273168a0ff
xj_nottinghamn	2026100601	329040eccda9152f259ec83b5f665a37f11a98a752cdce724b9e482155ceef93
xj_np01j	2026100601	91d535cbe458f4adb2edd1747fd0eb59880cc4ae74dc6bfd76fa9cd272524a67
xj_np02j	2026100601	71cdfcfe3a960e4876be06773d4b101e21e3fe80e051aeedcf083a8be4351a36
xj_np02j_2	2026100601	27422ef720b62a5436c92eb5860dec8ed7c0f7691f312582d778c775d3144f0e
xj_np03j	2026100601	181cfff6e2f9e7500e2bfa420b06ecb8384abee8953caa70413974f053ad6fd5
xj_np05j	2026100601	196c85b4a7b594e27c18f81362513f0891b462807e6c0094a5423daf11bdbb81
xj_np06j	2026100601	fafbd4cda01ae62e6068bc279dee4a2854fe9a27cab6491735d21c412abbecc8
xj_nt01	2026100601	e341fb3d3202e86b11b7a3de3d080bd1d1c4954bf5ff13721e371a65517eb6c2
xj_nubia_8150n	2026100601	26eb4a9b007c7ad62125145cc855dda82e3b619933372c0b4cb74a4d2e3f0daa
xj_nubia_8550	2026100601	b6eac8803e931ece57541e39e1caaa7fd88159eea4bf3b4c49b0949e737cad15
xj_nut	2026100601	62c1522c68d7365935a6115205f987f5f1b44d3cf5b365733a2423439cf9499c
xj_nuwa	2026100601	d6db8be13111e35863ecd1a095deee22f6e8e86102d0590fb5837fbe3fdb0077
xj_nvwa-v	2026100601	3709f6b385339dcf432a133a3bd7322b4b82534d5e9d53dd8a6c7aa1d630a46f
xj_nwb-g	2026100601	f04ce177e09e9f9d9f5511102f70ad2339a9cb0c913d354682ef4c1afbefcda4
xj_nwc2-g	2026100601	72a02c32f7ea4db74ce8b00aadaccde8b551ba841f57b84c2c19a3dc3674dafc
xj_nx301j	2026100601	64c2065322642b019503d353cc33b61e0af87435ec102ac397be6c044c66543a
xj_nx302j	2026100601	313acf868a9a9d1ff5d7da2eb887ea2b995de46f0f4e7ebc1036d2fbb1067bcf
xj_nx403a	2026100601	14e45481600b62dece6a1fc8131099d1f9d5e73ba53e5576a5721beabbb9ad28
xj_nx501	2026100601	eb6c7a04e20afbca7a7294fe7bccfab47443e36befa1e9fc641a465de6830b47
xj_nx505j	2026100601	a941134874ba6673e9e4b52aa68cebd3395729d0f9741e6c63bc8d460d1f0a1b
xj_nx506j	2026100601	3675c12b3cd448fb923b5d4c5c57f77153f98969f70989ef29f1c40b444d9d63
xj_nx507j	2026100601	ac605a9a4f32bf95179f20d78bc99103e7e1f225e756768282083fc70c3f4489
xj_nx508j	2026100601	3cb3cb47985c7464b3f1989416b3f06ab3ddcfd11b51a25e9429fcaf83167fff
xj_nx510j	2026100601	a685d41570d22af1ad47f86f9d1f8504fb4055d86e981f8bc5cae43c615c35fb
xj_nx511j	2026100601	93715afa44594daf126f3012422a9fdccc182f9fa04348407b6a4104fab6eff4
xj_nx513j	2026100601	ced5866cf50287310bc57fbdaf0a810019f2bd6ac0f9d7627ca66a06dbda681f
xj_nx523j	2026100601	d2619484be1cc0453b8c96dd5f04586ac0828a13586976a41f046d6d989a8ad7
xj_nx529j	2026100601	eaf739ffe8377048affcef819e40e8d84f3a39ce5a48853bbdf6fb918383edd2
xj_nx531j	2026100601	a002a31eb9812826710985e5eb1219cbbf2fd88c099def19114f5cbf41c65181
xj_nx541j	2026100601	71712d41a78b14f1f4697c3abf0641b3212f2f3efb27933eec2ebc1bd4a43db2
xj_nx549j	2026100601	a7e34b67bfd1dd078b6243ec7760618e7e41364396019beed1ebf452f171c06c
xj_nx551j	2026100601	34b3904da257a724be7dcc3e396f48581a9814ac54b248af551c096c1f27e9be
xj_nx563j	2026100601	f7a01d7dc92ad2c0a1e5b9955bb8e8fc3fbb5d9badfd89d2be3f678f3b007cd5
xj_nx569j	2026100601	2bed6c5e88653ac65cb36663d4a8abe1c7ea7ab11ff844bd4ec556501116cc66
xj_nx573j	2026100601	abbe3d13a52fbbf6f6b3d274794aafc2d2a4db1bddcd64a98f3eb6a74a55b183
xj_nx575j	2026100601	428a452026ac57e35966fff0c9ffe294fbf194b7a69a13a5da7196b6a9c93d94
xj_nx589j	2026100601	1c47e4c46f568d0f2acd9526a3ddb9a614fc514c759d274b0ce3baea2dc497b7
xj_nx591j	2026100601	a455a3306afcab3b86ee82708d4954739ec3aeb9bde9ccdabefccb5fd26e5161
xj_nx595j	2026100601	c5477a2cdfb4252938f71710d2e0a7ae360c0dabd4aeeff0f32a154f92b091ff
xj_nx601j	2026100601	16fd0698ff848ad77bbf31d64bb84d8820140a1151b4c661313c6fdbbcbcb307
xj_nx606j	2026100601	8fb5a028d045fe4a3248522f305b4b2cca7d43f5574f457eb86fc61ba1b04318
xj_nx609j	2026100601	f8b56f2dda6664597c0d8f9d924ea9b6a6e20f6a3d9c875afbf6d8bebd6d32cb
xj_nx611j	2026100601	c81cd7d98e4708106120fc97daf3596b9572ae0799b0101653b7cea87cdb0bbd
xj_nx612j	2026100601	12abc3bd01b9257a8b824d873ca3ff691dd56147ce45775ba6bd03589bb916b9
xj_nx616j	2026100601	e2cfcf70c02ba4cc7f49ed621aedce1280068ed1c0fb5214be5955133eaa2908
xj_nx619j	2026100601	7e870a4fc55c42fcc4a5eff8fd0dbaaac65fa23590796d63a75308c446a237ba
xj_nx627j	2026100601	d283f6c56e13395709eec4b24a9ff1934ad0fcdd3d72bad9f284f788bf75f52f
xj_nx629j	2026100601	52dec7cfcbc0572dcd1494d2cfcf788cf811a0c0ab3d6a70073eae19a53b0b9b
xj_nx629j_2	2026100601	89aab38995b46430d1c1822c77b84a7c20b58e2baf1cc2a9d9b8a78e0e9a3372
xj_nx651j	2026100601	3151b9b080443f78f5b62ef1bd0e1019b0d6ac3af809119049e0fa0439189a9f
xj_nx659j	2026100601	e6a1922c08e58422627d3c6290f1631c81ff5f0c562c4ee034789c81af5f7424
xj_nx659j_2	2026100601	c77d2600d8939cb8fd4c450b1fa1b90f1d41258ed95325340e70af78fbbe39c3
xj_nx666j	2026100601	2e7df4540c8b2b4669dced8c8a8216d3d0124d8b6da1f46c3193c19dc650ab6b
xj_nx667j	2026100601	c3456010dfcb1e45878c640db9b01399dc2ddd57de9d7afe0a6fee36c0c2b3b9
xj_nx669j	2026100601	a34122df6c2d3134131b685f9ec2322e47c275fb205820a2c0cec932cd1dc045
xj_nx669j-p	2026100601	62eb0953cae398195ae979faea1a10e6838fe2c0a6014b831611c50ae1d5211e
xj_nx669j-s	2026100601	f42438d7134fd31bed019ac8ea24822dd63a1ceba76e38bd65e40c8ecf68db9a
xj_nx679j	2026100601	2dd357c3e8b8c6ca12a8ecec8427a7012d6d265bc1eefd5d6306ed13524ae4da
xj_nx679s	2026100601	888d428052593afae2317314747b6eb5373bccbeac274aba15f22328bf5abf8e
xj_nx701j	2026100601	6b0fcc832d1db9d9045148446ee71bfbcdf7335a74e3ec7b3514646595368e95
xj_nx702j	2026100601	2cd5a6789eebf292c95003be995afb6bf8ba2c885955af08b4079b7d20220f50
xj_nx709j	2026100601	cc9311f6fff70c5b1f9c813eb8245179b7620aa2302e65cd9f5b072ca4dc8ecb
xj_nx709s	2026100601	a6e7afffad9df9a3351eadd00bce0a70dbe752a71c8ee47bf002712acbd7ce48
xj_nx711j	2026100601	7be759f933f0c9b1de9aa9e137e2f3f33f0de7e90bf21e01527076858b409f1d
xj_nx712j	2026100601	3decf1bbc7497da939ac955b89c93aa2658bc51580b9a4848c74a98fd0b3aba8
xj_nx713j	2026100601	dabe39bd79ac859a0f1558ffaa9cc79d17e4c291054f48da68e839cd4fa27ca3
xj_nx715j	2026100601	5048be5c0d92b877023fe3f72348aa6157ed6bcf8f482efbd1ac77ae0a3dbc48
xj_nx721j	2026100601	e58e259d3f73486618f9930560dc4ef5db61b1f85b31e13a86c9e71dbbee2ded
xj_nx724j	2026100601	ab6e05c76c0d492cd8c5953a6029dbc4827c4aad4d05f8f79d5d9554d0b99e6e
xj_nx725j	2026100601	fd342e5d5be954628ae8d09df53c4235a4c6f712f19c18837c356596fef479e8
xj_nx729j	2026100601	e2fc635064a3ffafae4f56457ce0c53db2a161cd7ca61439c72ff0446c1f56ac
xj_nx729s	2026100601	8c5d745f1e8cd13cbe35d321dc24fc721515753f76ff14c565b8b085b6343fec
xj_nx732j	2026100601	a2873f3bacdd414ac0f841515341d1b4a1142ef2d48431fd322b2c5c0c2b3050
xj_nx733j	2026100601	1ea6203031ba4bac1393762f895dce5ffdbf9706952f603baded89077f96028d
xj_nx737j	2026100601	28fd2ac70d61fc220684701b49a2e4f043b66d396511e132e0a454fb3420362a
xj_nx741j	2026100601	66903a9132319cb0935aa17bbdb200aaab09cc6f38ea3bd9f7bc0770bde187f4
xj_nx769j	2026100601	108c9156d565bafbfd2397e1d5fc8e7f25bf365813361048f2cd89c4152a9404
xj_nx769j_2	2026100601	39d49672900631e24f3d3452c409ea2df12f7099fcd953031cf56491ad676688
xj_nx779j	2026100601	185c91a23b0c1af2577b695580a8a7b6f2eb9a972dc372abd6e75e5b844ab36a
xj_nx789j	2026100601	41d7dbf41f94941c2aca6fa60aac75a9927562a4838ba1ef0b7ff9c9ff7f1e36
xj_nx789j_2	2026100601	500a091ca8b016dc66a568c679aad86e1563b4c1d9a08331094cd3705e77e5a0
xj_nx799j	2026100601	b56015eed07d9717681a721e89fe47ee1da9f2705dc6e0389167d89307dd9226
xj_nx809j	2026100601	ae3672171facf1b30eb87d0cc23488d9a094cbfd237e2128d95f8f577e7257d0
xj_nx809j_2	2026100601	26270dbfb4ed98554fbe18f19ef25d7fc869b33194a63d04a4660ca83dd324c4
xj_nx888j	2026100601	06e19448fc145468cf4740f0c87040558b859f5b923dfd81d0ae445dcf105c3e
xj_nx907j	2026100601	72fdd9415127a0f21329101cedfdef1d8e768797083961b63c298cf5d4a485a5
xj_o1q	2026100601	bdb9f73d6d3a68d4631fbd978933d3a963fab3e5b35e10ac773a2fb47d86d520
xj_o1s	2026100601	4d9b86558b13d08cbfd8740d8d5f3ff59ef58935fbcc81ef99aae34dfff73af9
xj_o5ltechn	2026100601	dbef8b42f72bbadce9064efa2c24103c4bdada3a9bb0d735b6207ae2d880be47
xj_o7ltechn	2026100601	fa8bf050fe97af4ed55634a26098133b08292de757f4ee2c01149a52a1b176d7
xj_oak	2026100601	bde2a95325c4169a5538e0cb526fc81e5b9447a8f1b9ad3680891912d843699d
xj_oak_2	2026100601	2c8665ff5b3bc5cdb35bd5f724d308bff44c01933c830c10711270473480cfe0
xj_obsidian	2026100601	0ad3fb4dded21c7b9072c09ae9de1c7dfa9ada8b0a53d074c3361ab671c25955
xj_ocean	2026100601	e68e8377fecc7e59b671106f12c468c195d1ade90e28006025165a96ae9ab167
xj_ocean_2	2026100601	5ca097e21c5f3e925b4cbb1745c69e075f089c38a42a0bbab0d5c02aae33ef4e
xj_ocean_3	2026100601	1b52a1a3ea770e9470db01cc837591a15f77562ada15154b810f1d1583cec396
xj_ocean_4	2026100601	10b08517ec3b31509877a5416808a6039ac22b0ffb81cbe4e1b95c86d14e5785
xj_ocean_5	2026100601	fa4623ba80257f0d4b2d1bb8a28356123d778c0f336771ef6274eb0d6a748164
xj_odin	2026100601	e9c617abbf3be6a52c769259f6e53d466d667b8ac43e0e6698f2384b702d51aa
xj_odin-a	2026100601	486a9984fd2f29a866b43389ca13c5a555f81fa3c8424bc035485c9248884bdd
xj_odin_2	2026100601	4b4697d32dfd2f227168519ac0cae35dc0f6ad3c9309c68c3ee7eb4d523dd8a8
xj_olive	2026100601	4a3fe628861bc81ddc7032dfae658530027e2519b13d394c022cd30c6c6c2fb3
xj_olivelite	2026100601	49ab62d3d6713dc0099ff89791f0e949273c64a32a6b580fa790c30f0ff161bd
xj_olivewood	2026100601	6365f3b323691bddc6bb3dac737cdf5aa6a7b2cb1ae2f97356a3492ddc695a73
xj_olivine	2026100601	e334d88bef4d701679e3d0d0e57ec3c4b8e67218a5571cd2e85911174a58b06d
xj_omega	2026100601	0bc42004c054209a70ad6825738c505c6a7c3b72b12fbc7893c626871d9919f8
xj_omega-c1	2026100601	1a4c6a836fc504d41e477a76e23460616c9a8132ca7c1e20d95996a852a99488
xj_omega-c2	2026100601	374c081a3485d11a6ee0ec07144ab0294a3bf54ee11d35c36f3c1866382628e4
xj_omega-s1	2026100601	9931c5a7944de42a705e9eb71c45bcdc6273efbfb6070c28b314637984c04230
xj_omega-s2	2026100601	50aa7b4b64689ba4ce5d4d591de6ffef084f0f61f12c9c00685e5f9be2c0bf2f
xj_omega-s3	2026100601	5b02585294531c998e00dc01a98a29426b927343eebce5b76bbb6772d740eae8
xj_on5xfltechn	2026100601	7e5cd53dd360c589c2b431cb5986fd7b2157e6efacead4a7e164af51ba810b59
xj_on5xlltechn	2026100601	45bba92759254087e670499181ca01fef71b97ef02c165658ec7ee4c88df70d2
xj_on5xltechn	2026100601	00d0348724b7bbdbb20f7e66a73b81106cd29bf129e12978184421bbeaa61460
xj_on7xltechn	2026100601	333b4ab04823f72bb330669413cfc13361ff816a117d85bee08106d254c5c6de
xj_onc	2026100601	4900e56dfe4ad1204d1157bc6e47cd3332281a01bd14c0b288d6992da401f240
xj_onclite	2026100601	296501db1385c03672b67e97d389fc69613ac1746940f6e56cee31ec7a2022d0
xj_oneli	2026100601	05dd6c8efdc1e3fb795d6a6721ea30ed76a181b0865807d61bb22010941b02a0
xj_oneplus2	2026100601	0b55b7a060bfaab0edfb215c7e3c4f5f01635527f2648df01e53a91d01129ed8
xj_oneplus3	2026100601	558b6f56e934b3e98789986e289da70a71bf630f0419e19ee8b65665abd0c5e2
xj_oneplus3t	2026100601	64c41296792bbc041728432ec3840b7316ea4ab00de695f4b1f73657aa1ba8b5
xj_onyx	2026100601	262e5e999fc402d8f47f238fb132434337eb9112e172eb338531f063af64fef2
xj_onyx_2	2026100601	795014c35456e7bf6b5ac76cd314c82d2e47f3ecd14fa37c9ba733d4660e0216
xj_onyx_3	2026100601	e4844958958e0c7ad9adcb473e301bd209132ad648f329ac95d4879bb5ba61e0
xj_onyx_4	2026100601	8d8e6dabfc69f909005a80395977725c74f168933afb6016142fccb56d518a35
xj_onyx_5	2026100601	9762ead038cdf439662db834419e44d5f9d90ebd3ab671616289d0ad9d616f4b
xj_opal	2026100601	e9dc3ebeb56d3b784fe67da08bffd9b102d5fd5376a93e4cc454c51533f9db49
xj_opd2102a	2026100601	4d4ceee884f702d45842f3a73e0bf78ed42c8aa34ad244eed3aa9e18b0bc940e
xj_organ	2026100601	4b4a58618f4e79d387f93b3b49034b39e7e79f7c2a8e208956131aa798f1d944
xj_oriole	2026100601	f09c725fd89a8748f39e58eda1c74a26c31be466a8d06d5b470e203f46bd1fdd
xj_oris-a	2026100601	d7635c23b03fd2280204cd000d977190c2b498f464458cf35e0d7c6ab18b3ef8
xj_oris-c	2026100601	efe3a05772edc9ff9dc384793b61db1a3c4b102eeab9e1205a0e98871738e2eb
xj_orl-c0	2026100601	73e947c000f50bb6936de84a05b8ac072fb6e3da51b415db4ad5d7689a12bb90
xj_orl-t0	2026100601	e957888a0abcccc46872d284e95e2d9e1cdd753e64c4f0339a3ccf5232d6d1e3
xj_osborn	2026100601	6b54df9ff61959305e04f56efda87d4065c933917f9fd2cf0f5fd73ad1011263
xj_oscar	2026100601	492920361349f8c49ddc6f0513998ec9578ce17036706272e8f5b24d084d5d66
xj_oscar-y	2026100601	4369449fc602d32334e9166ae4cedc143cb0532e97fdfa56b265825730820c96
xj_oscar_2	2026100601	696291163ac5148653c2d720a539ad6542a392966d116a71a94f4adaafc1685f
xj_oscar_3	2026100601	1c9ad994639ef8fef272cf50b6c7ce1b363b069ca36b60a243338d9a8ec351fa
xj_oscar_4	2026100601	659b3a26e8ab3cc3c14bb6348c0f128ebcae852735c66faf667413828bd61758
xj_oslo	2026100601	8447f5bc2308bbb7b7a971e98618b8ef713b9ab3746d921ea9588f09525356bd
xj_ovaltine	2026100601	4be5b23dde2a3c120b018ba96b05ab397d5161c0708127280dc5663bc530f8d9
xj_oxford	2026100601	f1cad01ce6992dcf6c12f074db37989dc68577740ba5e0a2cb73b28cacacd946
xj_oxfordp	2026100601	e035ca6c9a4472c615d5ccc8d720b8bb2ae23b2f500cf562e8da9c6fa7a81ff7
xj_oxfordpl	2026100601	b47606b12258cad58fbfa1817bed9af9d8a5782e4d06fa48abf8f202fa1f348f
xj_oxfords	2026100601	ff812c142b53561404dbdadba1bab278f0e5fccede80c28a5cebdcdfcdc96899
xj_oxygen	2026100601	780c4b412ff2029996bc0cf42a22e49e7d68e439a8be2e5e678e8d3737ed9fa8
xj_p0110	2026100601	a7b4ce783a803cf16aeef7526d575f516b9436f913029227b09c34e9df5c672b
xj_p11_pro_plus	2026100601	3e94734243f2cfc298b69c12928d9178c929524af8ab952f5970c035ec9dcfb0
xj_p3q	2026100601	8eb7c21baae261935374715560bd960a9fa8a782a10e1aedf23d6724140bddf4
xj_p3s	2026100601	a10739fa6ceea2e2296a60d012f846d203322d6f3fbf44e9ee21b710bba294c4
xj_p6-u06	2026100601	725f7fc62cd5209e20ed9c6dbc366fe02799995081c7bbd30e715e94e6549842
xj_pa1q	2026100601	bd2505053ace9964de3d07ac8c97988dc45a0b7404d2eb6f72d124a538f5957f
xj_pa2q	2026100601	15851114d4a900018ce9dce6329f051625071e0f65481384156afe3a56eb68ca
xj_pa3q	2026100601	e2770557041eb94fa1567312e1d718bbb002c95ba885e96e7a50def0d565b2f3
xj_paam00	2026100601	b29a8be60e58170f754558ba12566927fdd2998bf7f09e4728559461a756f688
xj_pacm00	2026100601	d5fc945db3fb4f3e3ede95e3e2eff621f50d94ce77e9599728332eb0630ebdcc
xj_pacman	2026100601	928fca5a48195ac1397a3603891e6a535182439e180e0b2261aba313141601bf
xj_pacmanpro	2026100601	db9540b0ff163d1f9c0a5afef1fa52de6c42cdf6751bfc5044651df0c56858f9
xj_padm00	2026100601	122065463abdb7675abce2b33767e2f5c451e9adaecc7d0f1447424cf20b0f92
xj_pafm00	2026100601	0c3b93c3c0da9c456d9614994a250ea5027e5ee4fe644f9ca189eb14f40db25f
xj_pagani	2026100601	3bcfd1451db3cc4be8b5cae17ab61237363fb455c4f9803bba98d708422c57da
xj_paladin	2026100601	23bbb5bd50b99e5925cc3e50a8d10afc93e5678a7de868853e86a92d5388f6e0
xj_panda	2026100601	f13c22758c1cae03869bbe3af4c72322136af4b4075dfc8af21e9366c2349579
xj_pandora	2026100601	8fa8a5e3ce19afff0d30cdeb92142da3bd587cfd54a10a3fa24117b8eb60e4ec
xj_pangu	2026100601	6592b4431773313405d2e7147bbcb0c901dd7189b18bd980475525687608facc
xj_panther	2026100601	ba84360bb2dd4de7732e046e2d71ab8cf0673f9f17c7a74f46334094a15e779e
xj_paris	2026100601	bdd1538085d22b1f3afc6266ac27ba393765e6cad05c8eea53f44eca991156e5
xj_paros	2026100601	6a384b43d110efae24ab462e83b923119ebca800ab7169f6440444a6804be51f
xj_patek	2026100601	449f44ee789202f5a0290bb144fb05a709a5a554e44770f62369676c5e248871
xj_patek_2	2026100601	d9d57b10c78f1e022646bf1dfa118294d1c38c7e7aa24a7e2b2a54f65956705e
xj_pateklte	2026100601	9a9917841012792954ca879decb87648e40b21ffa9cec34b620406e79879088a
xj_patriot	2026100601	44d6708d9a1a88d8d92301116429d51b209945f2c4108b82f276d544d03510bd
xj_pbbm00	2026100601	85510f8c8d55d825c8032802cd2541ade960f5e3f510246b46ef620734e96404
xj_pbcm10	2026100601	c7bff7b50e03f0a822c412b241024fb4450450c9ae3966d2f2240d4843e12fd3
xj_pbcm30	2026100601	ebe078eecab3ae071de818065cf38d5e175e264636afe53a41b148bd3ca2cfc3
xj_pbdm00	2026100601	b9b74e2542307cac43d0ab6b47d7eb5dc230cc4c84fd48f8c7b46b029ebe0faa
xj_pbem00	2026100601	16456ae5706ade32583510d8becb6848b384791d80706b279d4b3bbd91c889ea
xj_pbfm00	2026100601	bd62c7deef52132e586b68ab60212eb131d76ea140f651c7eb9582f88a4d95d7
xj_pcam00	2026100601	019c8259a5db0c22e55ece01ad90613f306a2ffbb307b3d0b2f33b2b1e8f7820
xj_pcam10	2026100601	fd731bea79929d38937680cb0448f5508e6597870affa9801a77437bdd0b1522
xj_pccm00	2026100601	32237bc03c3114f3c8063f5edd94b1d0e1348fc515e7645e7fda747e9bb4ad5c
xj_pcdm00	2026100601	51d130aa1003d15f2d4a9d2763bb952853734c2a4358c28ec3064eca6774cf02
xj_pcdm10	2026100601	bef2ef5ab3a315eee71cada50f4d019ff3ac79af816456f0e65596ba95d3a588
xj_pcem00	2026100601	e5cfa7d38a0ba9faa8393529bdbeb5a1f546f9dbfcb294efb09277e899256da2
xj_pcgm00	2026100601	b719014a8a2ecabaa086b1275930a9138658475e9bb422c60320a641f5771e28
xj_pchm00	2026100601	06ed6c8ff2a762723dd20f71b941e799d0e32fc25ad8df0d6a818fe1e950736c
xj_pchm10	2026100601	66f575ac8da5f20bbbb36336b6d8aa864873538e92a3e6686025e31078051b84
xj_pchm30	2026100601	ab4ea91f2e9083e44879b23145b3c8175affe3aa3a3169a3196271d614ea1a65
xj_pckm00	2026100601	e41a20663f623e3b27ac47a5ace8406ed25495f5187c8856c3e78d4d9061de45
xj_pckm80	2026100601	4d0c54ee73d59012c5ce30e3feb83e3a66d49ddab40d638693a00b13070a83a6
xj_pclm10	2026100601	e0d52f22a23e170bfc11f9c7d7835f8d343415f74fdb1a706a3726c4688ab259
xj_pclm50	2026100601	29766588dd8c942d76bc30dcabefc4f4cd34a89b577ecf971c820b7677621fb6
xj_pclm50_2	2026100601	abcdd1c81df3d95f675fdc0b0a4a67e89e3385368dfe9b37e5b8e4186fb228cc
xj_pcnm00	2026100601	85673d1e3e5ce932fbaff578aab96071765cd2a62d2e4f1c02dd200a225a5d23
xj_pcpm00	2026100601	22b80a7f7294002301a17010e334ac5137c96efbbb545c695b360938aa591d85
xj_pcrm00	2026100601	d38ef5857c3100b2bda16c108e71d4e8471ecde0bb814aff7d9d1ce0e9e03f03
xj_pd1730c	2026100601	7d5780a2051173f84745d250df142eed0e37be1d1fdad063c2f9ddadf9c9d78e
xj_pd1730d	2026100601	98582691eb6b5e3effe30384308ae2d6e410b5b84b588130a5a5b1e98ecb80b5
xj_pd1730e	2026100601	4315d7e2d205390143906d90911b7e5854011ae319bd915ffa4dc81271552b00
xj_pd1730e_2	2026100601	0b3ad79fb89832a8fab16b80e347bf4bc4527463756a0b806062ac5a26bbae54
xj_pd1730g	2026100601	a9eb583725f9c9382aeb2952f8f9171500ce4083cba6927be4ab246102b77b53
xj_pd1731c	2026100601	ee1a9751aa002f9140c610274a5fde5888238636aa4e1a6b37df1940d70e3580
xj_pd1731c_2	2026100601	2f379292d6d691ac7fd9df236a0ab814ba203f0595252f45e8ed2e8ff2742c5f
xj_pd1732	2026100601	019bde58339e9fba834c20d162e8c4d6b95f95312e5e5922eceebd52f1e9fd04
xj_pd1732_2	2026100601	b00f56c4e5d1033d59cf6b572b806a3fa18220043828410d2414c272d1886cb2
xj_pd1809	2026100601	da442d8ce07e08c7d6322de444bf2d60b984aba7d9ea2a84eac58e7f686b077d
xj_pd1813	2026100601	a959039dc3ea813c5c55fefd882fd04a0c52d943b6c0b8e303396a4a53ec9458
xj_pd1813_2	2026100601	e7d5edac1e18b79b4990344cd91831510c1bfb8996ecb80f61b148391e6b741e
xj_pd1813_3	2026100601	769228a246791f5a6c91482e5a88085c313b2b7e0fab6e11765ae44639ad943e
xj_pd1813b	2026100601	7336f2d97cac56c02a5a4060e21fa85de1a5ed294e8f73bb4122345e234b5469
xj_pd1814	2026100601	aa931a0b807c6f3c1f9936620324d59f2113c067c33931275100f8de9e39f3c2
xj_pd1816	2026100601	b84299b33302bcf2bb3d24fa2f194a9f2f07af9da13ed4242df8223967eb1e7d
xj_pd1818	2026100601	16df9cc52642a8e34daaf739e67da61313d5dfac4fee96f10a7e3c863a3743e4
xj_pd1818_2	2026100601	88d98192d9a3d3902678671afadb51615298eb250ecd004b0ff024c8e812130e
xj_pd1818b	2026100601	64be7afc8176fb807ec970a3065ec02b34d4b271ccd2b7f5ef93f474f6f348f5
xj_pd1818c	2026100601	ca8e96587b18429b07a3286f9c4d49154261af10f9275dc30592521d2c16a25a
xj_pd1818c_2	2026100601	13e77a629d7ba3084733d5638d97d6c1630c525da5751ebf3ff9de653c8d4ba7
xj_pd1821	2026100601	b0a85475005fb43de6ba8b9e60a51fc43f12c0284b2b5caaeb1a5462abc92062
xj_pd1824	2026100601	8dc6e50340001582dd329405ea674d585efa54d0fdd2ce93767f22cd0042a272
xj_pd1829	2026100601	802d4ddbba315b65ba7a6ac1500ec8943e4c665a953c4100b31690ad7f24b582
xj_pd1831	2026100601	dc8b4f280c773a25a691c68d4bf42b9766420d3bb245c4133527f820869b69c6
xj_pd1831f	2026100601	3fcf1e341db035ead6c50097271ca53896fb2ddaba89dc636fde9b1f77f039e4
xj_pd1832	2026100601	f7cc4a26828c46df94b9186307e55f6fb83aee1d41916259ccfa9a91da1fc8a0
xj_pd1836	2026100601	1292bc343a35dec3f4619e3c8eee28b285e05ebdfef6dd9da2e439965952edc0
xj_pd1838	2026100601	01f1d458cb9ad68c8661f5737f20a41853ad93f59eb07c2feac8c8afd3aa572d
xj_pd1901	2026100601	8b6856b58a91b8159bf22a31eed461bd153f7d5d4efaa350764e9c702bb8ac40
xj_pd1901_2	2026100601	14c9a251b0ad2a45dc1172d441367b1272256327e5617e1944125a6691b7aa43
xj_pd1901f	2026100601	687d26cfa06dbb4e63c5ea07da7b3e55e2db8080b924c82c8b75c77484891fe4
xj_pd1901f_2	2026100601	34a75ec3f390a77d867848db87a9c8bfa01c9ec2c69ef8bcfccb9ebbe66b2e13
xj_pd1901f_3	2026100601	c945c86189d25ba6570b86d741f00890373af8fbeb430d207e8d0d4d8188c257
xj_pd1911	2026100601	3a81c1be566bb154bd2153a31b262bff9c4f8f2fa4540943aee7835a0d467729
xj_pd1913	2026100601	2f1c1dae44fe37d2ea4906c377290e1e7836a0f4f7f1cd96ba515de143bc77e2
xj_pd1913f	2026100601	b1df592f2802ed6e96c33734fe27eb8f5199097883a31b490d78b6c848195738
xj_pd1913f_2	2026100601	32535ba68b8e6c002eb1075937e51218943b9dd397507f45c52f82c5dfdcf3e2
xj_pd1914	2026100601	c441afaf7757ae093950281f5f803ec34238d49b745f9df2d46bac44ebdc1a23
xj_pd1916	2026100601	d161a62fe5702d56b66a0b455239732d20a4b331951c061dc396bf8d6becf8ab
xj_pd1921	2026100601	5e76761dc618ffca30b5bd5b7e3724e184a2f2287a905e352fe32435b4a1cf2c
xj_pd1922	2026100601	d87963bb8b6281df54c83e7fdef6f089d0149da9b761d859c5983d3eb1978974
xj_pd1923	2026100601	10f50c622eb3c65961a0bc790a0af0342da4a3909f5e701e40d0561f810836e3
xj_pd1924	2026100601	44058e7534996307297a560118f575d3b9972e902489c232151d6061c2b473ec
xj_pd1928	2026100601	2f69f36a14fbaf3bb62ba98fd8f120d9e57b6a14f8d579c7e12bbb24c8a371f2
xj_pd1930	2026100601	2ab35b03bf38163a8b191e8ab361e13c8a34f74c3857e8103c28b07efed2ff2b
xj_pd1932	2026100601	3ec73d3f7056f488dd5b2597aa0c0a395d903bb6d480e85291035b7f2c8be2b2
xj_pd1934	2026100601	9aef0e2aa1a076dd4b7e593b6e216a22c75ef7305e160f95b7a43d4296ff147c
xj_pd1936	2026100601	0e900a7a78e5e491e3091ae5bc9bbcfef6c4992e6e430f1e816780ec2855db27
xj_pd1936_2	2026100601	3c4cfe57283a2da1566da8879cddebf25aba16bbbc5a3fb7234e976e17577101
xj_pd1938	2026100601	85ed19e196c812ac65dd2c7e29e853935c5e615d70fa6ae71200f2a368261fcb
xj_pd1938c	2026100601	58ccb46154e1a625b18acd63dc9d0681ed7ef55a3c3ad99829f8fe35a297188a
xj_pd1941	2026100601	aae37e8aafe3e7450d7de3722df0e70d885893fb590b0f3f2aba2688a664a20b
xj_pd1941_2	2026100601	317f4f73d24982f802983ed79ce44759e8c0a70f22e2eb663cba5a5a2f87f3ac
xj_pd1945	2026100601	bd86201d13372053a91afa71286afbbf7c7277e0396f1f65bfa9f89b00af4a2c
xj_pd1948f	2026100601	b577dde163c59528f395c56a23d61515a95dae276205e3c44b6b69704b6268ed
xj_pd1950	2026100601	9fd4042d869d99b14bdade4459ff4910c8f0b8b5d7c6d8ab5f547c57fb5b1d57
xj_pd1955	2026100601	601199f83bcf0233681c2c056f221614653b9dad205e61e7c1fe8ac70dd857a9
xj_pd1955f	2026100601	1fc999416eb67e29cbbc32ed32501faf87b9a1346c96e1b4cf2b065796bfdd51
xj_pd1962	2026100601	2eba99e6dd4c742e0400d8c5f7c5cc53a298ce61671932e5eb3d829b923f7962
xj_pd1962b	2026100601	88016043c0d15cf7b56ac6f5e7b737d8b06629e56136a891983ca60ec60a1dca
xj_pd1963	2026100601	518425472bafb98ed96a7b3f8a434389025c24c056d7ec25f703fa5077a3f06a
xj_pd1964f	2026100601	56e4aadd9bfc4e236f6135d67e49e08f11c0aefa188ddbc616f82cdd2c9fa841
xj_pd1965	2026100601	c6024dd40bb847d25711f1958544c0ddfa537edf03dd2709cb55a8105bc8d9a6
xj_pd1968f	2026100601	2283792037af130c71965bd7748446bd55e7c80286b7221ce1fc81ad51d0165b
xj_pd1981	2026100601	10f33501d6a473f87be9f9a5ba563c2f23ef0ab6ad256a04b94e58a74008b2bf
xj_pd1982f	2026100601	c63d7a4e69bf4a86edce09785dba3ee67c0748057cde6f686def642e33fd4659
xj_pd1982f_2	2026100601	b3a7b63e9bbff7c4c596f458d17f98d9e1f9ccf54dfc95558229d798ed844073
xj_pd1986	2026100601	0f6443b94eb04a88ed75c3b0814c5f3d77ca221c523a059658148fcfa997ba12
xj_pd1990	2026100601	e9f9a0583d9cb06d6122c3afafc2635745e13e1c86dd12d57e0cb8e1356c18bd
xj_pd2001	2026100601	4f60bab5c41b7fd1c0886424df29b2dc7cd5cdf78cff9a909e856ba64e3dc575
xj_pd2002	2026100601	4ee574f664eebbf2e5bb86b9ca38c21a3577bfc1ef80bc2438e9c1e83ea6c33a
xj_pd2005	2026100601	9973a1ba9d80cf0513e6ef6684b3dc58668aeb9ceba5033ab4bf88aa9971b48b
xj_pd2005f	2026100601	1bf853e3fff96dfac5c3b8a4c1c778c7fb0901acedcb94556460a8a37023ad33
xj_pd2009	2026100601	2b58fec9b2b011716754c12309a25dd36af86a071226ff66eb49c9d0ea53ed6c
xj_pd2011	2026100601	279d7f27811dd40558bf1c1e328c165c6015dd79d13fac75a40960c4a2d4635e
xj_pd2012	2026100601	bc4c7a40d69825a8a18572d9c040fa6614b39ee51310e5e51dee2bb9e52089a0
xj_pd2019	2026100601	337fd2d975e7399c84f274ae41234e538cb6de86bbab772848af16ff29330924
xj_pd2019_2	2026100601	d3f8281f79b53c8873bf66a273a6d16ab6196623a2175ed604d0f35ad66a262f
xj_pd2020f	2026100601	a7fe5145a582595c0f03b953782eebfb48145a9817c54fb93bed939ae7507a6c
xj_pd2023	2026100601	ae26f794bd1b487f1c9cc01f97a6e31f629697bc332d15a465e7566f91e780c1
xj_pd2023_2	2026100601	592aebf6409cb29d57bb3a751d65b4db606a7547d16fa66fba17ef257f76d88c
xj_pd2024	2026100601	170650b1b2aaea1fa5709f54d102a847440515ecb97d1906988decd6756442c9
xj_pd2025	2026100601	d774cbbceb73c62723941056fca194904d696d027903aa38a3de45235518a3c8
xj_pd2031	2026100601	ad8a8241a042919688c5c4cb57cd0b48a7dd4401e9d27f4f6c8d579904c4416b
xj_pd2031_2	2026100601	1beb95efbabd3316f77af730e50435d378620ebacdc913683463071898465456
xj_pd2031ea	2026100601	1f34da57fdf0951027212bd775a70517b1ce206a62079f04afd8878d5f0e688f
xj_pd2034	2026100601	6968729e532c402d65563c36d559c3130d386c2a6ab81fc053a8a66bc618e8bc
xj_pd2034f	2026100601	e32ac8a153d70a11e51f675298ac93d2bc4d714096ee550973384205759e58b9
xj_pd2034f_2	2026100601	e622b05e8c9324fa76490858fb5ec9645bfb8b03dd94db18a77afde900ea78be
xj_pd2034f_3	2026100601	6f101ae67d9873c9abe350e44e1792fdec5bae4522756efd57beea1cb880dc4d
xj_pd2036	2026100601	eb8d379f55b8326344fb9e9317cf0d2d096ce2ab40d428f1e565b82b39bfc5dc
xj_pd2036f	2026100601	422b02de4a2c29e0cb39e3430bab46dc86ed3f1c305ec398f497cda572cf01db
xj_pd2036f_2	2026100601	858012dc29816983f587634d46f6f2764b9176498ffcef1733118c6170686140
xj_pd2036f_3	2026100601	33845696c6bebc4c9c71834fc51692ea5f88674de9e2d7afd322a08ef4d9329a
xj_pd2039f	2026100601	b22292fdeec0049810bb215e36c8ee2ab3cb4cf86645c119cfc7c098e4df0b61
xj_pd2042f	2026100601	193ec2778a9d52eb1762b033119170c7a8afb086d2d0900dcc85048d4a0b178e
xj_pd2045	2026100601	011531bd6d0ff1fd3cfa4b451a80689026e223cab68c5febd4104db9dbb5d6fe
xj_pd2046	2026100601	d15e2ce15d5fb00250508e442ef31e8d4653082a4d26b94feb8d99156295abf9
xj_pd2046f	2026100601	5ea4431426d416ccbdfa1227c2fc8df7a2c904ff7f772ce8cec99d20686f7b6a
xj_pd2047	2026100601	965bc0fe0719b15f017db43aea31cf3db2930a1b1cc8ce06c37c742b408da787
xj_pd2048	2026100601	b8ea5b726346d9fd39173a922e397514807d3b143558819a6376eeca2d100853
xj_pd2049	2026100601	95971b72e548b59207d34b787ddee7425842cc1999fde81055c05aa5f57da579
xj_pd2049f	2026100601	42fa5857969655860c0dc9f91b415c252a9ed48f368ca3873fb956047518371d
xj_pd2054	2026100601	934771c79bb1f8f5f0e779f917ab499e61b6e03b7876cfa46c46ff1a5567d887
xj_pd2055	2026100601	f375a2705c35c4f42803955c1c3cdec87fe3284d430a14c8e4db225d08beac35
xj_pd2055f	2026100601	3ac14bde480812152ab5dea0cbc7e5654b62de87442f0a7a0b03a4f6b06e80eb
xj_pd2056	2026100601	ddea5a5a508f9d2f8b9702f4d8892dc300ebdde6fb15803b1172db67e94bfe8c
xj_pd2056_2	2026100601	eca52107ddef8470ca1b6eb65dc30a85d82b933971080864782f9c2bdfcec7bc
xj_pd2056f	2026100601	674b3bbc3648695e9bfc41881365d73e812f605135d5764b4a1ae13bb853fbfe
xj_pd2057	2026100601	c6cc476147e3309f1007d4d2ec2ab261b1f623e91f0da53a2fdcedc4a637b07c
xj_pd2059	2026100601	291bdaf7942d14e7d1f9e9cc697c0061ceaa4bdb1de5b891cb093929b413c893
xj_pd2059f	2026100601	407139f5b749d97c243af84ceb2c67153e232758c950bdd0e23f5dfce2618242
xj_pd2060f	2026100601	7a0295d397f8283bd487df0a1b8a9bf812d601772aab86f86a97e03777f6b4ae
xj_pd2061	2026100601	8d712580ed81bb6b516f4e07516348488400ea6ef51579fcb41c67bd1ce360bb
xj_pd2065	2026100601	fc01c5eee9500c9dd1e8ca3c20dddd5d17ec03a07794ebd2ab3db3d32f4f8319
xj_pd2066	2026100601	07cf129f65711e5ef46f5ac59d471a401238fc6dceb09cf2cb8c627435c04040
xj_pd2066b	2026100601	8d94c3bc6fb0bdc19dcd5c26a0c6d92555b8be5ce17d39955615d17a461b6e71
xj_pd2066f	2026100601	eeeb7568deccbe064cf55e503ab4b9c8d55ff46c95eb7411e47e5e417dee7567
xj_pd2066f_2	2026100601	4ed740d0e15b1d99338fcb3a270aab5c320a837206c8bb50bca3152f29ba437c
xj_pd2067f	2026100601	295c837a87cfd5f42c710e8ee7831e112d8f20aa5b18afb3ee96c85d3976037a
xj_pd2068	2026100601	3086c4c28fe3e0787d776e0780224a614fbfbe5336da2f7b3b9caf507fee0bc7
xj_pd2068_2	2026100601	34f32310e449a2b4f019be63e86d2125101c9dea228d6822d4df58ed39ee1606
xj_pd2069	2026100601	9d788f9c0eeffe2f5d534d89da33fe94fc72f8f65e188a04630fb049576beee0
xj_pd2069_2	2026100601	8d6cc422e768fe2bc31300bf381cd9aa9552545fa467d735550127a00f127163
xj_pd2069_3	2026100601	77b1ab422bfc2c8563e22b79fc71262f2088b5045aa926683b030d353da2f6ca
xj_pd2069f	2026100601	625eb7508520a6d8c87129e07558a50525872195abaff4208362b3b6d52188e4
xj_pd2069f_2	2026100601	5abcc987e888f45d4b853827bcb856010aaa189a142401d546f97097707da884
xj_pd2072	2026100601	a25f7a61bd08e5d45172c502a7ede03263f881d42d7231547908afc18aa40913
xj_pd2073	2026100601	46f5f3f729b72931425578c041d143cd12e0add68b36f2400c6fa19acb526e54
xj_pd2073f	2026100601	9e437da10bb4368e170c52f0d1d4537437bdc5f531f4fa2ada87d5bee228d958
xj_pd2074f	2026100601	f9ceda6f341e8bd41be32248f1ff8fcba67acbf56ffa5205e55c42a61e53f8d9
xj_pd2080	2026100601	41860234df7e15b61f5b212dfa34ff7a4bd80a2f176ebd1dc0f340569969c76e
xj_pd2085	2026100601	c8b33fd038de5c86bffe6aadea0994ae44b61507c653eee57204bf6940d87247
xj_pd2092	2026100601	ddb2443830e4b11050bdd7bd7f8d32de9e24d13eb282cd285920604551ef3752
xj_pd2093f	2026100601	711d7dcd89459406488971b9d45f9dd22eefb4ba51ac70eb0140d37a0e0ddd43
xj_pd2099	2026100601	03a6554c29c7011a47201e250bbb13bdd2174e7f9423836df0db3a8df7784ac4
xj_pd2102	2026100601	6f5664f97f2d0ab42fbfd8fd35f629aae4044ae096d417e4e943a43aea136bbf
xj_pd2102f	2026100601	c9c4a5209d92e92b251b7783279ed9f89f699ef6c600c8b60f927c508905ac65
xj_pd2103f	2026100601	bcb0e2f1226f6147b296c9d41ccaafb426539eecb6da11c69fb735249ed59d7c
xj_pd2103f_2	2026100601	2423fee23a1be3f5a59b12b6c914c5cd59bdcc132ee10b952236939927543ce4
xj_pd2106	2026100601	85858a37dcf0c47d6f9a5cea108efac3dc825b1df678d6341979eaae0ba89693
xj_pd2106_2	2026100601	895b9ef32ca43a48a9939d4ed78198c54fb31b7ceca128f39c7891a8727e0892
xj_pd2107f	2026100601	3313d2c8c10fa7e24242015e526badb4db27b40465d8c2104d38b4d1e320e7dc
xj_pd2111	2026100601	26694ff2003d744686b6d8452983dd1e091ccb5d494320c50c3b90557431024d
xj_pd2112f	2026100601	f8d1a9e564e43ad6e63d612a9a734440c776cf3f463463ad7c7dd1d22f58953c
xj_pd2115	2026100601	06112a2d5bbd81599bac82d0ba3f8487f43ed2124a07c8df1ef3cad115ec9b08
xj_pd2118	2026100601	1ebb42caa2876ab6d6624be71a6aaa0f29be3628d4d829baf6d2f7bb0cf4693a
xj_pd2120	2026100601	ffe39dbda9090ecbd3f3f95ebfe947fb8abd1ef4fcab924568451292871838de
xj_pd2121	2026100601	f201eb976046098b4f21155586bfcd61c2808a7d4f75323a4c3a58735fee6180
xj_pd2121_2	2026100601	037919f1f557273c5963f5710806de2b5f1a1ad692060bf7819310bc254fe154
xj_pd2123	2026100601	5c5903b8168266fadc51123c5137d4b53741dc651af0158204b74b53bf6413ed
xj_pd2123_2	2026100601	2d02e780aad7bfbf5c26d9d96c9296a7087e54cab8862b6b8879892522aa31b3
xj_pd2130	2026100601	1f7855176b30287619eafd095f5491a0ef1fadd6249e316011130034e931df44
xj_pd2131	2026100601	7454a10295f5029f95465243e1517ad7d3211326566b380ed5167a259d6d8d6e
xj_pd2132	2026100601	99ab1781c47b073bc2cc28e1eba6534c5cf70416c76d45377777ebc6429701cd
xj_pd2133	2026100601	f16886a5df31d7a1b6a225aca972ce23feb1d61bed05d8042f504eef4dc1f3c5
xj_pd2133f	2026100601	04e614765d33524f11705357015cd7cb8bbb14d58929b6a6cacb753cf9fcdbe6
xj_pd2134	2026100601	9e03dd0fa15d558a57905b525eaa6bff12705fd2b65e5799694d7b850f7b3b49
xj_pd2135f	2026100601	ed2308b1f9478e5de52461f1b5fd6618b39a61038317a42b9171cfe357aa163b
xj_pd2136	2026100601	29de1dd7b936309e78495cb2378ded2fd11fa949b7f920df2cf6a540882234d3
xj_pd2136f	2026100601	d5352ec51514e2aecb4876091f9f5ca16861d287e749c81310e95b1e02494056
xj_pd2138f	2026100601	5c742792afb5bd69604e24017e08ca968926467bb96258b224fa7c769854aa40
xj_pd2139f	2026100601	e88135adc0343807a0b35aa572b4f02ae37d8d0ec1ca17bdfe6428e468a3eb2b
xj_pd2140	2026100601	ea3e43ca334cc0f56c0303d70c5f9ff6f2e222da24511f04984b9bcf705c7b37
xj_pd2140f	2026100601	fc0caa6a533b33e0992699f85dd7d793bd5ee34ae89e1057f476b3e61ee9ac85
xj_pd2140nf	2026100601	41ed214dbdc8255d4e0cedc86cf49acff2f1559c3344f8a0e132ec99f200c598
xj_pd2141	2026100601	1b23e793bee7c8e9f4d5296dec75adb8349b4161d9ba348b6b8605bfc16b0115
xj_pd2142f	2026100601	0ce1c2245788b3aae7d5c684ab74fa074a3931f77328cea156bd8318b24e50c3
xj_pd2142f_2	2026100601	91a5e9b0ad7519fe9360762a0f7179def84f9882f1607c6814b4ab4613556f08
xj_pd2142f_3	2026100601	d2e8fbe5ee9be69fc0f8ff2f1bf31f7a73977c8ea3e4e873e8b8a3941cb48c28
xj_pd2143	2026100601	1942d89d4a2dbacf1915227345fb1a406dfed0d3f094cb8015dbddb50c0a869c
xj_pd2145	2026100601	0336a8de228d008776c4ec94a56728b3f821eb0369382e3ca1b11bb57831260b
xj_pd2145f	2026100601	69cf37205ddb7beca9a577f6d2b1a29938ea44c2168f4a2f843f8c86b4f75c42
xj_pd2147f	2026100601	f211faab76e0a49a0ff53a291e589820743b41f7fedccceda0650491a3f53cb0
xj_pd2148	2026100601	80295e923d32e062098a2a67a6de25715f364674e17e24fced05f3a16c80607e
xj_pd2148f	2026100601	829fa2a966d1f1f7c8dfbe548755c3a582759786fae2af7eccafdd72499d55cd
xj_pd2150f	2026100601	974f02760e80805a3557032b5e9a15d3391d434756404ea6389f3d2e1df5179e
xj_pd2154	2026100601	445b17c22e743f01e3d532b2e099ac0c5ee07ca73198aaff44968cf709d20c91
xj_pd2154f	2026100601	d28c59fca83dc380d4d4ae70f90138e986512dc4f9738639564c9756da70caa6
xj_pd2156	2026100601	c80617c5235859961a474bffc01a2a0f74443faa48bf86a7973bed4d24ccf7b6
xj_pd2156f	2026100601	feb92b523b2e9384f8d0d819f2d37d3a494d800a846a3d0c2a62ef23186a9564
xj_pd2156u	2026100601	d00222f829025bd5aaea000aa0e13014fc22efc9b80619156443764f5880c89d
xj_pd2157	2026100601	4b79b73a1ea474f75fb336b63299586cf4325b998b17886f7f116ba1591f0059
xj_pd2158	2026100601	a6af674166f37ace7b8b7ef872d6bb3969ed946ed53b663d1708a1c9560b19e7
xj_pd2158f	2026100601	3985333b4bf2e231402ddf3c620494c0342ec49fe864e1771f7f864c50efdb30
xj_pd2159f	2026100601	1ed31affaec5429f7e5579484043a20af11009a1a197fb98967fdde4cbfe869c
xj_pd2162	2026100601	22a45fca1c27eec9696e022f1d7bbfc3e6b6db8b0525e8a2ac08102ea606ad31
xj_pd2163	2026100601	6a0e287a7de7c206e99ffea124e076c9d89828a16cfde485753a3d44ed2c3155
xj_pd2163f	2026100601	650514a98b8039f260f6716d3511016284604029c4be59c6603aa04fd2238637
xj_pd2164	2026100601	790fdfaf3b0cb734c5c760b88f09b7a0d1811dd5ae1d9f5f0c08f9bbd9f55fc1
xj_pd2164_2	2026100601	7d90b4e36d6ac2a8d9bac54f15f7027cd73ec328ad2d8c5ab1a1b50a2867eb26
xj_pd2164u	2026100601	b2ce5953be076a0c16ccae2fd44f32ca1d0526777e58efea254d41eff5514f74
xj_pd2164u_2	2026100601	ada8f3240b8858c7fce3e81449ed83e7ec7090663a7b14ab4f82cf95dd180cf7
xj_pd2165	2026100601	a5ffb1076604b74950b8fb6bc0626aef71666e7a817baf7f7f18f7ad895ef367
xj_pd2165f	2026100601	b4d9d321bc2c1eaa2aa1545714ceb591936acfd9f428474b39598040368c2f70
xj_pd2166	2026100601	693463c1abc532c51e7f11ce4ed86abf03454ce48301d743f3d2cfe0c8aed908
xj_pd2166_2	2026100601	739871f36c4a6cc3ed1f8e4216fa9ee977e30615ca048108cfdc24ae05f2304d
xj_pd2166_3	2026100601	9e03a9eec774d9a184a073aedc6aa03e2fdcb0545246736dd259330cb8b3260f
xj_pd2166f	2026100601	406984694cd42a194874d9e07409ccdb4774903d51c5c616824b5eb002bb3dff
xj_pd2166f_2	2026100601	25863f7a5cdbc99122640a9e7cc5e0bda16d2c8cf5ed7294679416392e042813
xj_pd2167f	2026100601	1f321d882cab0f286191c4aa5daf87fbb9d5db158474332bb52e0d761f90afba
xj_pd2168	2026100601	8b06600108338b9e76c38fe92ba4f6c38ce4777dc0753112d1d067d85e1e7d55
xj_pd2168_2	2026100601	e78d24966c1b6b3c66d59fa429c52cabdd37190cf7096449adfd37d82f6969b8
xj_pd2170	2026100601	25c4aac3c1d249c14042585fbbafbdc823cfee29444993f63d7e44b096d59b3e
xj_pd2171	2026100601	f2867d3b726ff660f1f41d849bccba424f66e3ed0f3124e1e37067e20039a090
xj_pd2172	2026100601	7790706fe0dc2d7f819289aa334e1b56d4d60711656514f712fb1dcaa8695768
xj_pd2172f	2026100601	74f1503a8402424e2ade480d1709c156f133a682549d8b8f4979c88aaea15799
xj_pd2178	2026100601	118eedc4f67c9a695d477819a71535f0da8a3d1d8e8b3b9be11c685882a89822
xj_pd2180	2026100601	ecdfcaa326e49d61218eabd73d4e38e78830b5ac662d247dcba4ba470bf6516a
xj_pd2180_2	2026100601	4a361e0e2d6987759ed2195e0af5c76f8aecaf485953697158f451b59e28c72e
xj_pd2180g	2026100601	33e03f24d9a274c36646c4fce87a13bf2099069c40231783de7d88658e0e1585
xj_pd2183	2026100601	0ca977cef4948388d3a5008e62b90dd78893eb55852e4e5ef7640c0b02014ddc
xj_pd2183f	2026100601	0a0c4aee28a70bbe007c3efdf7de038570f00781e6758f43b3130a72986f27b0
xj_pd2185	2026100601	e2f55dcda7cf6d58750df3ee6330ba98e9abb644c0837a3776e1996a36e0debc
xj_pd2185f	2026100601	b4117ce4001793d1f78bcd818ad499b056274e10881ea9fb4f47fae532683580
xj_pd2186	2026100601	589f61c70cc3718a299f7cb40ff7f59f4bfde52dc8c3649be3158ec7b407de3e
xj_pd2188	2026100601	d9ea60f5ae4688d3cd622731559058209248361db0d1631be1ddfa7ffa9501d5
xj_pd2190	2026100601	954fa72be1010dac5088f6d211a53d1192866f971cce153a2c7d650c47058920
xj_pd2193f	2026100601	23188c3464ed806be98ef2d60909738f8bbae844d3bbebf30699ff6aceef0135
xj_pd2193f_2	2026100601	2387c1ceec24ea713f5f3b728f0a39a8fe938775d64d2ffc2d1f8611196bb1f6
xj_pd2196	2026100601	c73f4c1c13e9c1f2378538f997a84b75d6de3f1137ff2d434db1309b0a04bf59
xj_pd2197	2026100601	ffadc11535529ad0ff52a53a2deafa7121ca0f8829078a57ba011be863ecfc9d
xj_pd2197f	2026100601	e2ff6d5ee20dada461a3b7ef58d4ba06874db3f6bfaaf40db495045dc0fa99d0
xj_pd2199	2026100601	806034205f5f1a39989876d964230e423342d34bc0c1768915a9320a42edc11c
xj_pd2199_2	2026100601	babc9d02478cb130f74bd24b93e0be7294b6b18f45dda4be91c0ab3a92bb4d7c
xj_pd2199f	2026100601	a1d0c24291174e47161783826ab88d87705cf599912ce1c8f30f506e9e0ee72e
xj_pd2201f	2026100601	1ef33d7feae9d896c86e072f299b45564bc4c1580c07390e9c6ea3baefc5d222
xj_pd2203	2026100601	76bc10a256e1b4746e981abdb1728551f2a05ea01729d999191bf9b6cfdcff49
xj_pd2204f	2026100601	9b160a2896cdaa63e1385d2be9afa339a695808e38cf942521f680ee03078f67
xj_pd2207	2026100601	bee546dfb925776fd3de0b321f666935d4bc9ef6bbe94f62a90b5fa7cafa0970
xj_pd2215f	2026100601	ebadbd68b80fca1883254d64ee7ecb7845c7c1b8cf357d9f425c9245e43e9873
xj_pd2217	2026100601	2e8f9be83d174b5c9d15604e16c8af6cd021877f14fa28451ac165731edd4031
xj_pd2217f	2026100601	48fc62eab85f98695157eaad04e511c49073a54ebd03288155d50bcd93756cde
xj_pd2218	2026100601	b2da263b9a342ed6ee8f061ff2006ac463bffc334ca49c6ae31237d51da0cdf2
xj_pd2219	2026100601	fe57964654e97574320c94052ed781e8967f1de97d352c0196b60f87379d5010
xj_pd2220	2026100601	d4e6074a1c1132f3c575d2f422d04bc38a58d5b8546838bbb08fd53f23f68031
xj_pd2224	2026100601	b0aa7350547311e087c70d63ea97d41f6f93546adc3d8e822c9ea2efd54a9a08
xj_pd2224f	2026100601	c32c8178ca45578de4972c460facea6f5a977da6c601515b0002e7b1ec3ba039
xj_pd2225f	2026100601	fc22210b71bf20f3085e92a101e2846a1cf5a2a4c3f262794d41c391aa5dd590
xj_pd2226f	2026100601	a407fdf7bdb342f747ed061226c4d52f235c22320bf3301afe2f0ff5145bc368
xj_pd2227	2026100601	f6aba7484363ee378347de72df6de6f32f29a0f41362a2d24a59c5500b7541aa
xj_pd2228f	2026100601	9e8d14a26106bdc9075fc59356cd611545fc771fb62579c4479fe4fc3f78f11f
xj_pd2229	2026100601	fd042d353dfc203ad38359e1776178a5815def218d44a713cb0c24590732cbdf
xj_pd2230	2026100601	2f1bdf37ea28028a5fcaddfa0e027b10327faec868b159b977f68dd8d2c0c9cc
xj_pd2230_2	2026100601	05c81fe7fb4a8733cab413694979858b4496355cd94da4834ceb0a18a8cc9334
xj_pd2230_3	2026100601	370be8f5f911e43f73225cd944ca7e23814fb78c1aeaf693de59ee8c05eb7a8f
xj_pd2231	2026100601	ccc0a14222bf397df4ad7368a29112d1cb3fc3d81d04323cc5625058ea147e9c
xj_pd2232	2026100601	19743fbf58168de538fcd7e61de35efa2fac202aead418b311c228b04a835dcc
xj_pd2232f	2026100601	f8d3b4ead907d451926cd3b82a99de412e1c75fb5036ebcdfaf40e3eb39200bd
xj_pd2235f	2026100601	8446f172a5cb37d7f1d48275552db45921683c6e675da05b9d644a1d98ff5d96
xj_pd2236	2026100601	e7d91ea2292f9d21df6d534c587674605aad383cf8869a3d9fb8e6ef50eac0a5
xj_pd2238	2026100601	93cda4ec9f76002a67a183d56e59807e6bc32af29d64a94f84b9b3fe337b2db7
xj_pd2238f	2026100601	80859375c01fc88322be25ceb598ef2f478f9867cc6ec1d27b31595ab4841f5e
xj_pd2239	2026100601	0ef0778aa4e84ebc73721895e1b7f7c2b3b1357569ff77f83f07e83504dcbf63
xj_pd2241	2026100601	dfae2f2e0daf37ac478ed2066df0e0a37c9426c875da2eb0e36fe5f19d4c5a2d
xj_pd2241_2	2026100601	62ef2d3a9c68823b9bf96c57c60401f793ca3cf98bdc555313da3119ba0f8338
xj_pd2241f	2026100601	7f2baef60537059a6143e496c933545baf1268c25dc5582f5db9e93220404e01
xj_pd2242	2026100601	77234e92fcc3bd2c1829fa8fa1fa42c56bbf1d6bb2d8af83fd18f60f43d387cb
xj_pd2242f	2026100601	5538d5ed49d6c2d715dfb562d7cb95be73304203f5ae2a367fb74f70bf4f78cd
xj_pd2243	2026100601	ebfd81102157376a5bf8b0efc5759cb356ed07698248f84e1d3134e41512412e
xj_pd2243f	2026100601	def9c7f8574e7dbdf08712d9b9439c57a1539a9497eae43e873a89f8022f1e97
xj_pd2244	2026100601	b281020b135123ac001680fd702251c3bea5a5264a69d8ae324e7e04bf248021
xj_pd2245	2026100601	e363f3e44cc07083af347fca3188eda3a131da6c673768535d661122b1048e9c
xj_pd2245f	2026100601	b71f7ebc89d262108fe3e6a158b14873bb64416f22d6aeae66bddd94295994d0
xj_pd2251f	2026100601	44986f5535088069807b87fafec9d2e01f1b0fdef40f4112ce9c25eeb58b675c
xj_pd2251f_2	2026100601	e3750ab1172df5dffbb3ad345cd9133e436cf587745835b18e1aa8b2bca69e41
xj_pd2251f_3	2026100601	5ddbb3e42777d9c21f605ccb21217c49b03a40323ea96a159abfffc92ded15dc
xj_pd2254	2026100601	cda52056ae02cdc64f99498c3fd63493816045f4536f203ef91de66173f84400
xj_pd2256	2026100601	374d3ed2142824799531b5e6d324993233769f320398ea7e69832e2232d0f002
xj_pd2257f	2026100601	f4cb97ae8581c706ace4dbc7aec9db34d95d226f71615797eca4055b41b4e6d6
xj_pd2266	2026100601	0bb562401534163ec093186541e4309ea3ca2e8f977bcc0712d8828326e1a921
xj_pd2268f	2026100601	852c9387d63a3d3df3b43d8360c723f662040d7f2de132aaf591e0f95832b5ef
xj_pd2268f_2	2026100601	37d67caa2baa164b737d3c5d6a72eb5a78c07b220844fb821db0d110e6ea77aa
xj_pd2270	2026100601	a222f199d577d73b0764f30833273ee1a57e0557e1fb581acb3ea10aab20f777
xj_pd2270f	2026100601	f359a2dad814e8f36d1ed2a35cb42d47546275424c5961edbe50e97e3aaee3ac
xj_pd2271	2026100601	881bb37528bafb10bec085374798d92c7aeb5d6170d8e573f4e11d1e1229716c
xj_pd2271f	2026100601	016aef06bc9c89c9577011d4345381a7198a14b4a98e1321391f88011a8dde67
xj_pd2271f_2	2026100601	3589c9af15d35d13b497809687f52dffbb33c9114703eeb2b16c8e64af7526b1
xj_pd2272	2026100601	34fbb322312a88fed7d1cee6fcdbb675ba89276742bfa1cef23a0f1f653972e8
xj_pd2272f	2026100601	c0bfb93657d27ba389e846a400c2b02f3539742a1caafd5992458f0e724de570
xj_pd2278	2026100601	fa21accf0ae640c23ddf28eb9c4cb20c8743aa46d9770ff1669766be4393bd29
xj_pd2279	2026100601	d0187c5e72d1f5b7c3f98d8d4081e90917f6661b28b4ad28cfe41b9366d9f46f
xj_pd2279_2	2026100601	b466df051b62a845c8bc6ccaec856a0e18eadfb365377fcd973b4cf80d62fbef
xj_pd2279_3	2026100601	747d0d73a60f7ea78a3797a2779d2b8fd4ea4d2864672aa72f46bdeada9f13e2
xj_pd2279_4	2026100601	13881bcf20292dcaadbcf52cd005c74cd4d353269fb3d1e54b161695dd614561
xj_pd2279f	2026100601	517d6bfb664921e34096e11fc9dfe53e267a04bb491b9852b33571b61420ef73
xj_pd2281f	2026100601	e82dbf521065eb3c1a8a361a8bc90d46d8b12263b6e0f0fa01decab088ec4dad
xj_pd2282	2026100601	23d84135abe4d6f5191df6559a3f29819f093c3a2d9480f854da22f544cfd9a1
xj_pd2283	2026100601	45cbba76ff38c90360eba4659de66f4b6910fe8df3495f8daa22b9259b8da7b8
xj_pd2283f	2026100601	f3211139b04df39ff4d8059f306c0608ef26b45c0991f5faa5e63147785e23b8
xj_pd2284	2026100601	6607336b695f902db3ca06df6994b5956a15b4aa7fecf5aa600343b2bca86c85
xj_pd2284f	2026100601	c36e2c9d315dd2605b37ba5360f5ddc5e1855e312abf3e99cf0148f4d54d1b98
xj_pd2285	2026100601	bab47fc1a874108a705826e33821c761091a90e544d886c468086a039b9bb18b
xj_pd2285f	2026100601	e929596aef565e41180620a948ee96ebd640db3b41908efda698c60ad1d98bc5
xj_pd2285f_2	2026100601	a84c7a77719d5ab36d2e751720dfdc4bbd89e794f396f814aadfcceefa1a137b
xj_pd2301	2026100601	b5deeb481d36ddda0cead11b51c3cdf697df29b14b53f4c6eff176ffbd9baf5f
xj_pd2302	2026100601	3a59f349091912e9dc20cbabb6a3c84f99c815e6be7b7f335332ef9391d4c00a
xj_pd2303	2026100601	b40ad68ef955e4bc0b20597c4baef51532a41d1ce5937df7055d11b2c58f0498
xj_pd2304	2026100601	eed969b6e597eb138dcc049e3fc092a45a686ba474af60f109407b3a94fb2d4f
xj_pd2307	2026100601	55e508c2279f0d4e4e72911d7fd0ed7385b98d6ce8862611bfaa2b406616d671
xj_pd2307f	2026100601	834aed699f8ff611e0050a162101222c5352669f9295630c3f7de4d205124899
xj_pd2309	2026100601	92b33b64b781189999e9e2607b7e1879cb065436eac78192c89719e551842f31
xj_pd2309f	2026100601	393b01aaaf74a7fe8bd96e0fd1aaff24f8419bc3a04e4aa0620245170de2675d
xj_pd2312	2026100601	3197cb762359f0613c380a91e4fe7f72bf02453e936fc72c992d9294cdb285de
xj_pd2312_2	2026100601	fd459fca2c6daf712e0075ce2f11712e3d590c742adbdb98a4315141ca93301f
xj_pd2312_3	2026100601	a7aaafc2720c1639762b4cdfbd43b191f8bf0363f1f9a2b1871be820edd6a1e9
xj_pd2313	2026100601	84fb75dc2edad7627471e9c61ba912f2e88b635b10d51a71bcabd54ae5bf2e8d
xj_pd2313f	2026100601	91dbfdde8ac42b1b83915587d3f943feda82ec7ee358bb93211e8b147a9cf7fe
xj_pd2314	2026100601	bf0ce0296a1c5dcc2e6566d80c20a9676f58b0e77bf4f82d8bcb25f416f3e687
xj_pd2314_2	2026100601	0e58952a5fe266a3a68c89e3b24499b071119772e04907ee5f69c3faff3a2968
xj_pd2317	2026100601	f61f9003d8aeabe0b31c26ca2f11c9332f6a9fef26f73f165363dce6f2095334
xj_pd2317_2	2026100601	70e871bde4b75a9b59c068686f0fb1f2f32b2b60eef0bd71ba50132d96de8648
xj_pd2318	2026100601	347f13afe9a74830c3e93f1810016831846364c65c589f41d9403139017035a9
xj_pd2318_2	2026100601	b396a479a16abfba19cffa5ad24dd191b5cc118166e77134ddb20d01cd20486f
xj_pd2318f	2026100601	667c56ba07f968f1cd8f2dff04480be8a67f93fc97b84fb19821e3467a04de32
xj_pd2323	2026100601	7e02ded04ee62169b122b084f6c45fecaa5db16a2265096e6865f8b8fc771b1e
xj_pd2323f	2026100601	59cc5abe4dd8832a7be46ac484fddacb96ccbfddd63404e1fee65f538dcb7e1a
xj_pd2324	2026100601	821df1530982f5d48075a9155e6e3817edcc10ae9abbb19c633dd54cdcebdfd4
xj_pd2324_2	2026100601	9a3aba3c452df0d88cde2e5ee6dd2f427da0e06d4bf7bc541b965cfb5ef4dbf1
xj_pd2324f	2026100601	cb479f140b1950f140dddc7afb962b99e219231d264c91e147a4539d0699ac6c
xj_pd2325f	2026100601	49d2e8fe531dcb496d9165d907a016bc80b90fbc91e218102111457586e2b516
xj_pd2326f	2026100601	dff7cc92f42bfbbea6db34fa9e125e99a752c6e3351cdf402a5a5b220a37f1f6
xj_pd2327	2026100601	703ffa2dd3591262f2743bec0be950d275a670c9e2fe54796421d7b56de9d9f9
xj_pd2327f	2026100601	1069f328192de0ce4d5f97e72dd4b08f3b6496c7e6da57dba60d637a1ff9b652
xj_pd2327f_2	2026100601	e9a24491017f93360250ef0511392e7ebb91c9182254ebed99e84fac6bacfcc4
xj_pd2329	2026100601	e55d9200ee056fd4caf27855053fe3ddc0f0374c2adf5817d225ff1faad479a1
xj_pd2332f	2026100601	f070c5cbff5a09d44aaee168c1006082fca56efb92063fbef7f4c6d6bbc60077
xj_pd2334	2026100601	337a523824cfc87d940a773646aeff9032963b59a1e10b7dcbd070728ca3ff4a
xj_pd2336f	2026100601	0681ac153e1e4ee1f79bed6bb46e384f841842bb1419218806059144d5397e3b
xj_pd2337	2026100601	22ddb34a32c2beb04b7d5ed3f017c7e3d491652c565fe89d5665ac4b4763dc17
xj_pd2337f	2026100601	3d442db115b5176b87cf92079fa953040e9c8745d9882187fd0ba712f3d91f67
xj_pd2338	2026100601	d1eef9adcc1bc63cd83e167a92061a6c0e9af7e9ab840b5c0b1d996bf138a6bb
xj_pd2338f	2026100601	ddda3c303e9e0cadc03d59213a35cc50d6a9566f610182a121c4ddd8e279d991
xj_pd2339	2026100601	bcd6e2e203e9d122c9f409c669d011fbe1192ab60de95f797e9a05066352ea8f
xj_pd2339_2	2026100601	4a008d6b5a895d4516c00a2d124f0ee8d04da4885475fe2d1d10c078691506ce
xj_pd2341f	2026100601	5c1d43906e6546f5f4b5f65caea63ec68e2c248e2d5d8768984e65dbe98151b2
xj_pd2341f_2	2026100601	9b326e849c9199794e794f0ca7d77b78c0f0ca5894409fe79477181bfdef0009
xj_pd2341f_3	2026100601	63af1570bbe8208c3e8b4efdd04bf6c6faccc24f35efcb9db5bc21a544e9a49d
xj_pd2341f_4	2026100601	9da053d52938ebbd992e4efcc0897c8b4691d366094ff4aec159279b7b4d7a2f
xj_pd2343	2026100601	11f70de4b86a40ddef50eb709ed80a1cac4414fcca7cda0fac4bc3cffa28ff17
xj_pd2343f	2026100601	df45f4e5689fea77811f91734e81b8ae18b9636a4f760c4f517c6647d9a3540a
xj_pd2344	2026100601	fe36623b2dc2905f3c464b1d5f932fb644f46dd3b9da4defb0b51d34191afbca
xj_pd2346f	2026100601	d39bd266f310035c8e3f66f849b0879040779adad699182fbc4d5091f8e879f2
xj_pd2352	2026100601	b1529e40c3bf1ca45ae7173c7e333a3f377c1e7f0f634bf0a7b3d3be72b95c36
xj_pd2352f	2026100601	0152bc4880b4e2e38e2024bcff63eb4dc62cdcf2f9c611be04c6f38a7315af27
xj_pd2352g	2026100601	8e8c6d828606116865218c83a27a141df4df9ca9257efd200742b40ee75671c1
xj_pd2353	2026100601	abd861134f0c9f082fb2a505ae6d24c5f2f792eb2c6c92215245b39078813ef9
xj_pd2353_2	2026100601	1ce0d5f72e230fece237bf5a2d682320411a622ef2419bec43810c5510ab3149
xj_pd2353f	2026100601	7c878807773750b43ddc25e853554be89178095fa23e996332810041ff7f6981
xj_pd2353f_2	2026100601	2682608c34385732f9709214ba2e13c0a06bb062101efd292f3ed0f3807bcea3
xj_pd2354	2026100601	2354f51b5d44a1ea4e709a9a3328d1d1505f8670aa26db85ed43d23a32ff5b77
xj_pd2354_2	2026100601	5c3eaa9bfdd857c0f66ab1c988086b2816488bb3d5253daf6306cb2a086594a8
xj_pd2354f	2026100601	e74cff0a5b5dabce210e65b9a25f2042e0ebf5270ea4b1c80ba06d03fdcdcf4e
xj_pd2357	2026100601	794730b342e5222200df1ef124f1937bc83fd70856cec5c4d17066ecf0112b81
xj_pd2357_2	2026100601	1e775fea9eb0541f6e5da013f38f3be71afe1cc8f414bbba3183dcc3e87f8f02
xj_pd2357f	2026100601	a1d5ccfedabcca2d7255983890dfb1dae6a8f7f3fc2cb7fcc897d0ed4f8838dc
xj_pd2357f_2	2026100601	a3594d8b72c9505837982cc8c3b30a60320b07ceecdb179cd7065ac9344ca452
xj_pd2357f_3	2026100601	0ee64212b7aa3d34c74ac575bf1286faae6e8f90db29ba8e88baeff214e25ed8
xj_pd2358f	2026100601	8faf4c979ff7e97d3679f1fa9265a5506147e968b3e56342989869f03a110c36
xj_pd2358f_2	2026100601	c2973031a8e2d980ec29c45d645499b6e429f0d79dc9a94cd1dcff7e1648b80c
xj_pd2359	2026100601	607460a86188094683c2fc246f27061c2a1978c72af846333fe7a5cab042360e
xj_pd2360f	2026100601	5af208b1e04d5f6f0142291cf99fbd403b0714cc6395c636da87ea907629f465
xj_pd2360f_2	2026100601	cf559472a8427e7bdf968690561626156954fb8f810bf36e11dfcb5fa34f7e42
xj_pd2361	2026100601	87c7fd150c20cd3d3ab067d322122eea02a0374a74396ac4b1f269ca66cda2b8
xj_pd2361_2	2026100601	735ef07a5629b199b12e728ec059314c475e259a5db7c4f2353c8e04e8c7f333
xj_pd2362	2026100601	bb838f37591707a30f9937f875167b92446ea8aa789a367a667ccd61744a41dc
xj_pd2362f	2026100601	264ccdca426516732a2e139ad3821f520cf8177a909085477482c6ca416668e5
xj_pd2362f_2	2026100601	5f6d3d4d94b8b3adf48d850441728a26f328700b123efcd9952f9488ebac1600
xj_pd2363f	2026100601	53b6761056eadd13e1a65014cdc919d56d39b5a6288160263dfd57d272d7406f
xj_pd2364	2026100601	2eaa714dce7a66c751769b1a24edb99154686bdb17ae0d4e50dd50b33d8e5bf1
xj_pd2366	2026100601	1b4111373dd797a68745a66c89294a2c83e3589e94ee3125e3449e7250100590
xj_pd2403	2026100601	e9fac0da6a27ab04428eeb380f98d70e1e102ef7261df6a3c89bace12b8c325e
xj_pd2404f	2026100601	8d78dd8949448accbf9e64e2a7379ad64c135a76b7bb27c038e10b5a4f5585ab
xj_pd2404f_2	2026100601	77f5b88bc729c6768565c12ede1daf3e8021939a7958033153d274935684c6d2
xj_pd2405	2026100601	400070883b66d2c78acbc53c07fcd9c7fb9e75aad17f9ec980003556a80bc7d2
xj_pd2405f	2026100601	3e2652049efb5f01eefe04e545fe43dfb32774517b43b075cd8bcf9ce91ad60f
xj_pd2406f	2026100601	99a0c9bb6a704b288d198bac02fd5892b99a6be2c1b2151c5b18e896b299a989
xj_pd2406f_2	2026100601	d6ce59c85c36f07306a821a8fb71d3d59c98dc5e202889540bddce15236373ab
xj_pd2408	2026100601	28aef427da6aa9a8ee37ed717aadff31d88cd99dd25b0a5eddc05536e4bc4bc2
xj_pd2408f	2026100601	f630fecd84eba2012058b695a18d9d6d7cbadbaa8fdf1d1a164b5bcfe210dbf5
xj_pd2410	2026100601	f989eab06f4c12ca25f50db6cd2f2240e1c7afe7b657cd4d970158c6b71d457f
xj_pd2415	2026100601	a1ff035aed3bf26e24d883bf992dc277cd2afb962aa9ef8a194d4773553b6d4e
xj_pd2415f	2026100601	a10ce1d2a0e9bb82f22ea2fc303cd2cbf6b453444ec29d8548af02f5ff81360c
xj_pd2417	2026100601	ce5143027a033119728f84663430a40f64dd509b14172a9534e424af0dba1b0e
xj_pd2418f	2026100601	bf607acecf30f83f202523f4ddcfc1be17b73cddcba39e9c434f55cb30a3eb4e
xj_pd2419	2026100601	bd619f6f565c957fa235199eddccd1604d5db20b3026f57cee63574f9c7366bf
xj_pd2420f	2026100601	37cdf47a441c0304eaab9fc2b76a13460d2e02a88e0d6e7541eabbd6ca91b5f2
xj_pd2421f	2026100601	4f02aa231eae5689d5f301ab43036b2492ff81c5e45188e96fabeaa9d0f3ea6c
xj_pd2422f	2026100601	7756ad576901e2dd3fdbb04ff8cb36b6d370851ce4c55aaf446b24804764e6da
xj_pd2425	2026100601	d5eb779f6fb043037fe3b17d5459528c32f7f1cce4eb72d02198a5b19f238d87
xj_pd2426	2026100601	d67fcbbfe4f4a48d1a5a45d0eb72e0667f7d9f9ec18ee3e74901f2bf28921837
xj_pd2429	2026100601	040674e59cb7101ef7f138ce663a8614302de0c49378e2e08763652cad3c225a
xj_pd2430	2026100601	3ddc7e55f46ed806a0f5dc5c147b7d9fde3665d44af105b1cc30580acd409b03
xj_pd2430f	2026100601	51ff6c4e1bafb81ba11b2ebe560e0e5d092f13e583bcb7c927d4ae15eeb061e7
xj_pd2432f	2026100601	83845fc68121bb6fc5a984fbd9dd19d62abae4d89027f7ac570de4473aa0b06c
xj_pd2435	2026100601	a49280138181130914a838322d3850d4ba0ff0d526abb4ac9838528fd896e7f7
xj_pd2436	2026100601	b03a3681d74cc652a97f04ebe876dd362068af53472b6ba0a9a9111f400d2333
xj_pd2436f	2026100601	8a0719cf2286cc3efe6360f8b3d4e7f5d650b0d32fa840a1cc35bc2696ac31d4
xj_pd2437f	2026100601	b012c0c28f4a7c907491df9c415eb20e80965452c68197a5b756818777453cd1
xj_pd2438f	2026100601	a69c2292f335f08b3d08dea0a13b8ab1e2d83387f65fedcb9142e986d0c0aafb
xj_pd2438f_2	2026100601	aa0140b84d4b92bb197ad2c68f20e6c1fc82626807af10753d1fd3a278af522e
xj_pd2438f_3	2026100601	23864dcdddbc1435df0c777d2abc7ea1391bc1af70cb6f48c7bdd36b5a40b30b
xj_pd2442	2026100601	37c9110149a8418fc4d96969328266fb7c060d88e6053bb393aeb700db48c53e
xj_pd2442f	2026100601	5bccb268625201d5ad6136fa98218f372976ff7f2ae4f94654f472ed77fc22c6
xj_pd2442f_2	2026100601	bfe5b861f9a299e7c7fe82bb481390baf4cdc50c8ff59a9059f5bfb1deebac00
xj_pd2442f_3	2026100601	4043b6258bac76ee67ef2dce20b2feb0cc167d60d7ea649937b72e1e911989a7
xj_pd2443	2026100601	e8a2a52138d73318586e3d8a6a6f96427cc53797dae3903ad45027db1a870b89
xj_pd2443_2	2026100601	797f23c90d1be885d67aacfb2e84d27044b690bcb98e85ca9d3fdd272a18440e
xj_pd2443_3	2026100601	28f9fc42acf7ea57d6ad03d6cc2abc8f0bf9262340f9a86e9591bccb0134ebf1
xj_pd2443f	2026100601	658a4b8b05ef6c56c1d0ed1673ce49902355a9e236fc9c16639c5fafa5da7f5d
xj_pd2443f_2	2026100601	bcdbc2711864098a4114e6865a06941ac8e1ebf17c0926fc8614a02b395d465a
xj_pd2443f_3	2026100601	2f7bae5a3c124f00420f5a8f43d8f7b43d8c118cc26d56392b8ebd1cd5b81d66
xj_pd2443f_4	2026100601	5097dc7375291491630fa4418dbd4ef9d69b7df92d6f71048b10d4460a2c889c
xj_pd2443f_5	2026100601	6f3638d61fac798c0b2139ca691b5e6252b87b18437e87f7d8a1aa0c8b2f35e9
xj_pd2443f_6	2026100601	b36f5803ce769a71465bd0769c60d90bd078674d9202af6a84918123d1fc1b45
xj_pd2443f_7	2026100601	66bfb1e9d42ccf9e6e5104d8a2659ad7b7bc702b3bced2791b50c77fa152f250
xj_pd2444	2026100601	51f2e13cbc22ae84dad79f80274e26b0680a97c0843de753213bd6bc29c5375b
xj_pd2444f	2026100601	e5e20a8a84848cc63a178983a07a3785afd71e066b532d1924b2c05470ac2795
xj_pd2445	2026100601	81f7290bed8a5fe2b607a236ae951c4e99f92c8883854e0192705bf74b069ce2
xj_pd2445d	2026100601	d95be1df213c5c2fbbc8fb7399805fc60ecb1a1feba340e1043b36c128cd238e
xj_pd2445f	2026100601	2ec241aeca83b5035e72cf6b56e9e15a9366a85ef179b6436258da14db31b8c5
xj_pd2445f_2	2026100601	635ba07418f6bd4678c8ee38fffbfa96e33ee6a960d6fd53a59d006e9f118804
xj_pd2445f_3	2026100601	fadd870c47cefe36371f946d6d07159632c38ab34e4271e8db072c19f5ad9059
xj_pd2446f	2026100601	5ee141cf3077d6f0428529a40fa8e85ce4b11a53bbb8683b5517daa673a74b0f
xj_pd2447f	2026100601	49a6d6659919258486feaf6345e0ba33845d79a9f750b0bb2df481cb988c7a9a
xj_pd2448f	2026100601	30e420c33184794fd785077cb0c790bae68878acf364bdaf8235de81a85116db
xj_pd2451f	2026100601	2ce65f72539df590b39a7f62033e4501bbf382f6bea8b914a30e2b2329fa0c32
xj_pd2452	2026100601	4e42e1d6087dccbb49a9eb2006655b213f662d24d44f482c2664e0f35222b4b5
xj_pd2452_2	2026100601	e573e52fa4e0accf4b341625c6bfc2170ddf76ec3ebfe9ec9e941d4ec9b47bff
xj_pd2453	2026100601	3678758b9757494e8f851e1b16beb2a02326f21703df231d507f7633a942ed47
xj_pd2454	2026100601	a397cc7085aac13ca617aa99e32d6300875893afc062df0687d9b3d41cdf6b32
xj_pd2456	2026100601	d705de7c88af9b4f5fe213968620f56685b584c507cd5d185704300b5ac241b6
xj_pd2456f	2026100601	576649b8313cb8c9e6de0ddc5a877827181973631e580e0bdde248e808182ac5
xj_pd2456f_2	2026100601	26d192a70263aa9e4a3b92cade124470fd8d36c85cbbbe63845deda4f9a0b2f0
xj_pd2458	2026100601	45cf22bcdcc2689d113b33c77f9cf8f6c359257aa2182f0300f0dd81ea504aaa
xj_pd2458f	2026100601	3d6ad2913eb0b783bfb28b7d6fe1bf560b522dd6fac13077e845994a352e14ca
xj_pd2463	2026100601	b233db9fa24633f12506b7075e6a0fd92e311a12fe2042d2bdeada58226eaa6a
xj_pd2464	2026100601	7274aaf704b2a5829212a2ef2360ca5d12a5f31a09e4a7a950e46c185e301ef6
xj_pd2465	2026100601	05f8a5118de079d8505726bdc34ca4042af520c0ead4ec7b00ea3ed1141d2461
xj_pd2469f	2026100601	7a4e5a3eb1f772aff74c82e9b595d234a2e78726f09025a3f5f42b639f53de69
xj_pd2470f	2026100601	82e38deb9ddc0c18724bfc10ff51a72c57ff99dcfa7f9937f0b50b0d32350eeb
xj_pd2502	2026100601	2c77901fff4d1a7008aaaa6ebb2cc3c3111b6f7cd811bd36d84c7dc6a0061335
xj_pd2502f	2026100601	32a4fb741f8e5794dcaa10c77c7d4e13baa804fa2cc2fea153fc5fddcad5073d
xj_pd2503f	2026100601	a4ebc20088c32b69d3562a7e5ba25a9cc0c2f3aa582608e8977c037705360f15
xj_pd2504f	2026100601	4993bf58f206180994e34bbc5f6b261bb2f1c7cd170bf5172134b37fe9f7a342
xj_pd2505	2026100601	57962f75e14efed789878be14b68033be15bc36736260b237724511004bb6daa
xj_pd2505f	2026100601	82c8d6cc3219281faff3b5c0483c4306df39e20083cc0b31d11ad17c2a273fd7
xj_pd2506	2026100601	cdfb0884bd964fd3218a72f1bb9a0493356d67502bfbd96f4460df55a3d3b1f4
xj_pd2507	2026100601	db4e71dfb3767c3159f4c080eccb206698deaf4d255258152b5b4090819427a5
xj_pd2509	2026100601	a849a64b4f28549a3efbba5e22b1fadc6ae8da3551eb095a1e54fca0ce8db251
xj_pd2509f	2026100601	64fb4ab123efd56c3602ed320a25d3cdb75aa183234d8d14773650f9cf1475be
xj_pd2510df	2026100601	eea246495dad1c1d9cb94664d3a0f0b69b5e04fc0ee9d6b0914d537b0d7ce663
xj_pd2511f	2026100601	ecac4be0537aa1e5865c8fc028f3a9091b1245c2b6c9c2f57f58c88033ed38fe
xj_pd2511f_2	2026100601	f36733893a2008b4d53fdbde90ffebf9c1e67b6199b981d201edaa69a2bdda98
xj_pd2511f_3	2026100601	6d34cdf04da3b250ee94ca3e021f32c7c7931e78adc91a5fceea9c6b673875b3
xj_pd2512f	2026100601	bf0a83a9e6f5f504903fdfa79aa6163fbf7d21f770cb3f77cb4fd224d870c82e
xj_pd2516	2026100601	6c84c5e47d31390f884e5c20b4320f4a018331ec241baafde65a89aefb27442c
xj_pd2520	2026100601	4e608057b1c50ad87ce509440ebecbbc64e76df6d932a2ffb4fd325c1a30f5a3
xj_pd2527	2026100601	f74f77253360b2dd81960cdf6706cb11b7a5b16d9b9a71456ac7b52adb015c4d
xj_pd2527f	2026100601	737b7bed9ed0f7b00cb5b51d07cb6df350b97c3e873215d15f137fc0c2196364
xj_pd2528	2026100601	2741b4e02e571a77373fb831eded69952057f40d3e8af8ab7b26c782d9480f29
xj_pd2528f	2026100601	bdd7ae2fd5ba084ef66cce54df1d1eb8a5530d6fa7331dc2f9566ed1aa1446ce
xj_pd2529f	2026100601	d5a0c33b5c5631fdc6032caecd99e974cf52d9debb65f28fada56d50ee19aeee
xj_pd2531	2026100601	8950c167452700a91425c7e2ce830d89ff53cdad42c39f2fc79f314db6efce86
xj_pd2531_2	2026100601	75c0a06dfecd94c9c87ce88fd0d2e947b689d092ae04cd7b354fb52b9c691626
xj_pd2532	2026100601	0329955418700d979223ee27394444822e09b0a8fa271f98a521e8623b4111fe
xj_pd2532_2	2026100601	a35dedcd51168fdf52d2346978e287564dc9c8ca3c16cd9c6861d67bc162de0b
xj_pd2532f	2026100601	cfac22cc315d9007ed4b9a90eb35ace6f710c6ec17907e2c256d1d80c9a2ecc8
xj_pd2532f_2	2026100601	bb9b7deaeb08e8cd7896f8188b70a182cff77fdb3798735b8a0116ab30ec0be5
xj_pd2533f	2026100601	d4434270e4d533bc4e830963e9f96480ed8fbb40d080e3cd91e5b678cc4afce2
xj_pd2533f_2	2026100601	079800f1941a8a3ab1a0a94d862e6e26eb0eb617876471150417a562c72832f3
xj_pd2533hf	2026100601	6e0fde51f2e1882590928ab43db7eb3721df3b36f545dc8d593b94c6da4f102f
xj_pd2536	2026100601	b95a9cb66d1aefcf523e6ffbed34e6c8a8f8accd130fdb158b16dbc1df8b7eed
xj_pd2536f	2026100601	fdf72ecb8553c932c5282d9383646d8c0a12fb22721ac9a64d4191bf252e3bfb
xj_pd2541	2026100601	049482054136179e4b27286fd5934565ee24ba97423acbb6031bc48d5d294ba5
xj_pd2541f	2026100601	13fc28fae793b90eb004000106fa1adbf421b439934ab5f9d5a2aec0bf61e847
xj_pd2542	2026100601	c9500248655c2b0ccf8df8a4584e84c684a05341cf20183e9b642b1e5a4256be
xj_pd2542f	2026100601	294f6197f14cde855a2d41a79b8451c9a69ec342a5a69d0521e7007b61f3f2e4
xj_pd2542f_2	2026100601	5b1906e0883c6415e7dce17ee272b01902336cf35dd626d8e3c64e393fff70d5
xj_pd2542f_3	2026100601	37413d4d97321f5893c40c9fa14682019ae32b248a2e0f17ed4d3696fb664690
xj_pd2542f_4	2026100601	a8c9e397a6f3fd28b309f339dca3bf4192b969b9f8224e67cc047d39daba1068
xj_pd2545	2026100601	e972e042a50e8eb05a73a48af3304b7cf4d4017e91a0d682844c59f88111c86a
xj_pd2545f	2026100601	785c5d01650ade67afaeacdcc7f18c6d3eb30761aaf422b15a94cae21625c6a3
xj_pd2546	2026100601	13e7d8d6b4c237cbaaa880946b16a2e1cf95129e5301207b5692db3027c05a19
xj_pd2547	2026100601	8fae98f59d8c56d1caf998f909ac767ad8dc7764cfcf05fa103c2880dc4e6871
xj_pd2547f	2026100601	e592755d9a5e8fc48412f3765c1267689649ea5b21ecb5b86cfac0e4991c47d5
xj_pd2547f_2	2026100601	1e141dcfe9db1a01be98a6bd022c7397a217c91ecf95aae5d078854ac6ef4de4
xj_pd2548	2026100601	ebb1ca079a018898d3bbc9e15e7663860d61ee5ed283f477f38f61efd2a61bac
xj_pd2551	2026100601	c3dd7466ad575489471b557af556fc491477785375ffefe808ca5da7b9f843fc
xj_pd2553	2026100601	b26e46b6225e1268fb43467965ec470baf7944cacc6645f3292c385feb7a5514
xj_pd2553f	2026100601	2fc7f8950f694c7312000bd238950c0a95310559b06c7e2a42f0485187c746c6
xj_pd2559	2026100601	5056d7098a61515875df03832256c379eec7ff25dfd55df51f6a61acbf61aabe
xj_pd2559_2	2026100601	c82c7b114f6f99617e6fd04e75c7952afa13ba7fddc40b0141b2fe96c197d10f
xj_pd2559_3	2026100601	9b327e42ba6acb4baeb1da9b220b100c9f5fc00ef215255444100b2789d5bb03
xj_pd2561	2026100601	6df5694ebdfb4fd09c2b45bcb3f505e05a8178d2af2c1f337043efa36f68f9dc
xj_pd2564	2026100601	f63615faffb4ed11dfc2e2ac11c3c4f8c6e38dd805d168d76389c57337090484
xj_pd2571	2026100601	b00145ed3a4e0c2d0ab636b8a8fc0999f9b5505616ade52c4dc73b9991b3db4d
xj_pd2572	2026100601	951fa45b82d7624fa919e167a81b0fc48864a57ad78630769b2626bcbd4fa4a9
xj_pd2573	2026100601	b4273614f1feda3ec149d66ccdf3464759f3cd1a6bfca827900d6c8830c187f3
xj_pd2575f	2026100601	ebc7fc61e108af57daa46b9cd88b148737ff82e22cb6c6a8e3fa5ea6da7c2494
xj_pd2577f	2026100601	b92abebb0472342b50acaa2a5bd059d51dd416fbdf0f52c41127fe469c11acf4
xj_pd2577f_2	2026100601	7c28530a3e4d913ae11bb0309c8777fe7f7f5970e20359fad32b4f77cefaf4d1
xj_pd2602	2026100601	532bc94db7cd2d5c90d9f0a83fc28a39dd484b8de678faee5be596c59a5e4e73
xj_pd2603	2026100601	2ab56871466c6d075fc212d015d66798153953f45c0a2ff94280c8213ff5604c
xj_pd2606	2026100601	1b0e1ae35c97a269da95306f2d298be1d914a8e435b42ff7d50b1c44b81a609d
xj_pd2607	2026100601	043f18caf8583aee97c71f08d9e44190a90f72d990742fa73b5f52471ca22fe4
xj_pd2608	2026100601	734c48f2a34337e0232cb2f7a0872b93f29f13f18750b8cdd4c52891fcaec6ef
xj_pd2609	2026100601	b66359cc8adaf4250e7ca263adc099049ca62665a6f3fedcdb00903a78781d0f
xj_pd2612	2026100601	9d20edf6dbae348b3df9cb53275ed6c70970b184bf736081ad3260ddb39befe2
xj_pd2617	2026100601	3a0c12c1e65278c3e6ff8a787facfc3b16a14a5835ea0aae348f1af8758c0a60
xj_pd2620	2026100601	e42a8ffd048137e492a9bcb9deb0b0f59693d1aedcf032e0ec68deb8fd306411
xj_pd2620f	2026100601	4e7ad5fb2cb9d0d24063a9514954f22b9ada9d6b263c35893fef75d9ce583e70
xj_pdam10	2026100601	b28c5f3acb991f93fb90a70455061e8f7745c6ed8f260fbb978ece97df8c3006
xj_pdbm00	2026100601	699f83e28d76c33ea2172a6a5fb28b9e9574f51f5a60cd3867292512d798a000
xj_pdcm00	2026100601	18d8e2561f32adf892cd25197540794d59f063fda8f28bac2f3ffdc9a7ddec32
xj_pdem10	2026100601	bd302564581ade898f7f7f492ddace4750eb6f5382ea0f35cd7c38a38d041c85
xj_pdem30	2026100601	48e32a8a5564a923978c02b2b3da1885bda0d94daf78a814d5ecb3f783226ed8
xj_pdhm00	2026100601	4baf6916b27de105decfec2597a3e846b8f7502dffb80b37fc92cd83564cf3ac
xj_pdkm00	2026100601	62015135a3ca1dcb12e31e202e12d722eb2fead545ab2c47f8f4f0d4bfc60aae
xj_pdnm00	2026100601	c1e58e460db9a6d90df4bf230374b77da24a1f2a20f1dd3374c66535e6124d5f
xj_pdpm00	2026100601	aa32da8604b3427674f5cae4aa734570cf3050b9a44e25b266470717ede8bfa9
xj_pdvm00	2026100601	fa3b7db4f1bf4618de88b18b529aa4b5f8e9ad5de8d59e64e33a77777b31bbb1
xj_pdvm00_2	2026100601	3f407a90601c9e773e81bc7f9347abad81c7975981e4de2f0326b68de94dcc5c
xj_pdx-201	2026100601	b933b92ea3ba7b5933eaec228d0d66fd07d4068ef5a75896e77dd6a8e4f95f15
xj_pdx-202	2026100601	af69cb80f83d755dc734726fcfe0fd3aff36590a495f1864668f21fabb8b4aae
xj_pdx-203	2026100601	7bab482bac40e36ca92d43d225586872a0f9aa8fea752dd91417ffe658500981
xj_pdx-204	2026100601	f5c16fef4857904f3d517ec5e76c2870a8e36aac0734a970e7097956e24e8ca4
xj_pdx-206	2026100601	938282446eaca00fe6742a8e77a41ce95383725aa2c28a4cb96088b25b3a7208
xj_pdx-212	2026100601	5f6c9d015c5a232cdd694772221304c7a424a73f01ec7519112cbf5d20a89ebc
xj_pdx-213	2026100601	0cd176b6ba4e7d17dbda2b5db5b76d67cda5df97d6a96b0a07ed0a265f1a2838
xj_pdx-214	2026100601	1d2f8cc166c2033d68e04b2f2e485bbae122aa36de2aed3c57424622dd5a4f29
xj_pdx-215	2026100601	95cfe65323af05c8db1b49817139464af4d8089d0b188e7082a9dff2d159ecfc
xj_pdx-217	2026100601	15b764a705f1805d245a6554cc6df1656dbff53f085f6a4c2d6127b6df05fafa
xj_pdx-223	2026100601	f4d89ff4ac69b7029d5785a0a8864da3f6fe65e34cd46c136c3538d3c60662bc
xj_pdx-224	2026100601	3350c04119ca29ca1842f904d762f872208f997da211f402957171a4f85e8499
xj_pdx-225	2026100601	7f8913a3ab45cc5158e971abd2213736f7f33ab13ea6813f66979dc460e6aa5e
xj_pdx-226	2026100601	f33c9bcdcef8bc972495dae0306725c897e2fc691896a85f89000ba29f5bd672
xj_pdx-234	2026100601	f40bc5053c4bbf463fc71d2bebd5d0e37c47c417b905f5582393ac61a302e428
xj_pdx-235	2026100601	685f43f0de20270332d2aa5a62ec833197f19635507e514823e1d14d17ff079a
xj_pdx-237	2026100601	25bfaf59aeb8583a361b6f6452b0721f9085682bb6a49b69ea4480dac2cde5e9
xj_pdx-245	2026100601	36310b778b7756b05f67c44bc99b209f80de7207f678df7f477386d5147d3819
xj_pdx-246	2026100601	075cc96cf64fe484cc4240d0843f75a4d6b2e9b5bb4c61ab56bcb63c4dd0ab45
xj_pdx-256	2026100601	d7d5cad8511a0fc5447c3e82dd84ffa41e5dde84e3292148e2cc3c3baa471bdf
xj_pdx-257	2026100601	c54f8c7c1b89dcdf99835ef0b249572d2c8a6da534a78cbb2f39eb442e6469d2
xj_pdx-267	2026100601	1b4d0ec1dc48138a1c950b7cad8a6b5c007363e1b6de7bb92b5d658ff2ed01f4
xj_pdym10	2026100601	eb525658adc5a23de3ad6fce384ed0259049385b89d261a4845ffc3629b0a0cb
xj_pdym20	2026100601	b88c92984f39dd8710c637e06145ae7e849fa021e0adf05c54218ba1784dc62d
xj_peacock	2026100601	f09f2088e15adf569536dacfea67194c9d1c6e2710e8c150fed4b48b0656f60a
xj_peam00	2026100601	c03042101e486b8984e590cc2553e7da036ae1a09a72a30769490c26504fa5cc
xj_pearl	2026100601	6895ffe371293783803eabfe6273f9a029399e81c017d2293e82253d320ab8f5
xj_pearl_2	2026100601	86aebac9a79a46add66e11c55af82ff853bd932e8a7b61ceffdc25acee116284
xj_pect30	2026100601	c8e7264beeb5ae16c545df595bf23b3b215d34cb16822aa12b217c7997210c85
xj_pefm00	2026100601	5c3c94990144c4c00cf32f15a0d6b806c8395705d7e360f175628fe7367ac81d
xj_pehm00	2026100601	9e8a32d98a6963d24a9b2c5e6773d868415ade1a81c242da5c0aaa57c065546c
xj_pelm00	2026100601	16240a7fa064c7c27dd9895aa191af5fb6fbe58874a4a36f3e50762e4aeed2e3
xj_pemm00	2026100601	a822b8d42b040836ac92a27ba256228326388f697c6c69f6c8e1dbcd0aae3a23
xj_penang	2026100601	ed1be8eaf2ea56b7f091f43c5c9efcb145856a63871af0a315301cde5cccdff3
xj_penrose	2026100601	3c3d112913aa624330cdd7bdad632dbad1a6d3d077d15d4ddc1ba96077628740
xj_penrose_2	2026100601	c148499031fee67e83e3171e60b83437032d769124592a8b03363370d1de760d
xj_peppa	2026100601	1294fec5048e7622c1f27085745e47bbbdee68f6c6663eb066a2e1a7ead4fa70
xj_peridot	2026100601	932c38c50f2276e237eb0f5a8e5a70d5efa08d71007e886c46b110733ab95a27
xj_peridot_2	2026100601	b464bfa9e19ffe24cf4ffeddb3a48834619885563d4f385d4566c612f4def745
xj_peridot_3	2026100601	a88c2576b2c6b56f2529ca905c9a5af91c4f061c3e4c6f78629fdc69b7a129a0
xj_peridot_4	2026100601	6f93617faabfd3bbb23a6d0d38f77d46861e270282c93d59990d0ae0f2e709c6
xj_perm00	2026100601	1e70bdb4aea8478904645fd2a4ff9a0cc0a4303a43af7b42ca9dae346c4e4217
xj_perseus	2026100601	510741faf8bcd956d9f15f14570cdb06a5102d342077d7f26d22b61bbf9f3057
xj_pesm10	2026100601	25d5dec1b132e7db9a72c3278187c3d42b94441ac0b899df7f90a7853c278cd8
xj_petrel	2026100601	9f6778cf726468106421f6295f050c7b21d8a6fd63d3e1bdef4c272609bf7bf3
xj_peux	2026100601	e297f548acea120b25c446e3498816a14e002b34840d0859eaed1b8a463a9115
xj_peux_2	2026100601	1effcdaf7654660d130df05087b22cc6646d3777dcd610125a8ec09e5bdf3a6b
xj_pftm20	2026100601	2cea6a22d6f96a68709941c36bde275c831f34cb1a0d707c15ad2e5e629ca84f
xj_pftm20_2	2026100601	b2a1780625bf0712d91ad9bbecc627a0b5d1f21328d0b77b740ee9af73b4a9fc
xj_pfvm10	2026100601	caf0d45bfa948049d9755096b721211fe2afc42ab32016b072dca4ee15cdad1e
xj_phenom	2026100601	da85f75d268a32b85809be7189b831e4837f82ad4302a335a39928c375f7f2d5
xj_philippe	2026100601	c624d47bcbc23fc779e6b80d7dc94bd2279f7d86ed08cf87842592d3c6388b3b
xj_philippegt	2026100601	df8952d46d74f9f1a7f66c8ba19c0aec6ab95c85ef3fb2e617a4c37b6a00b571
xj_phj110	2026100601	c5b98b798b28927d78da3b9ca183238380bc0cbd6d5cc265f9685e9a0cb4c490
xj_phj110_2	2026100601	27627cf8ca26e00fc24cd85dd82f8484f13bb9774aea2617e521ce565a96bc82
xj_pho-5gt	2026100601	92e3cb34ba27f6365a85294aaf7f318fe94c133a2776e87b70b2c52f60b25cb8
xj_phoenix	2026100601	2df84077c243d186ccb981c54f317f2ebdb0ce1e956ea08b7005b8757b8da3cb
xj_phoenix_2	2026100601	d98e1492f67321b20205c6b3c2385f4d311d1f9c82ceed468ef58f432498196b
xj_phoenix_3	2026100601	96395071cfe30322b1ff12059116a8860c55b69f6715a4ce76158cf1d9f7a437
xj_phoenixin	2026100601	86acdb770e95588085bc447c15fcb76ee932d0710440b555ebb6d8597bca1c97
xj_phoinix	2026100601	d8d7ad994962d05015a654d39f715113797f1794d46a3d4bb38e46755c8149d2
xj_piaget	2026100601	e78d02fbe5b9bfd1fa147ae4345dbfd0bf7ecf5b7ac7b3c3a8bdc5792b120917
xj_piaget-p	2026100601	4281be2f08d26db9ec7f5af2a0b6ff374a0c1776e4745ead146577b42fed6617
xj_piaget_2	2026100601	ea9e6cdf381e96b6ee0c235f1a2649564654157ffa072f262c9039811d5eca0b
xj_piaget_3	2026100601	997c78f2cb5c0c19a8df05205e2a2a3cb2d669dc9da495a421be8bbe4dffe42d
xj_piaget_4	2026100601	05cccc883d04115ef455885e04502d1e5adc36ab11522b85bed997944d73e7c8
xj_piano	2026100601	b766f616f5b05e8234d39e6268284b3c72e02f218e1864feaace78e05e245a2f
xj_picasso	2026100601	064d816fca4fdb65c834099ffd5983521db11eb86a90fbf82f05f868744dc313
xj_picasso_2	2026100601	8032cb2c729a0a370b178e4ac9591f07b181cbf854ce1554f3752ae4c519f743
xj_picasso_3	2026100601	f509ec6d299d586d5f14bbb856ca91ff5fec20c054e45adadfbdb2e4968d99a1
xj_picassowifi	2026100601	c48ae17968442135f886168f7b4cc8a79f4e7b69ba2ace5e8ed809bc230e1a6f
xj_pickle	2026100601	664cde02ea88f70040cd669d475102754cf34791445ce9a8768660c21cf94182
xj_pike	2026100601	f81ae627012db404974d4c9dadbc0a1cc5911addb1c8b44d3e1eed08294fd834
xj_pillar	2026100601	ef077ba9e4d4762d115e8022070ee93611657bac89535e61eb1e6e1f1756fd65
xj_pillar_2	2026100601	0b13cfe8036e856ead7055f34c0f84c2da4f1d11abb3e323eaeeab365a6df10e
xj_pillaru	2026100601	0c8648100b764fd86089be0b668da57c39b2deb578a01a03482bd437d54a81d3
xj_piloti	2026100601	ecb2609970105e7e1ebce92a66d04fef23e7a30ac0635f4f3a4eeda0e3f2f156
xj_pine	2026100601	a2effc8e0b9860c2bf859c0d876ab3e12a52be43a404c5bb3a3cffb4b087cc7c
xj_pine_2	2026100601	de8ef6a938434794a74be46bb69ed17d510e225afdca44da6cfbee4a4ae57c95
xj_pine_3	2026100601	72871eb9cf024aef71b6efc4e9919e859308de609085f9bed1a7777957ff9b35
xj_pine_4	2026100601	3b1808eb009736a6f5dd7ed030e74e658f52a37a789f1d415bf8144717de81c8
xj_pine_5	2026100601	e3f658a692ffab3f7ce1372ee21933e66048a371c14f2464257d7c8b87de5e9d
xj_pipa	2026100601	5f93216c4a9173dbe46ded0abd75001cb4d26445f351c41461852b17feee499b
xj_pisces	2026100601	b02fd5adebdb35cf88b2aee5878b9a5a151aca8296f3c75818ebf48823efed60
xj_pissarro	2026100601	783ea03988383fea4a3568aa47c97dbcb5fc4f5edcd9f0eedb802faf66e56bb1
xj_pissarroin	2026100601	75dd5586534c76f1de430ed0ab562caa5467264e67f6f2ef4de39a121953dd86
xj_pissarroinpro	2026100601	54a97cae7542872b98174eae120974b935b82fe319348967f0e7082aa39c0720
xj_pissarropro	2026100601	5d2374c10626bb18606f99e31dfd0df31bb6646b622ba4d43965dc0c1b82a17b
xj_pista	2026100601	8500c98125804c62b77bc05a784fa8f517fd6ff16663fe8503feaf4244bfd825
xj_pkd120	2026100601	d601ad165935399cd09be9008c7320389b278cd97eca4443f7c21d7706575797
xj_plank	2026100601	46e1d218e8514fc10e50a432bcf426725956e765c677420c0a7fd6f3cf28d7ae
xj_plate	2026100601	808d3059a8781a3ed5c10f48d031b0c018863bc43942852e58d583e313cc2775
xj_plate2	2026100601	735ec4630a68044f1758c988a081a35f6c8ecd2fb19437a7e6dea9bccab69117
xj_platina	2026100601	78d2fd039626eff07a092d55a4a6140d6b8b7530c69d87751b97c328dc830976
xj_plato	2026100601	11da4ac40839317e2e5d1e483c51661dcfdc7fe6f1f91db6ef8585c3b3292f47
xj_ple-703l	2026100601	d9313e5fc7fb52ac73b9b0987646a2c7d390136ebf9eb06412bc8277f907e211
xj_poincare	2026100601	df5ede1a86710ad10ec4fb4b882675aa5026d53a8f3aef20c977dc0723c071ab
xj_pol-a0	2026100601	ec4259255297c8c73f0f7e73db7f5b8679e9ad5357efeb339f90eee21d739ca9
xj_polaris	2026100601	166934ce9c6742388677e866c14950a2b7acc35dda6f2089af4a88de01173ee1
xj_pomelo	2026100601	c912564ad3655639087b113e42168882737ed0fb0a4227490fde094efd733249
xj_pond	2026100601	7a73ff6a04f4c46209ac4408149ea41f6d93676c7429112fe2887b1d4f6a3894
xj_pond_2	2026100601	e1fd0f4794b91a6409039cd739da44185be0374c4c056fe8c94bc2b265eb82a5
xj_pond_3	2026100601	ed7e6839efc71e04883a66671def36d88f593c79b58119c4d7842a495630a665
xj_pong	2026100601	e360dced70eb60c7af315210dea00611d7def858099aff6500afe08f6b7d80db
xj_poplar	2026100601	c0c8cf0037e9e40f5deb55f97737068475983e07de33c4889b1b5c13f8630c63
xj_poplar_2	2026100601	0fd05c0e5d3fd82c855b361e80922b0bc7ae29334ff0571070ad2e3bd773f726
xj_popsicle	2026100601	fa65cd22c153b163c3e30fbe5714b83d2189085a6eb17959299241a99297ed41
xj_porsche	2026100601	677e2701fbf4b50bab6cc56d2175ccc5efd76777464fd33cbf06982e9325107c
xj_portov	2026100601	4635153150b16db5cb6cad4ec4a26531c05b3ef56370cb9b2f05ee05bfe2072f
xj_poseidon	2026100601	05d1c0b7f420e6f892b67d5a97d7f195b78700773dedf1692e29b8b585ba6cc8
xj_poseidon_2	2026100601	adb5494cd60fcd55c93f18f87f1f67a02dc969b3210fec0beaa9fb7b602d27f2
xj_potter	2026100601	760b469a7df2f427e1c086867ee5500acffe2a16a4eb834b9d39b6f4ccffb219
xj_prada	2026100601	ca095a18b3efc6dcde5bd371f970f7c6d6146a916bad1f242260817ab833e6bd
xj_prado	2026100601	6186b1b4230966f314aabcb27606bb59e215057f57672da6d0b94ae186788186
xj_prague	2026100601	1d0ab08b6f0dfd1e1137558d45410f8af3112b309a2e8291f6033f5977048fec
xj_prague_2	2026100601	8a492eb0ea6693378edc0e7a5b29928c821f059affdaf2d7980e5593dc396c6b
xj_princeton	2026100601	5cf1ee686e1d02f0dd81a73e30a5f16eccd49bf5809ac4e0f6abba2a7b526a70
xj_psq	2026100601	a6aa9c56a5110ba88c896caa83b645896b1c94146b9a1fde2bcc1a58d2b12804
xj_pstar	2026100601	072bf01677d48606b3c00d1c8f66f7a5ac7f08afd13fa3b8affcc9b4a1d140da
xj_psyche	2026100601	eaf0349822b0e624f21c9bb637e7f5927cc46a30274f6c104c121fba341aaad4
xj_pudding	2026100601	8a7a8fb3f649e829ef52e77b95384246c85108d8069dc263aa1d220074dc2d68
xj_punisher	2026100601	a7606fe76f3d0b727433740bf3379493e6b159f1d74847e5d145f857e4cd420c
xj_pushkin	2026100601	2e87add7691646eda83f8480a9ed35a8b4972d2495db94bc2fd37baaf2b126f5
xj_pushkin_2	2026100601	283f2c4de797f16c79323c52c6606bc8fc4d9e4a02af2b61d9f0b0c5171e224a
xj_pyxis	2026100601	5b9cfb2298ff18687e5ed818b0e7f8d7cc92510f5f2dadf008ced084eca300ca
xj_pyxis_2	2026100601	7146e4647a6f7e7f01c2dc43947e2fe20a890bf59f0d75e9af3df3d0e35de7db
xj_q2q	2026100601	f9415439bcf6c256d105a1f2b7599f723a4695a801bc267a6791af9d98757008
xj_q4q	2026100601	75e4fc9d4995bb65b4e7e6d64bdd13349e4219a6c6a635cf468cb22081f7868d
xj_q5q	2026100601	e3ab06f747e31f48ce0b42b4e20ba4d5286a2f78650b19b2bb55cb5dd1548e8c
xj_q6aq	2026100601	5b3589d0fcbde7da1fda7071d66c7d9d785a0f9debe99c3138e737118d1b8505
xj_q6q	2026100601	e8dce4c83663d6163bb4b3eda2876cd60dd7f878e7c9b8f84dcc5ae196e582fa
xj_q7mq	2026100601	3a7cbad79fa89856ba2a078cbd8e54a5066ab47ebad46d3b034bc396a1e430cd
xj_q7q	2026100601	078a2f10a3a1c187272d6e1c87ce6c4e17721f42e518c85847de00eaa888996a
xj_q7q_2	2026100601	8196d6224b3c76dee5ac33ea95ad061290a109d03ac1cff77f368f2687c0502a
xj_q8q	2026100601	c4690da1960b9c456dd8ad9fe11b061cedbcc4185ab2bd5851e78d6e347a9b34
xj_qianxuesen	2026100601	16bb66af078dd9fb1cdccfa62f39be7ac119c1b86a3ef6a909af1c8ed9f07630
xj_qk001	2026100601	7aab9cd1f10d3974f7d0fdc7b780b5932ec25715721c42cd6670bf83b619a184
xj_qqcandy	2026100601	d3d550a6b53a961cad8e4f3564ee78b25789f2f51d2992698fd67ff7dc1c4514
xj_qqcandy_2	2026100601	39ba64a5db63f9fa68bb30f813fdf05835e1cdc284fb36099705bbbe76f202d5
xj_qsn2112	2026100601	2c0a36242e670614b805d29a2a27f021b95d7773774c18d4c17f126f427dc793
xj_qsn2201	2026100601	163f8b6927bdb1b0840b96b9b07337dcd92169ac0fb636ae19d16d40020c135b
xj_qsn2207	2026100601	1d5a6a6a3219410ded5e5f054c2b199ff66f1209963f600fbdfe44b13af3fc9f
xj_qsn2211	2026100601	9baea13249a8e3b4d45acb6453f7de8cde377806a8467dc92da99bdec326b3bc
xj_r0q	2026100601	b3590509b9ce0c13c3db9d379078b8383c08577360cc7c19808f30d1532c2441
xj_r0s	2026100601	0f5e97da4469883f7b0c250fbef1e77486f39586df93ab8ca3fb2454749bdf67
xj_r11q	2026100601	9ec8d347bfdac79e5f791ecd1182a70d6564aaa5d8afbdf7d78f31ab69c85909
xj_r11s	2026100601	74d082544893b66aab9ec55fce7846eb9d58c56985c437bd19b796b5618a1f11
xj_r12s	2026100601	b22d2b53f5a300ea62fc45941c339e5e45c369c971bb8fd60735f04fcf4c7395
xj_r13s	2026100601	730260c53540cadacddc551aeb67b3813559bc3b3c6e1d311bc82274c2504eca
xj_r14s	2026100601	a26231de839ce96a27c8ff562a1811b44cdc9992e4e524b81af6a82ecf84d597
xj_r1q	2026100601	420766ec8f698ff2e140db506e4bdf918a4b72cd94cfe0883fe34e56dd94fab8
xj_r3q	2026100601	5bb366fe6d7dd58b33e0f4afd870f5fcc522b29b3894253aab343d651ed1b22d
xj_r5q	2026100601	c2b8e7981c804d97ddf226c1c4e6f5abdc883cc3d4aa59425294725bebef8e5e
xj_r8q	2026100601	7bb99a34595abe5400d8b2651091083990407b05cf853be9d1cb56f40ec4ca19
xj_r8s	2026100601	09045890134a2ac2f103fcf106323ddf7701a0d63310ecb9a58cdc27f6129b47
xj_r9q	2026100601	552e3d396f1affb5aee3e1aed2013dd8c55e10c5b3a81f0fe1556a453789ba74
xj_r9s	2026100601	e68e1c59b65bb11c5ba69d3045d44ed9a10794a72214247c1fe322ffb703388c
xj_rado	2026100601	4c96d036564e24726906f1accad5f6165279d640b830808c1b065ddcdba84b7b
xj_rado-c	2026100601	fe294ba0dae255bf7c82a80e05f25414f85744ade4b381adfdb204f706e3501d
xj_rado-c_2	2026100601	4598790651fdd3b8aff501f28f2b3d10371b9c8ab3f13407484d516822c4993e
xj_rado-f	2026100601	caa719f686782bece1b06e8bd8b3b405273591d109caf7c0bab7cc08b7827935
xj_rado-f_2	2026100601	a018509257b411c9a4fbf2903e76155063d53bc16cc2d68471a2ee101fe13780
xj_rado_2	2026100601	1c7d0dc2d3cda506224589f4622ef8a5e148e0fa1ae121a90c699817567d1305
xj_rado_3	2026100601	8f723d542c5b17154a22370f196eca0a257cdfd596d1f8bfb1f2baf3813ba66f
xj_rain	2026100601	adf13d6833498060d666e82617af43fbb46582f10d94e44fbba4cc470b715198
xj_rambo	2026100601	3fa501efc8137f5afd1b8bda64b19b6b2ff8cb9ee26c54744aebbf6935188041
xj_rango	2026100601	0803043cef5d0993e542a39e22bf609bb7d5e456d12c9ce08ced35bdb37e2910
xj_raphael	2026100601	88a37426d3227bcd59c0fd3a022a7d6fb3434dd44ae2ab9af2ee201c6508202b
xj_raphael_2	2026100601	33c4a31fde1900d2962155bc140ebe679503926539ce02a2f6e75407d60910e0
xj_raphaelin	2026100601	ce690edb8ba2a06f3dc158cd9cee7d23d9b0c80ef9ab95b60be0180f91586e07
xj_raphaels	2026100601	4db90440d1fdd05b832847527186cc50f7c719a442030282ea7add78d89079e5
xj_ravel	2026100601	3014c6fb051e6ef48b0b74723a29b8929d8963884f537474e010f4ae5b67c6ef
xj_raven	2026100601	29e2b82a134e15ea62d36e1905908c5bd54d524133ede39af736c35036586873
xj_redfin	2026100601	24d87ba19294f1437e5eec410de59a379f2137866042294e4918500b945e70bf
xj_redwood	2026100601	fc6aa897e3dc8bbc250f2cf73a065657eb057b6f42b1e6f2c8f5f80d6a619521
xj_redwood_2	2026100601	c1b44bd275cfef39440d0b13b7613bcd45a27a9a0d655c17d199750ff48a8b29
xj_redwoodin	2026100601	80778a020ead139a0fb4c3cb4a659e0c54bca709ed82b8588826edb058ab0fd4
xj_reeves	2026100601	bde7316648dd25e828d96c6beb3a7cd9eac375b07ede4b0f1cf5423019ec0da5
xj_rembrandt	2026100601	a1dbf567fb5c3b592f9ecbcb6a783e98d7d6d13b45aa7c01692de2cac210f0dc
xj_rena	2026100601	9ace2887d78850212d5c1b79713e4666b259ca170aefd9e9783634973fb1db2a
xj_rena_2	2026100601	afe93c2d90f37b664371aeeb11c2ac803400eb53290169b0ceebed969131bbcf
xj_renoir	2026100601	a46a79060a081edb27a6b743a6f3034f5feb8c4f5773a9a87a8b6d397986c1ba
xj_rhea	2026100601	84bff35ff3c441c56efcc57805b1efb3195fc624112c2c342b5994b999a14f76
xj_rheap	2026100601	2f3b0c10a2d95d38265bdbace84277e4a877e941cdb8f6ceffe6dfe98b5588c5
xj_rhodep	2026100601	cbcd30cd8e616f83550213a9301b840713f2407791648e96d3889c604686abd3
xj_rhone	2026100601	1887a1fa4e09b33d01f96bf3d8338540633aeee6de56da6dfc2bd4b66ed6bad8
xj_riddler	2026100601	cd9814e7ded4cbd282ec7b1878406a7a738ffa5c6bf3d82026981ea177b75e0c
xj_rio	2026100601	dd4267978177c0c293b8fcdba2bf3033313914ee0d130a58c60363def62e3963
xj_rio_2	2026100601	fc576c2d99357b9944b12282469f9ef77a8f08e5407bc1f2ba2bd14ab6d0693b
xj_riva	2026100601	1f775fe5d1d1f34fbfd7e102c1db1d6cd8b1054c86dd584a5ab98c7a00fa532d
xj_rivena	2026100601	ae6fec115d6898fa05efeac017522934e68e6ff142111098cf490178c3d35694
xj_river	2026100601	dc7b7d82458a6a2809e02040370005e8352acdef7f54b0b54aad430903eea54d
xj_river_2	2026100601	c9bc557a29cfd98fd813fb6df8a61917b8fcfaf07cae5e23879003739d0bba97
xj_river_3	2026100601	01409d01343ff07a67a33720b6735151b13af23b9e4a0ae9d297c9157c94a4e1
xj_rmp2102	2026100601	3d878a97f20d6b815b5a3e5b3f285527a94d674a679df9680e03dffc44015433
xj_rmx1801	2026100601	b21fce6915ffb13adca20f8fa8b4e3dedef17451f67eb2348465779ab6517889
xj_rmx1805	2026100601	f1cf46bf8d345a0336ca45156b80134504286a466037eeb6536a1cb61c0492f2
xj_rmx1805_2	2026100601	78a3d82fc00fba525012029685e196fe1ca6b080a00c809c321b8e03f4a2d0c2
xj_rmx1827	2026100601	761f18d5158af853a36ccac3d5a29f8784a565d19c3ae3baf1bc7982423a8a30
xj_rmx1851	2026100601	26631a9dd15deb62a981e03aaf68f60a041930634f51bed3c37508e3c478743e
xj_rmx1901	2026100601	c5c62fac2079f7b86d788846cccdd36b3f7bca8261aaee5ea3b4811b18a6a152
xj_rmx1921	2026100601	f8b0db5168cb80ae599a54541bd16b83740de79ae8ee6359b57d62b0345b0e39
xj_rmx1925	2026100601	14e2d979d02c50e46c405ed70b7b646c96c45e43ccbd6cf5a38169063c6fe8dc
xj_rmx1971	2026100601	e90a578aba49a7fb2fd532a6a6770ba1447e4c7f793aef918e34fd1160c0a91c
xj_rmx1991	2026100601	4be43fbda48e8fbad8628f5e9a50bfc254faedbccefd34d6f19d88dd769fe5f5
xj_rmx1992	2026100601	3ed9c61605fc1e74cf3cafb687635215a1a6cde2b17e2feaf12275ce6e8a024d
xj_rmx2020	2026100601	646e678a724df53d55953e983f8d82f6101ad6d90188fda39deb2350543fe000
xj_rmx2040	2026100601	8416624a9b034ee6c9a83203a5d226a84e93405879308852ff74a52a4be53030
xj_rmx2040_2	2026100601	fb0cf2720ad2529e16fc657ae65b60353ec6761c47b19d249cfa7bc35c7ba59d
xj_rmx2050	2026100601	24a938b54316db47f656438e80ce0d0f36cefa7d90f23f42d9fbb049172730ee
xj_rmx2051	2026100601	6eee6d3ba2053e1e9b0affab891675140e2fc4e24294984f82c96ab4b051b4fa
xj_rmx2052	2026100601	884ca77a4fdfc0fc9c3c78049299f9657dbfb1d3795812387650881986f5e39a
xj_rmx2081	2026100601	5c0ca9cdcf87b1d42ab67304242dca7e471417ca84ed31949bb0966602966cb0
xj_rmx2085	2026100601	6ce97ae550f0a46e927cac86d4525c15278bd471aaca38f5d9ae9fb73c817eeb
xj_rmx2101	2026100601	953e86ec7d523fa84162de8eb292a3389f89b40416e17ea83c45eee90072d96e
xj_rmx2111	2026100601	453b17961f4ddab3b271e89f00d86088402405c3a587a6bc569feaed55d6fd90
xj_rmx2117	2026100601	c26a9bf6d58e0c7daddf2236c30921e5d286a02d4687581d2ec1d70043d0382a
xj_rmx2121	2026100601	304ece1bb52d66d1d8104edf2e93b7bdeb61bf705c5369c02a32e7bc902fe2f9
xj_rmx2141	2026100601	e95134ad9fe89227bdb8cb417be02f9e023f301631fa349c5c418c87bd6c5998
xj_rmx2144	2026100601	50cf565b6eb04d91fc19595d48bc00a1356629ee6494badda158eabb1eaeee46
xj_rmx2170	2026100601	68e97409862c24c445562c0b493b5ed9f37f5edf2bbc4aabefa9d8b488dc9177
xj_rmx2173	2026100601	61f189710be5f9fa700d4d7e3b6bf607f6b170e5ecc0dfc86eafda327712048d
xj_rmx2176	2026100601	a0940369446bd4fbc1d8fd0d74ed15eb028b69e0ab6b84d4ccbae89eb7d762a7
xj_rmx2191	2026100601	aa7d966b679fb61c2368373a9f9eccd6d66a8b20b7328b655358707ecf316277
xj_rmx2193	2026100601	5e6f3565e0242dd91cd48778892ffb6f2352af3446555603ff987387b51777f6
xj_rmx2195	2026100601	9970697bbb4b7fbc344d611c72d2356eebe8b15fdf10986e41ea67bac0018cc4
xj_rmx2200	2026100601	ae1cf73302a1723afa00e51567b465f4f8b3e1556c259dfd8d6fa720dd2c71e5
xj_rmx2200_2	2026100601	b4e9d6df4a61acc553a45f88bc527f5d314dfbaef27a085d7fcac200a5c1adfa
xj_rmx2205	2026100601	a08e74ea6378a6f4416f292602d9420b73d161ca79aad695b0455f02f0d0ac5a
xj_rmx3031	2026100601	a45190d8cfdbf87729d64ddd0743f5a1a8787dc92e97c3e09340a4724b390629
xj_rmx3041	2026100601	f041bc073b2bb3e993f86c62a4da157d059bd95a783052089d86e3d346200a28
xj_rmx3042	2026100601	9c3edf7c3bd9d7dd5d02b5048686e78402a357c0c1a670a146fe8f318f2d6768
xj_rmx3081	2026100601	1c16d52365b9f2132d498df42a0fe7aaf807ad1c73b08b3a6b7176f7b9d37285
xj_rmx3085	2026100601	7edaebc8e0649dfa43aaa5c44f89861dd317393973b2acf32e1d7f86e130d89f
xj_rmx3092	2026100601	9aeaf174c944fb3392e64f0d418f46cd2dd5636727321487a1e1f74ac32e8c18
xj_rmx3115	2026100601	fee011c6f726a0dfe5a632ee165d301ebee25245d8c1e12497b837c8421a6822
xj_rmx3121	2026100601	f5d8b46c754d555cffc39d337188f48ded3c0535c1b7053e709d7e0291aaa4d7
xj_rmx3125	2026100601	6566c6c8776cc047af5d19c973d7fb4a665063589691734083f4c360269444bb
xj_rmx3171	2026100601	93d27a43a427c672992e4bab358acdb44fd9901d015ba501325642eca91263a6
xj_rmx3231	2026100601	4ea01caf15c78a96557a328f73307bea020a1d19bf88e7f1878c1fa32304e428
xj_rmx3231_2	2026100601	dc74b18cff352e01375e962c2603f497688d6df16e1ec3529f54421289da41dd
xj_rmx3241	2026100601	4d790528ae9d29056074987d3824f63cb2dc16f352ea950a6271f01cb3200356
xj_rmx3242	2026100601	507264368b86c8b49f6eb41b543f80761f4bb1bf3a8921fc74e2e785ac9c79fd
xj_rmx3350	2026100601	0a31d383cb1a10914a2ce3fd5548dd81461021ec99cb542da5f00c17da164da2
xj_rmx3357	2026100601	a41c0aabedb11eae42a586283414075a9f5a89325f919a129e79c69be85c88fd
xj_rmx3381	2026100601	ef5c2ea038315d60b7e0e027a26e9ce4aa6ed9ba764bf1bab63b27866400297e
xj_rmx3388	2026100601	76165c9df75a3cb380eb5cb7842e0ed051a0b7565bd316bd99071489f4aba2fd
xj_rmx3992	2026100601	557e1231346e852aa0263fcc016d513def434627ec873c9a702e7554140c7d2f
xj_rmx3993	2026100601	4e0f6063f88131c4f2ceb5f2ab441ee317f33e14245ce2522a71c5e000c2d5dc
xj_rmx3998	2026100601	5e964a189e0d3b881bcfb015bc671f50f303e47dff0992b8dbc46ddf113193e9
xj_rmx3998_2	2026100601	b37dd05705055f100ae89ce57244def78938503c81c4d53fb9b52cc328fa8256
xj_rmx3999	2026100601	6de1ef8eae3ed5f89d0f6aacfa62fe541b1d574a8b4c9b97d9e7940a67d70bfc
xj_rmx5125	2026100601	9857a6a8da17149188cb78a7499190f405a11f8e7bd5b0775062b3ac99ba162f
xj_rmx5266	2026100601	e9a17614bebe5fa3c10969fd1f3f33a1b7dc6c2da8a6bbcd7d04531b49944b98
xj_rmx5270	2026100601	85ed2c5ad888c81607882246997eeccc41dda5c345755bde30212a25f56a17c5
xj_rmx5363	2026100601	7f7e7fecd85e5721f840544a281f825c0fdec59ce415e509e31717f8cafc4e50
xj_rmx5366	2026100601	deb7c066e0c8270c31e00f742ad398eadb1a124a92801228c8240fd867003463
xj_roadster	2026100601	c2b9b8048b6ee08925efdbc9e96c54e283fd06d416bf89d55f8f0c1c8cc1d8ba
xj_roadstr	2026100601	398592d74b6a92543ffdd5f65b93d1d6bfc1301c94b7a76199d716656607653f
xj_robin	2026100601	d83837d2d6c187506ecb147fcfef1a1f057dae4426a4537c0d4d85c6b0f28e34
xj_robin_2	2026100601	74103f701904d5edde5ae8f403272febd8932a57299071a1ee0c9910b37f90d0
xj_robin_3	2026100601	2c72f571f1f52bd2ea34a57a30e0d145ccaf5f58e78fdd2170cb29f6a0c60e1f
xj_robusta	2026100601	098b1e7d5492987e37aae7f46bedfea5cb72accb5ea987b5551755f10d909ae5
xj_rock	2026100601	8b91297e31bbe506565786121f53fb0c9ffc398e3a3fcaba8c62b040057f6262
xj_rock_2	2026100601	008286fe040a846d3d01c2a0ac5f0145d032c74e8430c3a4bbe8e266c5de10e1
xj_rocky	2026100601	34f2c45c3ba7e1652ef6def919758613cc70ecf6ad9c3d8c07611a5e9b3a68f3
xj_rocky_2	2026100601	ceb41ad2c8348b79163c866171763d8413ba6025e2c3971b01f4a9f1f820d9b8
xj_rodin	2026100601	0239d8cd5244b12ff629ea17707d12f666c8153ed327b66e53c3eb1dd985d2b4
xj_rodin_2	2026100601	d3c0fd44fac2a7a6147528117d14b9945b49a4944c360a8d003bdca34d398cb4
xj_rolex	2026100601	60e3686b4081de7ec213c49ef59bfb73f863133116792915c08a4377dafe6ba8
xj_rolland	2026100601	a8f386a5d6299b252cb4b75dc31d6c6f557eb89ca07e2919ffebce81aad93ac9
xj_rolland2	2026100601	5e79819e7e9e8542eff2b08b7662a14c10152d19320d5bf6c64417db2403a9ce
xj_rolland2_2	2026100601	917c225d2bd38a3b9d4b63bd597e574695510130a1a6d8415f09fc5edf1e7e1e
xj_rolland_2	2026100601	2cdea90aa146a885672add8505515e327bcf300cfa7a92f72de73b19636ee1b4
xj_roma	2026100601	5e94b537cfa50f64c9da3db746d71dbf6be8599b3118cf7df26177d476161d4c
xj_rooster	2026100601	522b6832cd038fa44adcc7316fe3c46d6fee149bbbc7fde921c3d2ac55eb9e1f
xj_rosemary	2026100601	dd52eac2bcd236518c2cda3ba8da919c305dee8e36d521d941c2290bf5beef70
xj_rosemary_2	2026100601	8adbec401be3ca99eee039933b8190d66aaa26deab40925dcbb352e62ee4d203
xj_rosy	2026100601	5d6b941eb886cd4a07eb486133fd8597dbd107259adcd25d36cfd5b10be158c9
xj_rothko	2026100601	15eb7108bb33a9afc22a9e9a46cc21648ef39d50a0fb4f0290933c2c7f58ad78
xj_rothko_2	2026100601	b20780cb27308fe83e295cc12ae3079277eef38f3a5378e35a1b62a151371521
xj_rowling	2026100601	b48c3c5da9398452aa7745dc0b98165de6b981188036eaf486bfac4b20b819ed
xj_rowling_2	2026100601	510cb0577957e8055b056defd7c4809a983ef0466d0ebf7ab81c7be4c73d7845
xj_rowling_3	2026100601	0c5ced46d407fb4f2594d369d141389a8a609c5d0e6354b572f8d4932cc0cb59
xj_royceltectc	2026100601	91234b838eb7ef3cb090907f5e997f92dad7801157e2692b6c8f9f86415e0a3a
xj_rts-al2b	2026100601	4f27b4acfbe87dec516217a98b555a2e7964fb8fb1952806ff91a12ed15d1f8d
xj_rtwo	2026100601	b939ef1983c0a96c0c0847360cc59b7a507c332644a7e618504e7d64b34351f3
xj_ruan	2026100601	95402f767834d65491540ee19e32938f7afa1b3ea29c163c022cbf8e0ed06b09
xj_ruan_2	2026100601	ff34bf0137811f7dc4a9cf91bd42c54ac1de247ea9065cd71b3c56a9567d235a
xj_rubens	2026100601	89d5874e5f2c61eecbfbdd14cd573bbc4b65b2c87478b6de3d5b2efcf51c0d32
xj_ruby	2026100601	4bdbc626fd485320449061661df52bfb7af1edf57b2f4a8e59246ffbf7e3cf12
xj_rubyplus	2026100601	de40274e14d4cf39a1c35018270b68e8dc6ddba5f48d6f66ff6b9c6fdb3dc656
xj_rubypro	2026100601	a3d39071ee46b74647dd5b1804fb33395640cea4f5cc3a19e6e90bc8e278e919
xj_ruyi	2026100601	1102fcb83006126b3188cf9ee84a14cf8783e71c076a6971c9b474ced714ae64
xj_s10-231l	2026100601	8757e29bd2f9245526a3c13f3d98759b76971817adf603b3222d81bbb9ae5f57
xj_s25	2026100601	2bc4f4576b5fcf3d9d69f2019895713b29ed75d5c8bee6d36b0b406d44c4d9c7
xj_s3ve3g	2026100601	43017f8863bb79b6addbdaf258783381ffcdf69b0880ce25a9f8cec22a556e32
xj_s7-701u	2026100601	b285c3c3a38ac705fe236a218bd3ad7e3c3c013650c7375a7d6ecc6736361f96
xj_s8-301w	2026100601	aca986fdc5368174b96727deaaf5604c4242308e7485012ec2b44017c6ecb699
xj_s8-701w	2026100601	c2bdf2f212de1b1ece479293cb0fcc7ffbb2279f6db4bf39381036704c99646c
xj_saber	2026100601	46324f2437c7900b0d83a6785d1fc9dbb559c68bc042eb5d97159275fa0f9142
xj_saber_2	2026100601	812b89431738590e847237d0f58c03a06eadaa9fb29fafb1e2550982360b66cb
xj_sac-a0	2026100601	a03a18900e1cfc64c41fe2c44072858edf129ab3a6ed49c26c90e35664de6bdb
xj_sagit	2026100601	6b6bc13374debe9a27fa6802f5b9210f76998f46e307d46dcccfed5b955ae25e
xj_sagittarius	2026100601	30ae6c685737fdc9e4fe1c7b028286f04e3f19605f5ef9273ece4cd8895f6d91
xj_sagittarius_2	2026100601	a3d83e16b894d2269dc371d72e0450038af7c9a7b467b1852147cacd8f282505
xj_sagittariusu	2026100601	d317e8c2abd565dde5faea9b8a973be837c3636f6bb9813c0e63daeba94aaa7d
xj_sailfish	2026100601	7e14f4a16959a6a4931d684b7433b5ac11a3ffbb5c002ecc4d1054a7566083ad
xj_saipan	2026100601	8f6d2b360fcccf7551be7cf2e113816fe174a1276b529f844ad88f2db57ffa6c
xj_saipan_2	2026100601	e98f4ab586a6799ab4a15ac1a2bcc4193611aac3121eba4a62248f877b4c01b1
xj_sakura	2026100601	196635b4a3642c611bdcd42f66e5d1057312edd3369aa4edecdcbf3a1141d051
xj_salaa	2026100601	034f6e3baba69dc71b5bcae9737319f9c0506ef34e4f7cb85ca3deb65233bb0f
xj_salaa_2	2026100601	95184fa1de9c4eb112a97db0625649f8c96067105f639657f1d38bacaf67a875
xj_salaa_3	2026100601	3dffa33031034fdda9c06d5e23722bd3e0ad63df6a86cfe87840cd249866f67f
xj_salami	2026100601	60e06c2b8498c4050664f7cd9a2094b7c4a70b1ad65a2b33d5145a92c8d50fcd
xj_salinger	2026100601	6d3359ed0767c92a8f53f62cbeb35bfbcb6cdd445ba37a2e8c14f0b705c06210
xj_salinger_2	2026100601	2fd3e0c3c67cd110d6763d039948660948455cef142152f7ca70a4ac005a855c
xj_samurai	2026100601	e2049ec7103ac6d347ba87910c918f60c8bb8e25d290d3b4154a0619a0b74a46
xj_sandy	2026100601	ed0a52d40a2150ccf9fe53cad8f84936816d6b073b8dbc0101f019ff86001fc8
xj_santiago	2026100601	6d96b010806113b1117058b185a129cc9f326d6a7f4d0d2ea6d69b6f7556cde3
xj_santoni	2026100601	9a47083a9dda597e60b99e7de889d768ce8174b43889ad5740d83529badabdc2
xj_sapphire	2026100601	829a510e3eb759c6a49df3c038087cb2a7b36ff6d04e77d067c7d7782c930a1e
xj_sapphire_2	2026100601	a1c1f15b27f966072d8c59684392ca254d6b09019aac2d0642842fd287249013
xj_sapphiren	2026100601	d32a774ce030575aaecf5f0006d231106f96701c5815511d84dbf8d1d8db7aff
xj_sargo	2026100601	6152d941363334ae5e0fa9c6ee90576159b8aed12bfef44dfe4cef0850b87492
xj_satsuki	2026100601	f29da5c3ac90ea0a5dda8b55602d2bcb7207d2b615217a28e8c93cae38886e0c
xj_sc-01l	2026100601	99425b4827f3a6f8be6516730638260e5a988a918b6023851584cb344078b808
xj_scale	2026100601	0b6be1315de3ff259b3a48c8c9b0efb6ab4e46798d0c9a1aa17f0827a4508aa2
xj_sch-i919	2026100601	6eb7bf00db5f1a4ecf25107b0d125670b7d24d46bb40de1e29ea9ebe49d133dc
xj_sch-w699	2026100601	6979f325858fa2135097105af90bca2bab159a09d7f3d63cafd0ac73efab3a76
xj_sch-w799	2026100601	ab99ffddae68da639e32c6cc51fce1a4182d1f2aff6329e0919378c7e43554a6
xj_sch-w899	2026100601	d2632c9a7589315689af450de0846d25c75dbfde2a8d9f1bbc2189e11c33953e
xj_sch-w999	2026100601	905cdd8a4fd5d29fdf54a99debd8e0429a1e754fa825e572875496fd4f04bb71
xj_schubert	2026100601	b167d8e80d6eb7fecd4310afd9bbd9a03e0a96e62dd551266ad1f0c9d496dba6
xj_schumann	2026100601	46d59b0b2fddd5ac254b370caf6e4ce206cee84c6bce580700f84ef112dc85f4
xj_schumannr	2026100601	7929ef006b41a67e45f07db3b075f5a17874ca181dd1a73fb5ff059f6b1db366
xj_scorpio	2026100601	cdc49674f5031ff23f3c502a3232c6839de66f1469b872c2e6d607328561c59f
xj_scout	2026100601	7a3cc5bdf30c175b39ff790f28b9c71b1f1b5e6c4e9131f5bf3236f3b7c301dc
xj_scout_2	2026100601	b3b21da4bfabf9c428d4336b29102cdd64144d12c815288c0ebd98f10d29eec5
xj_scv40	2026100601	a4ae4d8e50dcd1c5656e275d0d375ac8849c980918e0936774e63825c4585c76
xj_sea	2026100601	0c1d9bb09beb7c6888fa8c0463e9e5cc8a3cf6d7925506798dd6230650963e51
xj_sea-a0	2026100601	2b5716715f990ad5d89818f5b0b7600c5920dbc36ea2f5da9a8c693e69140946
xj_seattle	2026100601	141a785aabe8e8d21a52c30acad4b0609d2355b63aef997b619e3c7f458779eb
xj_seattle_2	2026100601	6cea75963a185726fee55a369a20992a4e1c89ae3b589d13e4a98a14e3304526
xj_secret	2026100601	11905ba3db66a9cde472be743ae055940cc18316d2afa7019612ae424974b638
xj_secret_2	2026100601	0e2e166aafad221209c8f3cdc28a287f8071b2f76ca88e9a609f44d285fb8dea
xj_seiya	2026100601	f37cf63cc1bf92fc6db5d8cdd6be36aafef827e595f8b8ada0b00dd209e8221d
xj_selene	2026100601	d547c5b0b638021889bca339cde1a721ea4d90ac883ddfc5f91b043ddf6405f4
xj_selene_2	2026100601	19b3effd5aad6021a388bc6780b82bca548e16954c11250db42adb29fe0369a6
xj_selene_3	2026100601	a1e963f00caee96d7caab9c02c0d5c5b2fbb32b737250021dea3b233f4e98375
xj_selene_4	2026100601	f634f0479a5aba647030d4673cde37d54bc2224df6996d40d7ec4ab3622316d2
xj_selene_5	2026100601	08aa0c5231ed365f9ada3d29fb2f3a4eaccd5d12df393b3d78ebf2ff12c110e8
xj_selenes	2026100601	4be0d569dcb60dc413315249e132e297180026807f1816e36d5d31cabbb67ad6
xj_selina	2026100601	51c354daa9bec645a58d708bbd4c2edd8161830eb69c5ba0b08514f75a8af996
xj_senna-a	2026100601	abbd285f7cf4cbac1b14fa0e63a02e21744dc1d36f851ec322c58f0229c4bfa5
xj_senna-b	2026100601	75e5b05c0eca3e5df3ddb19dc544028c0a7f2ddf58b4423b55990ebc203c0451
xj_senna-c	2026100601	054ffe953163268d9677cc8e56f7332db80031eb14c6a46b2c19033b9b098c76
xj_seoul	2026100601	53a0a7715852dabdd06311e194b1982cffed68d9a0230bc68cc2318fdeedf2d1
xj_serenity	2026100601	f6f2d2d51a1f251923deb717e5d56d16083cc162699781b1219fd59b6c55a5fd
xj_serenity_2	2026100601	51aaab80f5e2f247c913899046d7883b0e4b39ac87dd59e9e35c77df994e3c67
xj_serenity_3	2026100601	94fff790f08de7d070e7dbbe96ca61ff555f1ec1354f218e2431e846716bbc5c
xj_serenity_4	2026100601	f460414cec1f20b0a215ab8efaa7dbdcf783b9868d3768253dc8a7870a99b5ae
xj_sfo	2026100601	8bb044e70e07c7437b6a2182140144773b5ca2a14c4c88b72c7e48f08d0ba977
xj_shamu_t	2026100601	a670a0deb4f087cb579edaf414a1b3fc07a4400e5c9bd70becc37b031ea5aba8
xj_shark	2026100601	aef43593d8e9af96b3f1e3af88454d71935fb3539336b36cb3cfa5943614dddb
xj_shelley	2026100601	20302dcd4a0d1239d8892a1a56dc7f30aa8c5a88543319858a690f2d728c4f1c
xj_sheng	2026100601	3ae72df5b2a803a6ebf7fbc458fe10d3d786dbe714a9af5406fae2f68d734d2e
xj_shennong	2026100601	b569c1ca151b5e82ac0de263fa05d610551208182a8ea47d1e9be8981a6d68a3
xj_shennong_t	2026100601	c0014bd18f79aa042fcd7910e81ffb68bfac51638c918fed7039af85cf6218ca
xj_shera	2026100601	b299d7ae6a787e7446e53f724b6ff13db81da3bd16ae34643a09a8b5923864b7
xj_shiba	2026100601	a46fba73cf2c2b6fc88dd919656c77e66417b0465f093249a01cc75676c73e44
xj_shiva	2026100601	46cf139cd8f572ab02e2cda09632830a1461d608b79bc7e53be21396f7466e86
xj_shuntian	2026100601	2e1abd897ceb87331a617faaf4b75157e0ca13eaa1a2065b0f136f016cbe5cca
xj_sicilia	2026100601	9e719012897b53a6f5e345fe99583c256719c821ba1ee911e18293452b490a08
xj_sirius	2026100601	4090da567021b62d2628d064c1a860305916fe331c2211b5709b14fea817989d
xj_sirius_2	2026100601	e5790c6901b450ddc35686f21045a30389ad85d7f026abaddb4043f34eed0668
xj_sky	2026100601	17b13cb7116e23703afc1a7ccb7e153cee5f67ee5408a0a089d324900d4af11c
xj_sky_2	2026100601	b1e1fd6fc3a6d59ea1402c937981c2baef1a0d443ef37504bcebcd0df6e1549e
xj_sky_3	2026100601	4fbd87c7520b4254924d22805530c4ef94cd26eb68dfa3617bf7d08bec7de874
xj_sky_4	2026100601	bc98b99c4839f1eca184d20ac11bbd919656fc00684185c2349b080ffb1e4360
xj_skywalker	2026100601	3cbef62f01fc86e31d5f6965109d9a3d28fb3616d1935d414d35a6642556b1d3
xj_slmh	2026100601	93c5d91c279699881e92c08a9139a17f1f2351f3aa93e4c3ca572930a1137942
xj_sltechn	2026100601	199909abd669b0cec6ec60714ef041220da125b53616104ac471866cb9cce672
xj_sm-e476b	2026100601	a4e81d2536db16b4512515c0a4c63ce5be1a451c84049503030acfc515eb6fb5
xj_sm-w700	2026100601	0aeb0d5bc44fdedacb0e7b57221a3511278cf6515e501434f34ce8e4097397cb
xj_smith	2026100601	a36308fc48c8979819a46acd4884eb5a6112683247656e25ab86360c859c2f90
xj_snoopy	2026100601	c1297aacef6cca2e05838b0094c1e068f6bad05385002560ea01170cfbee6ae7
xj_snow	2026100601	818aac0eb70a907c28497537c3d3d5c0007514db8a742a6bc4fd88e7123c61db
xj_socrates	2026100601	36c7e885b8320b08c20acc1f3b6ea2bbb1de0dc832dfcd8d6c321a4c68d6af60
xj_solo	2026100601	799bf380c86cea15f1cb7c5d6bed96f76c3cb3c1f8037ae08ca459d15a9c9caf
xj_somalia	2026100601	2866a4276c7bc56bedd326eb1c2689e20bd91bf85fef97eb3902cde712eb2e3a
xj_somalia_2	2026100601	6be7216f42630eef924fd4a4e2619de4930e23c235433d9957eec7cd96bb9ddf
xj_somalia_3	2026100601	c7da28bc216eef82b1b2fae543de9e8efd7083b1f763e0e7711f161789c6d880
xj_songyuan	2026100601	79221d58d9bd600125f2e2dc40bef85bd425419bfa9a68ea714b09ca20ee9c33
xj_songyuan_2	2026100601	f92e7272185f24ea5ebc30dd89d2462983f721da9efc41ea2b16a63fa05e0896
xj_sonic	2026100601	9bb1277ea0f24773275fd1c3d4c7213b4720a5a10b7d055cd65ebbe9b315888d
xj_sonic-s	2026100601	390bdcb9c9904501a371c06c31bc962324b985362f23513b83b2c6d198cf93cb
xj_sophia	2026100601	dae5414c5f9cd765e8b164a3a1183b49e22efb9598eef366c8180bcf5be09ec9
xj_sp101fu	2026100601	d5712cc368ad3ecb5f593cbc1f255c3e77edba100c9fcf2141c02d2691c45a2b
xj_sp523fc	2026100601	0ca57930de1faf864802d3fc2de7258bada024b90c6435e999ed1561a68fdee8
xj_spaced	2026100601	06c8704b4565743a04d352f6b1cb557e774bf63f60047c58bd5ef474c32d0a16
xj_spaced_2	2026100601	6a937bff351a412381b9689f79e3384d34d72f1220eb7c3ab78b51a2e934a220
xj_spacewar	2026100601	ac64ee9106a2c33cb1d0fa5fbc852e1d46d0fafc072d6d9f964db65f68f88fa6
xj_spark	2026100601	60e2daa738ab63e8ba03965dcb36ea5c03fc3e367baf048aaa5b9e8fcacc03e0
xj_spartan	2026100601	3c9ee0c4f838dafb57acc558187d185e85f9ebf1f3867bd8d9de53cff8892543
xj_spes	2026100601	3694673d37ed07318d06a5371cd92b242aef31e4be14c1c6938913c74c75c6a2
xj_spes_2	2026100601	ab1483de7a82cff091fffa94828e2d461f97fc938e279ba27cbff50c386e10ff
xj_spesn	2026100601	28752da9b52b90805af5f6cbf364dd2bfb3053de9612e446299bbf2de0977452
xj_spinel	2026100601	2ac216ba3c2e9aaee82145f7e6829baaa762ac319a6001cfa43c51b4ccfe414d
xj_spinel_2	2026100601	667990d3c348a721453784dc4bdf8514f11a9241e6d7a92b2073fe6c330144c6
xj_spr-bd00	2026100601	a986a5efda2bb17c1bc48e16bf37b8db2acb0fa648f0b371bbfab8dbc2ea852d
xj_spring	2026100601	e1264d137a6e0e6a12655aa68dddb2521c7abf187003bae5aed4078e9b535f26
xj_spring_2	2026100601	2990cbe86bd81788710831791befc1e07b889fb3826ac7aed586a50ac203d7a5
xj_spring_3	2026100601	ac743a592ebad95ba762df83f1a04ee999813535dce47cde34d3176d8b335d9f
xj_sprout	2026100601	05e7ad8a0eaaeaa8406d78d2dc334444b35946494d5d16a438be5197e8e19117
xj_spruce	2026100601	3f301bc3d4c7f04db295902e47adb43a3623ba54f71190e321727106abe891d7
xj_spruce_2	2026100601	dfa5b7163680efea1df10d6d767bf78d048dd950649c5274eeede028b32f16b8
xj_spruce_3	2026100601	9c64bcb2a38a4df67b281ed646ff0d6f7f6ea3d720d8fba305edbe1fb6062bb5
xj_spruce_4	2026100601	9a865507df9d03480b0d6515eb1e26239e378a5ccdaab37e58462f7f9b6393e9
xj_spruce_5	2026100601	b6917867a0af2da8c382687ae585d544a8000897d7952321c590c02b46473f0e
xj_stallion	2026100601	913aee23b0ab5b351d2f17ee1e7935d4a06d4a227729314a5f2460d8c07802be
xj_stanford	2026100601	c993ebedd038aecc7de90387d273e1f4cbccb5f1ce91b4c82576f0cd652d0bd7
xj_star	2026100601	7b70f1bade317122eaa4a21413206570fad76af21302b6b98a118894208bd99d
xj_star2qltechn	2026100601	85e23631d22af77d33787faa1b8dcc28cd94d31fd7e4e43259a35f9f138d1c19
xj_stark	2026100601	62882277b4c60d6a7dd7edf73a1ba2952c1bf5d7eba4d79cb216dacdd9711075
xj_starqltechn	2026100601	8f58df6b1ce4aa3b6849ea8f220996f6ae670d0875cc67ddc678037c059296a0
xj_starqltecmcc	2026100601	a0c5ab2862d9621f00022b4bcf9632d495990b8f0fbd2bb21c53f15c1c9b917e
xj_stone	2026100601	1fd52b6c64cf2619d154005010fa04f7bf499429cc4888eb52a225f064c8a4f6
xj_subaru	2026100601	fed60a7389cabbc56a19abf25d9ce4cee9b6cc9a20d1f8698b74d22ac9b93890
xj_suiren	2026100601	eceb2b97484c589dc92970a3e1e41529f8dd53616e5a4a78b5b40f1f55f350b1
xj_sumire	2026100601	076d1aced4031bd9f0255daef9039f8ceaee7eaf4125560326aad938c640a16e
xj_sunfish	2026100601	f94e1da7d4497e1a49e6be669da6b0e44326c7f85593f12cce9881d51a94f0f7
xj_sunstone	2026100601	97b7234f48fa75f7c76ea5f55da2689b8aed201d605abd2c78791e959cb5d35f
xj_sup-bd00	2026100601	47f70edf6ffe816aded59c387f7d85138dbaeb8e36b0ce70d9a55b6ef7eaa830
xj_supercontra	2026100601	8cd7f63a82bc7c9b2a88b2fa4527cf98e269b8da16ff6953f0e4170617d3d00d
xj_superman	2026100601	96914006f5aeedacffc877d60c59638b7e7b8b025250e7d8873db8664bf1bf4c
xj_surabaya	2026100601	954e43ebe55395b76e4f664820104167ac8201a9b53ef8511175bb60d4f45eed
xj_surya	2026100601	88b89852747ff4137a23de8d1ef3a9afa2bca06024d31e8d293ced8345e9e7d3
xj_suzu	2026100601	fa7c5cd85d2f27664f0ab38ab1c2642f3a6459136410ecdf31bd01b47668199b
xj_suzuki	2026100601	188571f76fcf327f3793f2047c4fc76f030e1145cdd563e98508b12b806e2514
xj_suzuki-o	2026100601	c5b63c3e55e6fe0ee56ba29792ff021691f656cff57b512ea9d62e81bae334cb
xj_suzuran	2026100601	09a46ff7cd47db68baf7003d31d84597a660bcc0601243a3e917041edaacd9cd
xj_swangoose	2026100601	2e008301a5d39b61ef32e2b942551e7b587e8648d311c3f9fe6b48fafe42a3c1
xj_sweet	2026100601	5fad839b9655c57fcc0ec00a702f0f9f3944e0e4c3a2bc4f1c5fb6d53dbe244b
xj_sweet_2	2026100601	c471082f9ee16e4c03a053f91a965281b553e48ebd7c31c6c5a627ab2b078afe
xj_sweetin	2026100601	7602ae0d0a9621afe96a3615bb42f394a392551d10429db60635d0992a506a3b
xj_sycamore	2026100601	ae0fd396f58ab62a6f7ef4d6da21f910e056193008d1d4e01e4b0677354d1381
xj_sycamore_2	2026100601	3112da06e21c1b360b67e0def6009a103006ed14c14a80d56bd66e56f2fe899a
xj_sycamore_3	2026100601	7027766b0fff01a67086017a8799137ad9ca4852e7ad5702b602b7ebc11ffa54
xj_sydneyi	2026100601	07504ded5d1691147890d863d74921fcf1ed840b0f4b72feb23bd18af829f6ad
xj_sydneym	2026100601	5d0446a24294ba16f714921c8378cfa4f522e69f20f0c0325b6f84dc51d45e8a
xj_t03gchn	2026100601	18cb3de3f11b0a0b3bca5bd6e3f582a26fa5ddb405afae7523eb929ebb47d8b0
xj_t03gcmcc	2026100601	4c748bece8da020acf651e312ea7f2ee30c307517d7d664ee293d506e0a135a7
xj_t03gctc	2026100601	e3f5aca9aadf9cf3d8eecb12396b204066596b7040d33fd54738c62d6bc53921
xj_t0ltecmcc	2026100601	aa21a53a610bf5cc1f79b5e375b0e895afc04105a4af1d10417ea9c76e9cc09a
xj_t1-701u	2026100601	d22834291ec6ed0c37273e1d5b0d05b86892c9d8b92fe4363d0c285f672aa6f7
xj_t1-a21w	2026100601	e8bf1b8b0fd05f02cf9344f456b12f70004ad08e8458363a91276ec529c82fa4
xj_t2q	2026100601	76a29e08fa95ff865e396162923af529096c12626bc4cbd9352ba0777063957f
xj_t2s	2026100601	f526ecde3921dca5c695fe3af3ce366f413a415676a00aca88fd3f5fd75bee56
xj_tacoo	2026100601	d364b5ce86ca8a8382e260851ea833de04974dc8a482db49be4582c93dd94320
xj_tacoo-b	2026100601	feb2610bd85be7a825d19a1641ed3c7b13e4c908990fe647dab4102fe2c6a3e3
xj_tacoo-c	2026100601	02be7bdf192a8badb7e0cad6dfe7d142008927c3cd88dadb28980798abaa2d23
xj_tacoo-f	2026100601	a55a84635fd5e9b055109595104cb3995ee6a3e94c1fe1d4043ecbce631cb80a
xj_tacoo-f_2	2026100601	0d8b9456b891b6842d112684a91997c28d96a435cda946db5e8e3693cfa5de53
xj_tacoo_2	2026100601	d883609d67d6a337f008640b6e80622fe17d2dfb316fca70e8430de6d6cda2b7
xj_tagore	2026100601	93d0798b8eda90a1cb3fa929416a85ba5fba193d743fd716521844d6bb7c8c74
xj_tagore_2	2026100601	c051af26799dafd089715dafedefe972ee3f12959af3ac9ca9dd3776d8a0b9d9
xj_tahiti	2026100601	8cf673b32889a02182b37e02778e86fab6927f66c371a4af0ef67033eb093712
xj_tahiti_2	2026100601	c27394a1181317f87de2e7477c04197d3a2b58cbbabc22d01cbc3935190f1206
xj_taibai	2026100601	e0dada298dbb9acfee92dfa1040e406724d4293cf72057beca9b4a54f215e57e
xj_taiko	2026100601	72a9695eda38a222634b463e1c1fc5dc1be75ff065883f23c1ce49aea2a0c584
xj_taimen	2026100601	81e007d094fef96f90154e04a4b8880027e72aaca10b167376c29cf02c450d7d
xj_taipei	2026100601	2ac05ef47ec57e12d1fc6b2a947d9a01bac59688cc676214e6982aaa377a3ab9
xj_taisun	2026100601	98c179202889bad3f69c65b91d746661e827315f02f252a8b12fd01bad6681ab
xj_tangorpro	2026100601	0c16a4779cc44aa996c8b82d82cfe77f97a198beded652d4f74bc920d4bae5aa
xj_tanzanite	2026100601	224e5cd354775108b1b9e7fda95ef60a5472a2f64411b97e93f3fcb605ab5e9d
xj_taoxingzhi	2026100601	38807916522c679cf807d97a88589d3311e2ed16c57e52b43218f98cd73f97ae
xj_taoyao	2026100601	9675530312b18a59a86e80c5a92947899b22f1c638f47f390c31028976855750
xj_tapas	2026100601	9c27d03849efeb22b3e31e2a69d024870f5491d7ab1c2c156a7ad83724f90b16
xj_tapas_2	2026100601	38bfe71f6f61a11841f69d57b161035f38104aac114c599a15444d01dd6694c6
xj_tapas_3	2026100601	e2b92e94c2c833a74e8f507ae3b97f035102958e20e81b3cf25afa12c552ed7f
xj_targa	2026100601	2199627c20908fb9f6cfb89e7de04e6ddc844155a880749fbdcf1a1d898a52a7
xj_taurus	2026100601	c45ada65fce8d1a8d25983d284ae66d8c5c7aa749ab5ce0401f0fd806a7ad571
xj_taurus_2	2026100601	eb08cffc6036fced74a3df28b124f68519df5a8bbc5f2c8f20e0216f4a29b475
xj_taylor	2026100601	cd33ae2414acb4871cb3e42eaa2355911b25b6cc39b5a9a24fdf93cbb204a739
xj_taylor_2	2026100601	b574c86dea43ca7f7ad3d627de611e22d5c097af142ccb3c41bb9402adb420e9
xj_taylor_3	2026100601	b0ab0ae458436e47921390d209c9743fd161a3becd788bee4b16d1d2b9b768c4
xj_tbltechn	2026100601	dff89c6c6b803a4c8bc72636b70e7190cb6b7b43a5a3700883dea3a53c896335
xj_tdt-ma01	2026100601	b03786257613db1213fa07d669bdc9e2b2e8c5b3c5eba757651ac12509180d25
xj_tegu	2026100601	2c50096e257fab0f6321ce814a9479160af18a4f2ba0ed2886dc83f7a145373f
xj_teton	2026100601	7f12a8ff50b8e17aa6eb5eaa8911319eb6203e99b5b591ed681095eae26801e4
xj_tetris	2026100601	f9c26c0b1c0acea3058285b297992ebd3a70c373eb2a935296d15298df63bfdb
xj_thea_ds	2026100601	8ade51bbbba5e0be6e14656265d992c78808c99a2adab933d9588c0812289721
xj_thor	2026100601	fb34d97c6e5f2040f5234b02b5c4e36859003075f8ff57cfe9db3c1952f8765d
xj_thunder	2026100601	a3b2725c7322a8530fce21998487d3c85e5945f43a3c550aa073339ed22f8667
xj_thunder_2	2026100601	f90099b7b96d6172f78f61359e91896b66e42aa2568e3d98b28473c73e79f91c
xj_thyme	2026100601	fc7b499b42d7c0bd379fe2c55262fcfba4205961a33ca598ad257563eed52a40
xj_tianshan	2026100601	f7b0f7eb58af423dc09c8232f0f2e0a51abee9e5b5cb32a24bf11b69865d7074
xj_tianshanh	2026100601	9dc523d840ba00f247c06cb2a2ba8d835664e365573ee6300f36d683b571214f
xj_tiare	2026100601	3f730e0f09eabba60a62553271f4bc10d025bdacf848af41cbc9b7b94febbdfb
xj_tides	2026100601	0f5ec6cb9363c52f536bff43825dcaf4008caee6b609edb0f07c5b2e6c7194a6
xj_tides_2	2026100601	73f698b6bf7a0163373712d539a946b9b1bbfb2cff509e9247b1bacba4da98f0
xj_tiffany	2026100601	88de64db411c539a89dc785584d0a75c896f08780aa3f8cb240e4f303f79dd62
xj_tiffany_2	2026100601	8fe484b25f5a458e100dd4d08709f91eee632ebefe693307e2efd12a30028f85
xj_tiffany_3	2026100601	4fdc3494c5aa9db8283b4ac95b0fcb3c30a1f038b2febaa95d02262f00e8bec9
xj_tiga	2026100601	17055ed287b2a7a401e2bfc0f9b288b211d4176066a76eddb4fa9b534af138fc
xj_tina	2026100601	2e34a715547059484586529e0a07724ba15d94d02bbcfab867e7c83199b58cdd
xj_tissot	2026100601	f87fdbb90263110bb8582068e08375fb4de46f5a92b8f36c062566ab340d44c8
xj_titans	2026100601	1b890638017d30a324176ee67a5f7ab04f41c11f4400d79e52bc734cd78175e6
xj_toco	2026100601	28be34e942c178ddc3f9983a989a4bb4d8e0fccdbe0874427c4f1e469ad5a08f
xj_tokay	2026100601	b3eeba14200637e688789e5f40e18dfbaff26dc9c98a055056a201d1f2b79de3
xj_tony	2026100601	ff977da08782c25dc424972aa49e6bb8a33e67ac5a78acd90ceb5db42c8ed065
xj_topaz	2026100601	0f21dfc760f1588e88e941e4ff1ab5f4c5824fc0f892bcd7ee304e08b8aa7252
xj_topaz_2	2026100601	dededd28073c5b2bc6afb7098e233863671cff6c39968efcf18af7e03ae9a964
xj_tornado	2026100601	6510a0c9e6916efa45982b609ea4c600c7f6e29c160742aae3b3a2e9866c33a4
xj_tornado_2	2026100601	174e1fa8335012a6010e7fddb4380269c01bf0275fce6c6e3793dda8c58cdc06
xj_tornado_3	2026100601	33b2c27ad0a0cc462be2ec66dfb46d23a9be01fbb865fb05269bc08f61c2efae
xj_tornado_4	2026100601	31b8a97f01e4f7b23a29d8d5187b7ce6eb7b99613411808b3c6b302690a0a181
xj_trident	2026100601	25697068d009f082d49ede39603d5466d5e7fa9c2b3b3e0e280b14d1f87f8362
xj_trltechn	2026100601	adc1fb29c12bcc992b5d351b884d0f19771155a7e0436b40aa98afe621c55d9a
xj_tucana	2026100601	0d6a873be4db3fcab0dbb8ccd03ea5ac0109f4e736c76eac99e56082fdf984f8
xj_tucana_2	2026100601	364444b7ff96b9f2cdd26306bea394057f57c4c47a641aa8a06efe3a0cf9dea1
xj_tulip	2026100601	044528259639bbdd4c60ec42f9fa452c85617cb0682c6a71f3b8cb7b38a72223
xj_tulip_2	2026100601	fbf4014fe1776a2cfc7bcb0a4f6402d8cc90e5d6712307674fe4912c4eafd7b1
xj_tundra	2026100601	f50e196f373c47c51092e2403ec5f9b245121c40abe235f68e61a89eaa36fe84
xj_turner	2026100601	159e99e98062318cee45e39e822618994686fa42aa353e27d06e303ed6062a58
xj_turner_2	2026100601	2d13682427ed4cba1852373ab2cb6621431a7b8300792c31fa0436d67347d7ca
xj_twinkle	2026100601	636c64af8e14b14fb210abe731de84b3a1bf513da31df27e795b1ea8bcd3e4ff
xj_tyh601m	2026100601	c970b7a0cc43cfdd19e5d003e660767edc4584e4be4e6c1c8f2c765d5c77809e
xj_tyh611m	2026100601	2f1523e5e0f99aa54a96fb879ac6c61755ba5d7f6427cb077db1f779033e6a4f
xj_tyh612m	2026100601	7e981ec3e365e300c0271b14ab7edf604476f53e77105af7e28e30803a1413eb
xj_tyh622m	2026100601	eea1d8a99f52636f6f9aae2f32442736ab4146165af3dc6a167ca2a80b33fcf3
xj_tyh631m	2026100601	52c39e98ef02697c8ca069a594b9104ee4f534f72290d7a9e1b1ece1da49904b
xj_tyh632m	2026100601	29970dfcd1dfd654b2012d671d618c9e6dc05d0837dd0d8f6aa90542745f7ed6
xj_tyh641m	2026100601	bb590c189e0e4ea5eab0992d9b2b4f2e978da6e76a0afcbceff5b02b3ef54427
xj_tyh651m-02	2026100601	ca7eff5ace6ff1c96cde68e25bb1f23b14442074eb7e84b490b889eb4ceecc2d
xj_tyr	2026100601	726ea8641e724450f8d58d479dca95d124c96fff2ae3f729af98a3fc4d8a04f8
xj_u10	2026100601	89d814835fc49235761fb0870ab1ade86338374c2d2889bb412e2b93a228a31e
xj_u15	2026100601	0b99b77ac6c5dc51f04c8135e2e76bbe8821df468cfc192898e630f25a28cc14
xj_u9	2026100601	d4c66190449bb228d72e439513deef9eeacda1ab9228393bd9353e8f643f94e2
xj_udon	2026100601	c93c7288911c026bc35c994646e6fddd8c22f0273bacb66aae200620081e3df0
xj_ugg	2026100601	ae623a9d8fb3df43eed42b590aa7e446944a00bd37f47d7b7dc721af9139d9f8
xj_ugglite	2026100601	abc914d6179588414be08267d4dcbbd0eaa36d2961a11e0749558655291acb03
xj_uke	2026100601	a334e71170584ff1a28ea235b83e136932c8375ce3405c5ba9462fd79874d8e7
xj_uke_2	2026100601	04f88877e348207ebf26785b7510a971cdaf933d8d219ae98cfadf494c325c3c
xj_umi	2026100601	674867f052eeebc95957c9eb4650002b4b9357f89c7e8750fcd9d7699b8882a7
xj_unicorn	2026100601	b48ca6f3c95a89d0cba3413d2607be7bf4baff7a413f33211e2922b558428b86
xj_uranus	2026100601	e646201e1263095cfe99a381eee6bf111d64913879c6574ccb5f4adea73f599c
xj_ursa	2026100601	26925a703a409e65804dd934f953f5153505da36b40ad3d73c4cc444e2808128
xj_v2048	2026100601	1ec10aec176475e57eeb0b3915fcc6c01af1ee155bb7a2f9bd26160fd47bcfe0
xj_v2134	2026100601	795bae300d099523e94b2c42cc2ea7f477c804eeaff01417deab55e04ca1cda9
xj_v2314	2026100601	cc63c38f5001e280532432be28b37aab91553bd9d41bde486c60dd9c3697fbc7
xj_v2402	2026100601	372521a7b3cae63f40e33b8ebd6acd1e3de384edd70c659637e59478fdad0cbf
xj_v2443	2026100601	1e4b0520a9f748704bed30d3034fb4a69c453321f254a63db922ab479f2c47d0
xj_v2557	2026100601	2cff4f812c94de2d89d99aa822610ee4c7fb02fc6a306ac734a53ea9fd251724
xj_v2640	2026100601	495aacd6fa65d60d9de508966a3444c5a93686f1d5c2262e3899f4a74d4626bc
xj_v2655	2026100601	659864e7fd709a4f2ce56fe6ecbb3dc4d7d0d9f6c25118bd694d8399d5713848
xj_v2q	2026100601	5f97a2b596cfd13b8517cb2684262493c97c150d8bd7aa3e4236712adc6d7520
xj_v4q	2026100601	e9453547ea6d555ec8ce01517b8c5e762162290f216f9592e616369faa099359
xj_v5q	2026100601	5c13ef7b883e777999469c78949665677d0b8247cec663164a26497b73d0a998
xj_vangogh	2026100601	9ba32423b0971136c222c84a61863b08e709cac9b4d8d31e3c497951eb80f57b
xj_vantage	2026100601	bed1634383f8345790ee9abb86c457600a05f9d4cefcf2cc8ee11ec05b1ca6fe
xj_vayu	2026100601	cd08c5e64ae036d1d3076d97e43638de7ed925f64dbece635bf977bc8dcc5b99
xj_vcr-a0	2026100601	8772a96e3f2e1361f70ea3904f0e6ccd1de6e81df472f6dfd89e8ac1707cc386
xj_vela	2026100601	bc07bafdb9791268c2b81f43b9bb9a797d4aca336c890e8aac8623167069b459
xj_ven-l22	2026100601	aa10d6df94a1fd1f6512522b20f359c92b45af1f093096f05a997ab78b0d46dd
xj_venice	2026100601	a468b23d3fadd3002dd1cd1053f5ff19a3803af3eedf0e88bd88937525f1ec39
xj_venus	2026100601	3ac09dd132955b222410d1aaa2dd7d9833fb2660cb09313351278ad6915ff55a
xj_venus_2	2026100601	d7cbb86b730ea8402f4ce85f0c0764980579c9b7c38b127043e519ff39106312
xj_venus_3	2026100601	af965ca69ec18c25dfc1cd17d75fcea82b5861afc79cc8dc5a14d0c9d9507ea3
xj_verde	2026100601	a0e74ed9572a7db5dd73751832f6fe61c446bdf05b3dfe96e69a058d2afbad7d
xj_verdi	2026100601	0d984122cb95ef28b35c2e04be654f3aa556c89866f29d597dadf336fa927aa1
xj_vermeer	2026100601	48ea5957a08278c95315ef08366c22fe615d336c65f752f2c93988bd7a5f8160
xj_vermeer_2	2026100601	537e3c4da8297ca8795ec21928a9ce24f78d21be262ed5b05fe9998326e9af19
xj_veux	2026100601	efdea0e42068d64211db3ec7d9b9ba951368c4ac91f6e63193c50ce92495ae9b
xj_veux_2	2026100601	4e10b78eb88344c9d36bd90f8483cfd52c31837215bfddc99998c4d320d548e1
xj_veyron	2026100601	5c2e2abc8e3d2d01f15790572f9847e1a90f4b4f0e50fd224e7893a946557484
xj_veyron_2	2026100601	a00ea6f9682f5f557ed0070c413e2b43480c3e2853a04cb3a5ee28991d505e59
xj_veyron_3	2026100601	75464d636b4410e381e7de33e2cbd75eaa6534a7f376594ecc550301fcf52c2a
xj_veyronltectc	2026100601	4f126f73c30a83269ed39d59717fe5daf8871394c50b70b5825036b0b4c888c9
xj_veyrons	2026100601	a1243ff5e82053e1830ae7645a474f7449f4743f4d0bd0cd9a7afb3941931908
xj_vicky	2026100601	cdfa262bce130a032f82120c2e60a23391849debd978622aa84a6e60c33832c0
xj_vicky_2	2026100601	25af6fa57b0b940ce36447c7e76b3aaa424bce8ef38845462a83eae6849c03f9
xj_vicky_3	2026100601	dc9b990a1f31dedafe12e6890e0ac7df3e72564dc66cbcacfaf12b5ed8bd366b
xj_vickym	2026100601	833d82a6a10e3bd8c16d1626d57b90dfddef27fd1a25d2b0fda216f9bfbd3753
xj_vickyp	2026100601	3c22253d026010c91a39cdd760d5acc361add33240c4f27e84bd9905bebc9053
xj_victara	2026100601	186b3893e5f2fdcb6a1bdcee0dd77bd1ffaba243e8eb2f9e92720cd8db801afe
xj_victoria	2026100601	190d4b62bcb3f2b46c40cb1f415e7ade62eb30c84eb43061bfd6bca8761b8ec2
xj_victoria_2	2026100601	8f77b88402d787bd0faf8bf1de91f08a58f84fd98ed0d0092563d6fe665fd466
xj_victory	2026100601	11fbf2164ab848c1d28f0095723b13c926f1d76e16f04d45e1e7ad547ede0eea
xj_vida	2026100601	172a2c178bfe79cfb8039221d6a77e475b485e7c9ba024c3a60a48a833e11ae2
xj_vienna	2026100601	1f271d0dd3f46c6a73e20cdad48c5dc764e6c448075c4e398df3839fb5875da4
xj_vienna_2	2026100601	a74fd6eda127be709f5fbebb00811b34129ee0b137c7146f21f2dfb0c5d7d4ce
xj_vili	2026100601	c42b8489ceba751548bab0357b463af0b22f2554625c7bf57ee4cfef810fb027
xj_vili_2	2026100601	3951589510bf958f151617f393ee24df3f8ca087c1e6cd9563ad875d7733979d
xj_vilipro	2026100601	8524cbfe8f6802bacfcbeb01f60f2fb1ec46c4041f806759b44a870df282a741
xj_vince	2026100601	b1859c8bf2e3fb5e91487a0a8e5f940a18ac64848d7e9747d4125c13adbcc781
xj_vince_2	2026100601	a000d5a8a3cb93c31c7da54185e1c704ba76f27c89856b735445a31f263e14c3
xj_vinnie	2026100601	d471fb1a32176e5507cfb6b422dea0ac612c36f3fc74ca9fce5723ae83d9a154
xj_vinnie_2	2026100601	c87b4fca8224ff486e37db44e9c08f2ddaf5cbb38fc373e84f6e57899dc534f6
xj_vinnie_3	2026100601	0d3261d1748bed8dcc4bd582f5dcf3f8a59b796c894b771873442d9166a127c4
xj_violet	2026100601	e206db5923d4716857c72e0b9165305db2d31e9e6bb28b2b44e204e6c067e0bd
xj_violin	2026100601	c12a70f613f875f29ebf1c4b061a5d753a80c9c3aa39c8854da88f4d85b00e04
xj_virgo	2026100601	42edbdc1a84df7e67d7f2d5e83944d30a39b2003d0f7a7f81aa748794b74beb6
xj_vision	2026100601	60be06d878c9079d240bd33b9a127d338787d471e839c95a702f2ed860fb989b
xj_vitamin	2026100601	abf7cfb995f130830fa5da9ecbcefa448cfafdf7fc4fe9df689cfcadb48ce33e
xj_viva	2026100601	a20b117a04674aebbdee8e142d35638d46b2a78508a7a5b7632545121c6a9910
xj_viven	2026100601	db684d6dabe7fba31d58aec28e8b718ee50d1335e5125fb14de17b66122595ba
xj_vivo_1901	2026100601	08e3c4654e5ddc7be0e6d1bc96054dd7552ff75e4bbfbf4ee4017c40ab709eee
xj_vivo_1902	2026100601	7dceb1f406c58b06cdf83d4d8f556678c67e96a3a59cb63e108755c6bf1bc2e3
xj_vivo_1915	2026100601	e5acbdd48275b4284693e80917dfbc1faad5ae5b0768e19a496b00835ae99d4d
xj_vogue	2026100601	622e692acfc8ff3e3b4c8dab3b9b6a1a0888c48a6f5d8f19da30ae6b2d964a58
xj_vol-al00	2026100601	c05b9baa5620ed8c01b8cb50606624b683c7d1ad4eebbd2b661321dcc6210029
xj_volkswagen	2026100601	193582de4435e1523c8263747555b6fb8e8e837c4ea306e1ca7128849fb7face
xj_voyager	2026100601	056bde35ad0a4bdd051766b8352d200957419550096e0b4557564c6ae1cdfd86
xj_vp001	2026100601	4c06a448029c20d77417cb7259680806c68d0644c810b005169332ab4820e374
xj_vp002	2026100601	eb28fa0faebf04afa3e13ab64831d8c3332c99b05283e92a34a6808edc776962
xj_vp003	2026100601	2fb7ae36d0b7de03e326a9eea343f83942191ae2000701bb4809588bbbecd25d
xj_vp003_2	2026100601	a7269f0ca2641d14c0cbda5531fcedf022130ee3b9485ecd881b6de456cc1a2d
xj_vp005	2026100601	1eb3d326dc771f24bdc535f861422747b384a130f36dfb17fd2792b29a3aef66
xj_waffle	2026100601	089225f343797b68c1b17653ec805afd3df84c10195dcf5fc95cbca0746d02ab
xj_wagner	2026100601	e8aab80606dad06008aa1e0c6c64d1442a4a315045eafb824386d253ddf0955e
xj_wagnerr	2026100601	472c3a0eede5500ee6c800a25469ad332b5b577fbf453469fa19fe24f4a7321e
xj_walle-k	2026100601	60273eb6e43897a1adc2c1a9d12dece23ec7fc819f843a7a67c545849b8b6af5
xj_walleye	2026100601	c72845614544321225a815c22f64073135c825e70cd706322905e0744fc7f6c9
xj_waltz	2026100601	db04108fa43e88782a42e9bbd4af3767e9b7eaa25bf54b22f9b1aa85b64029aa
xj_waltzs	2026100601	e8fb14ef4832c2a68b0c599eba2f6974896e080c88e661ce6c8f9ae1d4a0e13c
xj_warhol	2026100601	11944a72696778c764d710f36ce7f16c513c17564bf348be99cb7ada18d94477
xj_warm	2026100601	ec3dd08f30c7056f450f2c32484e93c332f00bbd73f613617f9a74796da04711
xj_warm_2	2026100601	644d50627ed87a72d2caa6f2b8f4496e542d38dd24205337b70e2068ae16e4a2
xj_warsaw	2026100601	f6863ea276f49b75c1773097a8ee6cf898f63a4b3b14684a3b5d34e0343c266f
xj_warsaw_2	2026100601	392fd8225214bca47bda0bfdf518a45122c1a166add38ee0430b1b7f0ef0bd2e
xj_water	2026100601	9de4651c76d6c4d77e50bdbe6444dd9cff88a1b8091f2fdb1c100dbbd586eca9
xj_water_2	2026100601	ef976f64b82046c25ece0acf18db82bf5333d53e111ba68f0f78760a62403fe6
xj_wayne	2026100601	2df97e9c1a3cd547e86e0829b18a79268b7a5917d3824055a99bf1da1a7c4894
xj_weber	2026100601	d3aee1495e1f4dc9e2d652709857170aaf608e1914b3efc228362ce9e6e5ff05
xj_weber_2	2026100601	c786e2e7499009fab14066426c00b6dbdeb0d5147ec8e953ca2b9794cbad37e7
xj_whiteswan	2026100601	af918efb92603647ec9683f543d7f87cea4a27aad7a08644871fb14ea2cd537e
xj_whoopass-c1	2026100601	330d84a4adf4eb7fc782b3bc9b567b1c0d3f3cc10d45bced171f15078927675d
xj_whoopass-c2	2026100601	608c5e27668cf3db35c568f5191b66e4cc7beb11fa90eec9b86550f7e52ff5b1
xj_whoopass-c3	2026100601	924dbb53e606e8ac4114f88ff43907bd4e5635b77ff4f3066331e11f37b227c9
xj_whyred	2026100601	0a37674ff422ed1d1cb08394b40031a6d74e08c2b5ff67c3ddd3d195f472a714
xj_willow	2026100601	35bec17ff36fffb75836129868bbd2ecdfa3959490bc23eb5352ceaf909aba85
xj_wind	2026100601	d8eb2ee0b03feba28652ed1227d6fff121437d2121b517ccdab1a8e7db3dccb0
xj_winner	2026100601	fef4bd0cc73cde5e26bc4e0df8c76b6993876efa43db444ececfd5476fc06198
xj_wki-w00	2026100601	4a13f77df27629ac2db64b221c8b719227b40c12b9b942d7379bfafb3e8adfff
xj_wki-w09	2026100601	3efa1139ee343214886bff9920853cce64747f1e9a96fffbf71963d1b3ce5d6b
xj_woody	2026100601	7c10e0d889b44f11ec0ab3783adc13d1d9aa3ddcd8e6db1df49ea65bcb5128ea
xj_wudang	2026100601	aa6649ff98ac821ce884f707ba5529a242fa404c889f6ce7586a5cabed04ad47
xj_wuji	2026100601	0b14355b736ddc3e29bb553da12869566698835cfa4b8eca50aedaf1de790ef5
xj_wukong	2026100601	bd4d603615d8aef7473452bc8f95e2efadeda2b41e36f49f723b04e5bb530c48
xj_wukong_2	2026100601	337472a4ab7f74c484ed2bab23c291fb61e7bae79a590ce79c91fe63c1e6a93b
xj_wuyi	2026100601	57213b5edd1344175cd56940ba8b6ff012ea9d912e871a3d3174359304a5f85c
xj_x1q	2026100601	cd5b6f756bdd5016bc2cb7868ae352a052a7ba41e21e6ef0f66098150564a42b
xj_x1s	2026100601	e6c051264e196b4d7947a162d12664ad9ad1c93e32d146a2f7d04ea19dd128e3
xj_xaga	2026100601	c10d255c55d62fef7e9f04bcf110e424140ecc8861d233abdb73b2ed318276a3
xj_xaga_2	2026100601	2e1c4af33f5dd60cc136bfbe9cef3918964ae206946b031e9a03ad2f97283d10
xj_xagain	2026100601	a026352e39d00c69674e34db0f75f1846ff1f5664df20cc4541c3ae11a21219d
xj_xagapro	2026100601	0b8287d5c7e2fdc1fab47a3f491cba533ef1bc050e9cb8762c7132806f41e289
xj_xiaoyao	2026100601	ecf19f625348736e82e8a27400e309b58096b97ad2358e99e05ff1f0e1549fef
xj_xiyou	2026100601	4ba243c0e038a896edf513c85b051a18c044ed8f52b9f48107575a9734e23202
xj_xpeng	2026100601	9d3e518ae0dc3bd14827998e842f4a581f54338511ef475a1cdd2e7ffcd1ab5f
xj_xuanyuan	2026100601	0ac855ac429148747dcba652ec4f3c5e09b0c3f1d3081d04f43e0de38605ebaa
xj_xueying	2026100601	0a887355cbc4c2595ccac13e0bf3f1764deeb1d71219635e70185dbea1b59bfc
xj_xueying-9	2026100601	c50ffb1392404a09419ea665e1781f56199881a1d3da5007605907065a18df96
xj_xun	2026100601	5623f2847587e6b3193f8913f24701a9afd8b70d5f0a8d266aad319d46bf168e
xj_y15	2026100601	8b10de14c2153cc53c5a9c434143ce24a141216756273324800f80e749b20ea7
xj_y2q	2026100601	f4719b1599fabc65d8d2a456a0b92ccf2874781d85523fd40ec9b99fd2823055
xj_y2s	2026100601	42846ae5d98b7da739c01678f8119abafc9e78a03327f6a1c07cf776495312b9
xj_yala	2026100601	04388e3c318877c29c12097cb8987619d9eb8387f210a1b705438be7dc154418
xj_yale	2026100601	4f7410ad8c5e377b542a56528c8dc9f5c144a636b6e8f944c2663865953e590d
xj_yale_2	2026100601	d5de36d3d2a155544e8af4d839b22c24b8947ec3858c72fc49fd757609f43aa4
xj_yale_3	2026100601	e797fccb3e113f676ca3c4076c58f412e1a56d8a87acfb3517dedc28b0a7ea0e
xj_yalese	2026100601	691a1a2c753a47e66dd2d13aea7c98bc2af5e5a12668323aa912e19130f5a0e4
xj_yaoming	2026100601	e6b8b1f17e0bccca4f4c4c6c67ad316d2e5c602de41ea77a4b0f4fd99d954ec2
xj_yasuo	2026100601	d23f0f287a84eee188635b12243a3a710557e9156517a32e79fa6d67cc2ca31d
xj_yili	2026100601	50fc6b1323de39df983836023e5325e3f31ac61872397f100b87d8f0752a25dc
xj_yingtian	2026100601	3439c24e882998939938305b4f5222feddb1c4d46935f2d9f04b86d25ce39e6c
xj_yogi	2026100601	ef87ce7faba96f9d67b3a45075ee5cd5e588f724abb43eec530bd048e754caf1
xj_yondu	2026100601	24e6923ac2cb485fb02a965660fcbab771f21f4b0d2ab42be0e8b98229faa017
xj_yongle	2026100601	86d7c1a9c95abc2db6a8e661be9ea0ace72299d13d464473bba53e94f37a9b15
xj_yonglep	2026100601	683401efc8a117571ecf5bc2ac8d29f1d47f985d9faf33123163f58353f6490e
xj_york	2026100601	999dd97f35588d63cec20254b74e16c9810fd7419ed6e1a30ecebeec96dca06f
xj_ysl	2026100601	e71a93532aca96ef87f57804216d4339b52e725b1157d0c2141865a618f009da
xj_yudi	2026100601	c6a4c812070460be8e179b2265c87a8f961f695abb596677213f0baedce917fd
xj_yuechu	2026100601	9e5694188cb7947f2bb25e6b9e9ea298ff47fd24f0c7660d9a401d85fd04f099
xj_yunluo	2026100601	bccb9a6e29c954b790a171e69c74b227bda082271479a0e9ad194ec4463254aa
xj_yupei	2026100601	1bf9b191daf9dd09296871e9a11f9722f1d097c16f763c0c0f708871ef56543e
xj_yutufz	2026100601	8378bb87fbe0b891d81d36ae79c3ed5964af5f25a3d91f69d393bc962e6cb72d
xj_yutufz_2	2026100601	9dace7cc11c4426588ade05a8106debac3b1dd4363aab6732001e8d70ce2735c
xj_yutufz_3	2026100601	17c15e65bead19d99d85dc8f5f5e5ef6c00ff1835011d3c3670c6c669761e503
xj_yutugz	2026100601	61443abe9ae05c396471716bb609c51c80dd396107243ae87103951ce02a19bb
xj_yutugz_2	2026100601	d8e260df8cfa88d162e9b06e1fb29c55fe989f14392f3e0dc9bd08512438c786
xj_z1221	2026100601	d9a830367c6b3ca3abf22c748bd0ec16f225619c60c6a0eff519b64d7c74a613
xj_z2131	2026100601	d314004e11d394eeca59a66eca35667c4dfb8d12a042141c07e52684fc7e8bae
xj_z2151	2026100601	4487b8ad46f749bcc252bb8d6d30945954e8a9e2ed30fb1f1b546cef7535b545
xj_z2350	2026100601	03b5d659b8ba5f9a4e5dffc9aa8825136b5173cb1cab9a677b2edc843dc3f195
xj_z2352n	2026100601	d726f863f172d4d9986b52e7f182580b932af8abe13e4fcd606ee46e7cdbeee2
xj_z2353	2026100601	4b595392fa4cd4f9ced20ef3efb99e8e233737aa9a5620ec4342c485e00c932b
xj_z2356	2026100601	da817aad363066579a8053b25a6e50c102af204a1d4affef53b887815b43f27c
xj_z2455	2026100601	7806c40f414c604f2f53ac10cf9c6883dd69bce226afe2c2b320f10ea4d31823
xj_z2458	2026100601	b6ec7fb41e366f3235ab38c65f5b79ec95e3487528643c5b58b2b8eea4b13cab
xj_z2459	2026100601	608c578e55acb6c824ed26233021d33e2033fd635d977e60f68c7cdf74e2439b
xj_z2460	2026100601	948791bff79295009e2ac65a98477517199382f845fb23e78d2ea3c9a8efdc71
xj_z2461	2026100601	d4237cd2e02936e17f1eaa80d737e5f03258954606825a51247d40c450533bbc
xj_z2462n	2026100601	48fcc6daec686b6cd11bcf7afffb17c69a42ab939ba7883c1a6d3f4886638f21
xj_z2463n	2026100601	cee59b5078ec5ab74e3ee45317771b9cfc4d645dddb0234e0b209b6ad853d11e
xj_z2465n	2026100601	b1e7cf2fdda27ccb71e1109abedd70a9811d28af55cd09f7e5fb1d32e4f20a44
xj_z2467	2026100601	b0c4255256447c46da47cf140161d2a16c3190f3e2bd66821ee82da9b7804163
xj_z2468n	2026100601	be86e7822cc0a2e0e3c52dd481b0aeb0991c576573cbc0a1826241d9b9004525
xj_z2469n	2026100601	ef3e4ad1628ad1d1994fae1259dbe0a745064250186d9b6a3889e4a4975e9085
xj_z2473	2026100601	c997b46e323604d6e43c40f5d2f6349a5d1fce2b7eeb6c4677faf76dc379f3ee
xj_z2570n	2026100601	19b3bb8eb802f91bb7a09950e04cf57e497c4ce31b2d13b2bfac318ca5fa4ca4
xj_z2571n	2026100601	0b3dbcc996143d5b8cf27af5e13c105a1e0a8ec10e7c0e2094798fb96338255c
xj_z3q	2026100601	98f1db1efc20ef363159b5c1524e5c1d62d2d2572bd6a3cad61f0abc87a089f4
xj_z3s	2026100601	1a9896210529f5b5bd797c9ae205d4b88e90ea493e44746e9a09acb281306da3
xj_z6255ca	2026100601	1d0159ed928e4472192dc98a8d5e6dc70f82fa0a44c8d424de959050daffebc9
xj_z6305r	2026100601	e88496ad8cbd604c31d7a1f6031f3275f14b92fb01f838c84193d8031166b088
xj_z999	2026100601	399c8c8380a4bf3467030e0f734bcc25d505dc7c1248e87f2662f88a33eabc17
xj_za550kl	2026100601	df87c294555308991408f83e9fbf5cc6d7fa7c2928843892576e4d4245a61e3e
xj_zap	2026100601	671171ba5ddcdbcf6e338a84d3f82bada8f11b4f97914ce7c91d72600d77fcdb
xj_zb450kl	2026100601	7ebb682381a0e0edaf4828e82b8f0baaa5706a846c58a77be8a8e23647d9a5f3
xj_zb500kg	2026100601	99bdc9b23200a6acb4eb315997ce19d884c9934940db2bb9fcdc009616eb12fb
xj_zb500kl	2026100601	1d6391ba3aa1f62f15f28bf86da3a30b835b2772c230d9364f017b65c42f9a6f
xj_zb501kl	2026100601	1d0f70532190bc1305fc3211d52d571c8ab32bb0ccb7a71dc1afa7b0b606cb6f
xj_zb552kl	2026100601	5fef6fb427b77993a2216dba78294d03262d92a72ea573f917165ca8ce025b64
xj_zb55_kl	2026100601	f7570c2f8401bcb2f41721d427ad0d8e28ff756664c2ea76ddd0c3b03c404ec5
xj_zb570tl	2026100601	dd4fa93c34030c0a1235856b5fd73eca1485b499cdeab2f11d43b7cfa4292b82
xj_zb60_kl	2026100601	24bfee16cf7f5deb8eb2c937ff02919c84562ac632c43a1c17b3ad04c7ce6647
xj_zb631kl	2026100601	2ed207b4d6a710ff91f2c91b09e3b8c429706e8b0a487cce160b3e86820f5553
xj_zb633kl	2026100601	f8cab06dea8bb4cafccd8f90a1c3f6e83b7be5c6010ead194e3a672c37c8bbef
xj_zb690kg	2026100601	ecf7f0a8cb0f5f64c2a92cba6f2358275ab47dbc44928bf7dc2a6134734e1dfa
xj_zc451cg	2026100601	bbb03ddcfd55c9e1094179abab320536256735ba1773d97bbb171480a6b823c0
xj_zc500tg	2026100601	67ea651c13c9c6c276814ab0141a8da8ff92e2c9a8249c634d0de38a948df673
xj_zc520kl	2026100601	3b97c4ef554f6cf487833e921a70f0d4708b7711ffef9faaf3c24fdc37b8f037
xj_zc520tl	2026100601	c5e36af3ccd3c04e54274d278a3535eb141b6e7c472d44d07e0fe97d0395ee22
xj_zc521tl	2026100601	a3fb09f31d68c1082c3bc7d6a9fc0827ccfc3e3c9723a35e04aa046d09b862e2
xj_zc551kl	2026100601	94f8f483fcbbbf443f772ff2e7fda52a81d6714314e81088840865c53e54d9e1
xj_zc553kl	2026100601	ec0d83003c4946e1a48b68f50ace3f8a4cb5943645c7e389ff2bf69972947843
xj_zc554kl	2026100601	5c11fa70d830969b3ccd08861c9639fee08bcef731d1118a7d74baead280e1b3
xj_zc600kl	2026100601	6f4b19becee9aabd2e9854d3953c83eb3fec01d805139901cf2b2cc9f3667de5
xj_zd551kl	2026100601	2b629c013808f6dd8d54ee54b34f7d2eb962853e2cc9b9f1da00c623efea8cc3
xj_zd552kl	2026100601	6092ccb36cf609f52b40e0348427c6b63b157c3e49ec4351cc152a91ef36b3b8
xj_zd553kl	2026100601	4bdb6f685d2d975da9a619005ba2a770b66281498df58aa2e6869c0a0adc9cab
xj_ze500cl	2026100601	9747cf3d2987feffe731a099ab5cf6e8ddb505a194a94afc78aef4688d858ba1
xj_ze500kl	2026100601	e851c0bc70503790dca97b546b5e9484b76ee5084d9f0f0f6616940a2ce75ecd
xj_ze520kl	2026100601	1c232d1e97e209130a2ac74383ae22a3d6e9c2d874e612cafea8be95471f4c5e
xj_ze550kl	2026100601	b86960ffc82747e157097b3f0cc18a7b7bc201b97fa8743270f3cd0a505c77bf
xj_ze550ml	2026100601	d901053791b520556df1d58ecec602d0a1a4a5a5be06c27f3ceffe068558b11a
xj_ze551ml	2026100601	ac1a57620fc3f11af16a64387931369dd8dfa3a89507655b567d8b2d7b467fe6
xj_ze551ml_2	2026100601	644d9ebdfac7c2a21cf19c6a7d9e8f857c404c413750c63dd5f38d0d5727a6ab
xj_ze552kl	2026100601	456d8bf4c0a775137994b6851cd64a1a1fdb8249b91952c0ee156185b2f8a8b4
xj_ze553kl	2026100601	92fd3cb67aeecd1ab303e41f6724e1e67d9bb000d10ea569800fae6f1ef3d7eb
xj_ze554kl	2026100601	3f2c1769f6f752d38a22c045704cdc32cec8cffac528455a3b231b3388902697
xj_ze600kl	2026100601	abd37f3130e2eb68661143421189359b3ca5c0a44165fa38e72d5ec204f00154
xj_ze601kl	2026100601	43d849028c268c4a3d048ac4a1aec459074e2248097d7e0d0cc4bd55ed011ed6
xj_ze620kl	2026100601	4db50419df7ad99c4c69b5ef57bfd77aabd55c80f91eb44eb600a1ee524f1dfd
xj_zeekr	2026100601	0e80e9c32ee50bd076aedf36b3a9c83ce08fc841f3302de8f600c89c1b29acac
xj_zenith	2026100601	24effb9d14b405116ce9b7b3f98e1f9888e160179eded16457a4cd025189dd8b
xj_zenltechn	2026100601	6ce5a818284898ad86d44b7d2b9ba66849dec3fada02064eaf4a7e683aeccc49
xj_zephyr	2026100601	ce77634f04e766dff664bcb352476245a8a8c152e17110b964a2506a00f25f1d
xj_zerofltechn	2026100601	1626625abc1507b7d4a02f6fcd15107714f15d0384e55575fcc09e99cf9c08ef
xj_zerofltectc	2026100601	59542ad9c9b704ff010935d5d93b5375b8e960edad53f33520e60e348a42d7fa
xj_zeroltechn	2026100601	44c326a515012958c7c225cb68a53949d8e9f6321d953d91bc343c825eca10a7
xj_zeus	2026100601	02a0f98894d8bbad2b18edd51f2d53dbbe911b222cafe8bc5b9e5b86c751ff4b
xj_zeus_2	2026100601	a8cec80341040450f58c7e6513583974b0ef330c4231170487fae1129514ce58
xj_zhaoyun-o	2026100601	0aa65820f45a30db702789de2004a8252cf06ae973614b8d2798ac22db0d8a18
xj_zhiyu	2026100601	7ab06ea799a4b4af693413c3e202a8cc96e835503908f9820e26a7f4ef45b57d
xj_zhufeng	2026100601	76b490f2b79b8fb7ae58914a96f604f6734dbcede85937cd8c59f97e26ecfdf3
xj_zhujiang	2026100601	0a304977ba212a3e8852412ace472af5d411d0ef07520e353e3ea1f6f0ae6d4a
xj_zhuque-c1	2026100601	6258e7132402ec209b2033c3f174fc674113cb44a07e2add16c66bb6515e3d51
xj_zhuque-c2	2026100601	595228b1fc8c05d8b248f903901f028bdbb23caf321bfd27c061e05534f56d69
xj_zhuque-s1	2026100601	c70d2f6856889792bda6d5ee896c0c3c230da138570c60d2ad5b336b513a3181
xj_zhuque-s2	2026100601	bb020df3cf687b47406608b2610409e6109a541d7d62dfddf3fd92768e597300
xj_zhuque-s3	2026100601	c1f53bc05125da8d7e8160ed9dd9a486ba415b6cd92dae8bc8c29a9d32df59b1
xj_zijin	2026100601	5c0722b1409dae5063dc2bb1d49a80e1f31b95d79b7d5d46c0bf8310993eb731
xj_zippo	2026100601	8a1dbeba6aba8d6f77071e583d11740d85e60458eb81e2634a6d9fe31c694c6e
xj_zircon	2026100601	3b3c5b00bde13e7cfbd66b1d9682f5b16706ce78e1e865a6be99850451114702
xj_ziti	2026100601	8096a096f659835ad129a845d5f58954cca258ddda79aa5e1648cc1ef2026429
xj_ziti_2	2026100601	9255ab03cb71917e2656d6069d96115073196ca1736dea129a9d1d8b4efbece0
xj_ziyi	2026100601	b937d40f685957af10092ecc64a98727cd37a4853861d6e8313b3e427f085364
xj_ziyi_2	2026100601	5f178faa70eab90c4a166288cf38237a532ca511870b6cba322c6cd7bdd7f731
xj_zizhan	2026100601	8f7b7cf8e8068911fe0a6ef14e236bec8af3ed92460eac00623948a0d0e72761
xj_zodiac	2026100601	71296f74fa93c4e9193ac98d3f7503455d907cecb44b5f0f28912ec39e875ffb
xj_zoe	2026100601	2f86bfe540571f21f55f09f63414e286a6cb67a3f14391442629966167320826
xj_zonda-b	2026100601	d0b2f28a333961aee5fdece6d0863e268183eecfcb91a1a247efbd5cc7263dca
xj_zorn	2026100601	c1223d3670db6eeadf404c82a91bded7a591d221acd4c036161e565ddd66471d
xj_zorn_2	2026100601	ef672356c3d58fa7464f112164c1daea45ef23ebdf997a9858f14cacb6ef79c7
xj_zs550kl	2026100601	6b9ab335f7b9085b9040ff6d22457a85467201076d14910bf6f33e4e5be7ffeb
xj_zs551kl	2026100601	250c746877e406c14ed7483eef305fb067a2bfe4ee204e8f25dac60ffed7de27
xj_zs570kl	2026100601	de0cfc35cad7766bbbf8a5b7810712d40d49d9691c515f5ca2ab7a2cf420af92
xj_zs571kl	2026100601	851536557897e2a934b619005d56334fffab77cb66ede9e80be97f2d6fcffbbb
xj_zs590ks	2026100601	de2206ef405464f46f2ab22350537c4c427c4a2b5192924a66595166c6cb4fa3
xj_zs600kl	2026100601	f662c30ca2cbe7461a52f6270cfb7064badbb56f4bac60d1e1a7fe7215997ecd
xj_zs620kl	2026100601	02250e459fb9b1facedb1b45ca2aa6a9a6fe36af0cc6847fbe6b580f1072ee88
xj_zs630kl	2026100601	a2c6a77fb8a27a826390d1aece407246dd5d0da7378029a60d51759b05aa8b32
xj_zs661ks	2026100601	834e0920514bc06a05b33777152b1ee2e83a6f3a56a6d06b01c6d8367ab77393
xj_zs670ks	2026100601	db1efd531a0586ec9b5dfcc629997eb43d3e542ee7de3b865658b6087a6216f1
xj_zs671ks	2026100601	b06f298cd80435b872aee4fb4df39b6fd7a463813659feadacb9c6c16ff8f897
xj_zs672ks	2026100601	1806daf190a7dec9227157c36982458a3e43da51c33c55dfe6238e806ecd0a07
xj_zs673ks	2026100601	020912965d6e7006c8382f830b4647783612192082f221604b6d199ae0a457c4
xj_zs676ks	2026100601	1e1fbe36ee40be1d1eb102b53ad9128a51186f196da25b39d5c36d4b16c94321
xj_zte_1010l	2026100601	f0240af929a5dfb2dcc972a0241543cac1544837a255c19fb80583b5eb961b9f
xj_zte_1021l	2026100601	cab864cbb6d860a2592835ada7803da0e592f8e1c1030c83e007e2443432ae40
xj_zte_7530n	2026100601	a2598a785c2d380d2fab52b23ee8c0fb6e9e05c3f1f6b4301410e120820b56c1
xj_zte_7531n	2026100601	84297363eb319366c7a6dd941c1cbe718f2fc648cf196825765f19e2b55c9a0b
xj_zte_7532n	2026100601	36d91139b28871d2ef6c1b32337a45002e0f9af9a543be496b16f61820c387ce
xj_zte_7534n	2026100601	d950e4b4de7d5748d952de81d783bf18ea011dc766b6aaabdeafb4f133ab3be2
xj_zte_7541n	2026100601	0bd2d03336f653a0ca31fd5ce0c369120aa9a04755a7233a3529310f4ef1c5a1
xj_zte_7542n	2026100601	df45d4db113f0edf1f6541892d4ebc0bf2c523b6902905b809faedb9ca8cf291
xj_zte_7543n	2026100601	ba76be4128b16a8252eee4c27bd2eddfc77385ee8ede2d2685230b049d8c445e
xj_zte_7546n	2026100601	23d66085ffcf1e981fae00704eda06fca09c31709f1df9adf1b30e38757a587c
xj_zte_7551n	2026100601	d5061c9b0009e46e6b837512abad6fb950eaf5860e4c64a16112e9ae9fbdb528
xj_zte_7552n	2026100601	a528f2c4a3a4221372ba089e3a965b24eac56e07bfee1654a5e8f07c2b55b934
xj_zte_7553n	2026100601	475a62749e6fb51e8e6de677015e6fa4d2d4657b752ce910a000786e06a60067
xj_zte_7561n	2026100601	e36be35dba4ada8b960690fb3b85c294067962bd5795618d462adcc6404723de
xj_zte_7661n	2026100601	9dfc1c60d0c070490f1875ca9dd157202da94eabf8c2ce0608cad212b8ef8c06
xj_zte_7671n	2026100601	870a423a475ff1a373f8df60537d5ef6b504d87bb009bada08130e8ad4ba3454
xj_zte_7672n	2026100601	5e91b3b16d95fb1620367ce165101fd4130e414e5ef1a1e213d35def3d87f13a
xj_zte_8010	2026100601	a51617fbfcf551565add6017dc7d4b698c1594898da8ff59cecd897b8e17a5dc
xj_zte_8012n	2026100601	ae133ac27c7b1a734f33ea5f459a00382c9ab85df2c12113bf23103ae90230ed
xj_zte_8012n_2	2026100601	f65dcd9ee43084250db7340a210bc18d5fd4dd20a34dd0d370c13b832fe3fbaa
xj_zte_8030n	2026100601	652de76b43e81e39fa80136630ae498fd472412893999a6c8d92c8d221a5e431
xj_zte_8031	2026100601	3b59672027f008bcb2f910f1f8362f63c907f27e38928c452556c0759bd1990d
xj_zte_8040n	2026100601	400c97546bbf34f518117c06d0ae9f5dffc6aec961dfd10ab06acda2c74f5259
xj_zte_9000n	2026100601	a4e42a2c64e531fb12d73fa8dab1baac62ec0d940ce7c62d728c15d2709d7105
xj_zte_9000n_2	2026100601	5199a4ff7703b86cb6c3825a3f8735e448ffafd435912cdf25ffb53a0926389b
xj_zte_9030n	2026100601	be33c6ca3b67c18e6298f00baac5124054398011c327b5aed8e7450b7d281b7f
xj_zte_9040n	2026100601	30b52bffa94a928621171f2e7a02e2325a53481cd34a83a5d684ffe1ffc2f3df
xj_zte_9041n	2026100601	c3a5b746815382537ef9449b0314388b34e317d39b47679d5118c4be44c5c3dd
xj_zte_9041n_2	2026100601	cc740aa7cd1385f5d8e34541ad991515f3b09fb679e1abd511d5446ed3d9861c
xj_zte_9042n	2026100601	7ad58ebefd97a53e1d824de905e61e892d0eb327d8a907d8d0781916a2ab5d69
xj_zte_9043n	2026100601	d058dea9a71d4994bea6c70eda24848ded1e31680d7ba0af02f958fe75168744
xj_zte_a0616	2026100601	a1292b6af6c4aec68454fd2efdf5e58273315c2e86316fe6b86133a9a398e17b
xj_zte_a0620	2026100601	78cf00e7e753838fa0896af75f34d5cf20868dc8ce25c360d65879746d3ab3ff
xj_zte_a0722	2026100601	ba5723ec10163bdec6cd595fb52a8860f4b2c99eab37342706d70edb31fd5f9d
xj_zte_a2017	2026100601	1e915375c894c46e78ce577ac0d57e63429982da0f80d4b08f54ae20305bc786
xj_zte_a2018	2026100601	c8b6aa6fbb0d0e5e9a64928facd5f7833931a510bf92db242a3868c132ff0757
xj_zte_a2019_pro	2026100601	f82f1f8ca47d65bb8ae6b898afa3329b114e06dd888b4bbb5e1adbbf387a3108
xj_zte_a2020_pro	2026100601	5a335d5bcc7a8cfc9777f68c1f6bc7eef7e06e5c94253d84938fde7e9a37b3e4
xj_zte_a2020_sp	2026100601	6e4bb250be902c5fd17b80db214854613e0a8812dbcfa2aaf95fecbd191a667a
xj_zte_a2021	2026100601	b0227c911fd0f54f0c0c4a03c0494c333f84ccecf07343c4bae27b110c9ea3ce
xj_zte_a2022	2026100601	45e128097a3eea855e25304e81a51e9b683d1f7affabba33f5664c46e0e43547
xj_zte_a2022h	2026100601	075c7991bc952db07cd2d97ec9d926f27ed7858003b357dbc43951d2ede9c5ea
xj_zte_a2022p	2026100601	223d1660f535f9360e38e12926dd98d2e03bcb437158175dc284b3b8e9c29831
xj_zte_a2022p_2	2026100601	03580bf5c0c7a624a5a1d20c1c9cc7c1c8eb619b52a0ec3d4a266516af3af4c8
xj_zte_a2023	2026100601	a58617a90a98350003a16088f98cb76f347eec229ca6accd329573e0a51fafcc
xj_zte_a2023_2	2026100601	682caade5c15aae306960d318fe80acbbb002b554f4554af50c9cac10757346c
xj_zte_a2023bh	2026100601	bbf5a6a9c7ec241d2668d2983d8474eb29f302821633bad77f60d55a6a885b40
xj_zte_a2023h	2026100601	854c22d06458afc50cb7567c2c6a1494322169d3c0a557a2de4fe9b3ddeface5
xj_zte_a2023p	2026100601	19d10b8aa57ab054197b97c239b52f160ee15991458ac1a76a24296ab303ba95
xj_zte_a2023p_2	2026100601	e81a2ec4da2b2d39001bcd23f83364d19679d27f941d8e46df3e5a99432ccaa8
xj_zte_a2024h	2026100601	85abf2a1d22c38ce05508707619d0710d37b21fa7c24ad638745dec76e503d66
xj_zte_a2025hl	2026100601	f793a14003f75c2d4655646fcf6dbc6f78cce08c164fe1617e361ee53f74b036
xj_zte_a2121	2026100601	fc93765ee1e6cc2f3d50e852aeea0cfcaead48918a04ce76727bde98aecf3a82
xj_zte_a2122h	2026100601	ad9bc70c5cc5e8266f19609e8af64860f2aeb7442bfdd7c3cd7d45a6567cd804
xj_zte_a2122h_2	2026100601	bc5ec262e8a228a1c6c1365311126246998c31bba21ec13eb59f7129b2f9a161
xj_zte_a2322	2026100601	47538acfc91f395c72e5957c80a81473ae64125b9d1bb0e9ad5734034365dff5
xj_zte_a7000	2026100601	6bad91f196f2e1f44cfc7806d22b2169531a35f56e5d26eab20f4a30af2b77b9
xj_zte_a7010	2026100601	5bf7f575cd3088089a9a40f4f71cdbda818534d350303c6648826c078723fcca
xj_zte_bv0701	2026100601	04bb3a20bf65cc2b56efe93dd6e808f05ab868d2dfc3da86af4f1badd69919b8
xj_zte_bv0730	2026100601	61c05e0a7402479db6c2ffd23b6d5b2e4a0ea770e7693e3aaf5f39c50269b78e
xj_zte_bv0800	2026100601	6bc7ca9bb2a0e68cb238813488e7885d94f71a985f93a53583cf48866f8ffd44
xj_zte_bv0850	2026100601	41ab9f3c2ce8333686182149101bc8d82d174f37884624f150d1627dfd19c897
xj_zte_c2017	2026100601	4d3548c209144a5835f18acdeb5e7fa010b1fdd2f13d783aec1e7c156d64d214
xj_zte_pa01	2026100601	ddfb29851e74414ae85a8dceeb89c9d03af250199911db666feb76ecc5b7a725
xj_zte_v0721	2026100601	93682aac320cc73655110ac999c738a0bf82affab1e8240311f78626f3b90dbe
xj_zte_v0840	2026100601	d8a85ac4ad94a0ccfbeaf2f518fe689cb8a285590dfe7945db712907d2da64d2
xj_zte_v0900	2026100601	bf92ecdb90e21099de722696494a8733336b285e0df43b0494326682a5a6d619
xj_zte_v0920	2026100601	615bd2d1978fee45ed316cb245428cb8cea946a4430c1fd3d8bbd667069f2693
xj_zte_v1000	2026100601	5fd8cc8563d0ef72ca20fb1e46b81d4a5a2e9147cecb8a21b25d89873fac96c7
xj_zte_v1050	2026100601	86dc9523dfb450afb6ac681bf3d4391a97cc1108ec32cf808f8773285e7050de
xj_zu680kl	2026100601	6b5905e34d0c75aa25ea80c5ca1e7950c912cb0da9c5a84b61d2f7a3796e9dde
xj_zx551ml	2026100601	e9c44b4e30feda1afac72e22d319523a536637230e399439c04aeec1472a610a
